조회권역코드,조회권역명,수집일시_UTC,dcls_month,fin_co_no,kor_co_nm,fin_prdt_cd,fin_prdt_nm,join_way,mtrt_int,spcl_cnd,join_deny,join_member,etc_note,max_limit,dcls_strt_day,dcls_end_day,fin_co_subm_day,intr_rate_type,intr_rate_type_nm,rsrv_type,rsrv_type_nm,save_trm,intr_rate,intr_rate2
020000,은행,2026-08-31T05:51:56+00:00,202608,0010024,경남은행,21001199,BNK 위더스자유적금,"영업점,인터넷,스마트폰,기타","만기후 1개월 이내: 일반정기예금 기본이율의 50%
만기후 1개월 초과: 일반정기예금 기본이율의 20%","①ESG 실천 우대금리 1.00%
②신규고객 우대금리 1.00%
- 당행 1년 이내예적금(청약포함)신규해지 이력미보유
③마케팅동의우대금리 0.50%",1,실명의 개인 및 개인사업자,"1.계약기간은 1개월 이상 36개월 이하 월단위로 한다.
2..1인 1계좌로 가입가능
2.매월 최소 1만원 이상, 최고 월 100만원 이하 (천원 단위)",1000000,20260820,99991231,202608201143,S,단리,F,자유적립식,1,1.45,3.95
020000,은행,2026-08-31T05:51:56+00:00,202608,0010024,경남은행,21001199,BNK 위더스자유적금,"영업점,인터넷,스마트폰,기타","만기후 1개월 이내: 일반정기예금 기본이율의 50%
만기후 1개월 초과: 일반정기예금 기본이율의 20%","①ESG 실천 우대금리 1.00%
②신규고객 우대금리 1.00%
- 당행 1년 이내예적금(청약포함)신규해지 이력미보유
③마케팅동의우대금리 0.50%",1,실명의 개인 및 개인사업자,"1.계약기간은 1개월 이상 36개월 이하 월단위로 한다.
2..1인 1계좌로 가입가능
2.매월 최소 1만원 이상, 최고 월 100만원 이하 (천원 단위)",1000000,20260820,99991231,202608201143,S,단리,F,자유적립식,6,2,4.5
020000,은행,2026-08-31T05:51:56+00:00,202608,0010024,경남은행,21001199,BNK 위더스자유적금,"영업점,인터넷,스마트폰,기타","만기후 1개월 이내: 일반정기예금 기본이율의 50%
만기후 1개월 초과: 일반정기예금 기본이율의 20%","①ESG 실천 우대금리 1.00%
②신규고객 우대금리 1.00%
- 당행 1년 이내예적금(청약포함)신규해지 이력미보유
③마케팅동의우대금리 0.50%",1,실명의 개인 및 개인사업자,"1.계약기간은 1개월 이상 36개월 이하 월단위로 한다.
2..1인 1계좌로 가입가능
2.매월 최소 1만원 이상, 최고 월 100만원 이하 (천원 단위)",1000000,20260820,99991231,202608201143,S,단리,F,자유적립식,12,2.3,4.8
020000,은행,2026-08-31T05:51:56+00:00,202608,0010024,경남은행,21001199,BNK 위더스자유적금,"영업점,인터넷,스마트폰,기타","만기후 1개월 이내: 일반정기예금 기본이율의 50%
만기후 1개월 초과: 일반정기예금 기본이율의 20%","①ESG 실천 우대금리 1.00%
②신규고객 우대금리 1.00%
- 당행 1년 이내예적금(청약포함)신규해지 이력미보유
③마케팅동의우대금리 0.50%",1,실명의 개인 및 개인사업자,"1.계약기간은 1개월 이상 36개월 이하 월단위로 한다.
2..1인 1계좌로 가입가능
2.매월 최소 1만원 이상, 최고 월 100만원 이하 (천원 단위)",1000000,20260820,99991231,202608201143,S,단리,F,자유적립식,24,2.3,4.8
020000,은행,2026-08-31T05:51:56+00:00,202608,0010024,경남은행,21001199,BNK 위더스자유적금,"영업점,인터넷,스마트폰,기타","만기후 1개월 이내: 일반정기예금 기본이율의 50%
만기후 1개월 초과: 일반정기예금 기본이율의 20%","①ESG 실천 우대금리 1.00%
②신규고객 우대금리 1.00%
- 당행 1년 이내예적금(청약포함)신규해지 이력미보유
③마케팅동의우대금리 0.50%",1,실명의 개인 및 개인사업자,"1.계약기간은 1개월 이상 36개월 이하 월단위로 한다.
2..1인 1계좌로 가입가능
2.매월 최소 1만원 이상, 최고 월 100만원 이하 (천원 단위)",1000000,20260820,99991231,202608201143,S,단리,F,자유적립식,36,2.3,4.8
020000,은행,2026-08-31T05:51:56+00:00,202608,0010024,경남은행,21001116,BNK더조은자유적금,"인터넷,스마트폰","만기후 1개월 이내: 일반정기예금 기본이율의 50%
만기후 1개월 초과: 일반정기예금 기본이율의 20%","①오픈뱅킹서비스 가입 0.10%(만기까지 유지)
②당행 입출금통장에서 자동이체시 입금건별 0.10%
③이 상품 신규시 금리우대쿠폰을 등록할 경우 0.30%
④마케팅동의 0.20%",1,"거래대상자는 제한을 두지 아니한다. 다만, 국가 및 지방자치단체는 이 예금을 거래할 수 없다.","1. 계약기간은 6개월 이상 2년 이내 월단위로 한다.
2. 초입금 1만원 이상 월별 500만원 이내에서 자유롭게 저축
3. 최대 저축횟수는 999회 이내",5000000,20260820,99991231,202608201143,S,단리,F,자유적립식,6,3.1,3.8
020000,은행,2026-08-31T05:51:56+00:00,202608,0010024,경남은행,21001116,BNK더조은자유적금,"인터넷,스마트폰","만기후 1개월 이내: 일반정기예금 기본이율의 50%
만기후 1개월 초과: 일반정기예금 기본이율의 20%","①오픈뱅킹서비스 가입 0.10%(만기까지 유지)
②당행 입출금통장에서 자동이체시 입금건별 0.10%
③이 상품 신규시 금리우대쿠폰을 등록할 경우 0.30%
④마케팅동의 0.20%",1,"거래대상자는 제한을 두지 아니한다. 다만, 국가 및 지방자치단체는 이 예금을 거래할 수 없다.","1. 계약기간은 6개월 이상 2년 이내 월단위로 한다.
2. 초입금 1만원 이상 월별 500만원 이내에서 자유롭게 저축
3. 최대 저축횟수는 999회 이내",5000000,20260820,99991231,202608201143,S,단리,F,자유적립식,12,3.2,3.9
020000,은행,2026-08-31T05:51:56+00:00,202608,0010024,경남은행,21001116,BNK더조은자유적금,"인터넷,스마트폰","만기후 1개월 이내: 일반정기예금 기본이율의 50%
만기후 1개월 초과: 일반정기예금 기본이율의 20%","①오픈뱅킹서비스 가입 0.10%(만기까지 유지)
②당행 입출금통장에서 자동이체시 입금건별 0.10%
③이 상품 신규시 금리우대쿠폰을 등록할 경우 0.30%
④마케팅동의 0.20%",1,"거래대상자는 제한을 두지 아니한다. 다만, 국가 및 지방자치단체는 이 예금을 거래할 수 없다.","1. 계약기간은 6개월 이상 2년 이내 월단위로 한다.
2. 초입금 1만원 이상 월별 500만원 이내에서 자유롭게 저축
3. 최대 저축횟수는 999회 이내",5000000,20260820,99991231,202608201143,S,단리,F,자유적립식,24,3.2,3.9
020000,은행,2026-08-31T05:51:56+00:00,202608,0010024,경남은행,21001259,오늘도세이브적금,"인터넷,스마트폰,기타","만기후 1개월 이내: 일반정기예금 기본이율의 50%
만기후 1개월 초과: 일반정기예금 기본이율의 20%","①마케팅동의 0.25%
②목돈마련 축하이율 0.50~1.50%",1,실명의 개인 및 개인사업자,"1. 계약기간은 3개월 이상 6개월 이내 월단위로 한다.
2. 초입금 일 1천원 이상 10만원 이하 자유롭게 저축
3. 최대 저축횟수는 999회 이내",100000,20260820,20261231,202608201143,S,단리,F,자유적립식,3,2.75,4.5
020000,은행,2026-08-31T05:51:56+00:00,202608,0010024,경남은행,21001259,오늘도세이브적금,"인터넷,스마트폰,기타","만기후 1개월 이내: 일반정기예금 기본이율의 50%
만기후 1개월 초과: 일반정기예금 기본이율의 20%","①마케팅동의 0.25%
②목돈마련 축하이율 0.50~1.50%",1,실명의 개인 및 개인사업자,"1. 계약기간은 3개월 이상 6개월 이내 월단위로 한다.
2. 초입금 일 1천원 이상 10만원 이하 자유롭게 저축
3. 최대 저축횟수는 999회 이내",100000,20260820,20261231,202608201143,S,단리,F,자유적립식,6,2.75,4.5
020000,은행,2026-08-31T05:51:56+00:00,202608,0010024,경남은행,21001292,"오면우대! 하면우대!
정기적금","영업점,인터넷,스마트폰","만기후 1개월 이내: 일반정기예금 기본이율의 50%
만기후 1개월 초과: 일반정기예금 기본이율의 20%","신규고객
①적금가입시3.0%
②상품가입 전 마케팅동의시0.1%
③이 적금 신규월 포함 3개월 동안 10만원 이상 경남은행 카드 대금결제시2.0%
기존고객
①급여 또는 연금입금시1.5%
②공과금 자동이체시 2.0%
③경남은행 카드이용시(8회이상&10만원이상 카드대금 결제보유)1.5%
④상품가입 전 마케팅동의시0.1%",1,실명의 개인,"1.계악기간은 1년제로 한다.
2. 적립금액은 매월 10만원이상, 50만원 이하(1만원 이상)",500000,20260820,99991231,202608201143,S,단리,S,정액적립식,12,1.9,7
020000,은행,2026-08-31T05:51:56+00:00,202608,0010024,경남은행,21001236,주거래 프리미엄 적금,"영업점,인터넷,스마트폰","만기후 1개월 이내: 일반정기예금 기본이율의 50%
만기후 1개월 초과: 일반정기예금 기본이율의 20%","①주거래우대 0.5%
②공과금 자동이체 0.4~0.6%
③신규고객 0.2%
④주택청약종합저축 보유 0.1%
⑤ 전자명함을 통한 신규 시 0.2%",1,실명의 개인 및 개인사업자,"1.계악기간은 1년제, 2년제, 3년제로 한다.
2. 적립금액은 매월 1만원이상, 최고금액은 제한없음",999999999,20260820,99991231,202608201143,S,단리,S,정액적립식,12,2.7,4.3
020000,은행,2026-08-31T05:51:56+00:00,202608,0010024,경남은행,21001236,주거래 프리미엄 적금,"영업점,인터넷,스마트폰","만기후 1개월 이내: 일반정기예금 기본이율의 50%
만기후 1개월 초과: 일반정기예금 기본이율의 20%","①주거래우대 0.5%
②공과금 자동이체 0.4~0.6%
③신규고객 0.2%
④주택청약종합저축 보유 0.1%
⑤ 전자명함을 통한 신규 시 0.2%",1,실명의 개인 및 개인사업자,"1.계악기간은 1년제, 2년제, 3년제로 한다.
2. 적립금액은 매월 1만원이상, 최고금액은 제한없음",999999999,20260820,99991231,202608201143,S,단리,S,정액적립식,24,2.55,4.15
020000,은행,2026-08-31T05:51:56+00:00,202608,0010024,경남은행,21001236,주거래 프리미엄 적금,"영업점,인터넷,스마트폰","만기후 1개월 이내: 일반정기예금 기본이율의 50%
만기후 1개월 초과: 일반정기예금 기본이율의 20%","①주거래우대 0.5%
②공과금 자동이체 0.4~0.6%
③신규고객 0.2%
④주택청약종합저축 보유 0.1%
⑤ 전자명함을 통한 신규 시 0.2%",1,실명의 개인 및 개인사업자,"1.계악기간은 1년제, 2년제, 3년제로 한다.
2. 적립금액은 매월 1만원이상, 최고금액은 제한없음",999999999,20260820,99991231,202608201143,S,단리,S,정액적립식,36,2.55,4.15
020000,은행,2026-08-31T05:51:56+00:00,202608,0010024,경남은행,21000111,행복 DREAM 적금,"영업점,인터넷,스마트폰","만기후 1개월 이내: 일반정기예금 기본이율의 50%
만기후 1개월 초과: 일반정기예금 기본이율의 20%","①신규일로부터 6개월전까지 당행 적금 미보유 0.2%
②월부금이 50만원 이상인 경우 0.2%
③이 예금을 자동이체로 납입하는 경우 0.2%
④신규일로부터 익월 말일까지 신용(체크)카드를 최초로 발급하고 동 기간내에 10만원이상 이용실적이 있는경우 0.2%
⑤이 예금 가입전 경남은행 마케팅동의가 되어있는경우 0.2%",1,실명의 개인 및 개인사업자,"1. 계약기간은 1년 이상 3년 이하 월단위로 한다.
2. 적립금액은 5만원 이상, 최고금액은 제한없음",999999999,20260820,99991231,202608201143,S,단리,S,정액적립식,12,2.9,3.9
020000,은행,2026-08-31T05:51:56+00:00,202608,0010024,경남은행,21000111,행복 DREAM 적금,"영업점,인터넷,스마트폰","만기후 1개월 이내: 일반정기예금 기본이율의 50%
만기후 1개월 초과: 일반정기예금 기본이율의 20%","①신규일로부터 6개월전까지 당행 적금 미보유 0.2%
②월부금이 50만원 이상인 경우 0.2%
③이 예금을 자동이체로 납입하는 경우 0.2%
④신규일로부터 익월 말일까지 신용(체크)카드를 최초로 발급하고 동 기간내에 10만원이상 이용실적이 있는경우 0.2%
⑤이 예금 가입전 경남은행 마케팅동의가 되어있는경우 0.2%",1,실명의 개인 및 개인사업자,"1. 계약기간은 1년 이상 3년 이하 월단위로 한다.
2. 적립금액은 5만원 이상, 최고금액은 제한없음",999999999,20260820,99991231,202608201143,S,단리,S,정액적립식,24,2.8,3.8
020000,은행,2026-08-31T05:51:56+00:00,202608,0010024,경남은행,21000111,행복 DREAM 적금,"영업점,인터넷,스마트폰","만기후 1개월 이내: 일반정기예금 기본이율의 50%
만기후 1개월 초과: 일반정기예금 기본이율의 20%","①신규일로부터 6개월전까지 당행 적금 미보유 0.2%
②월부금이 50만원 이상인 경우 0.2%
③이 예금을 자동이체로 납입하는 경우 0.2%
④신규일로부터 익월 말일까지 신용(체크)카드를 최초로 발급하고 동 기간내에 10만원이상 이용실적이 있는경우 0.2%
⑤이 예금 가입전 경남은행 마케팅동의가 되어있는경우 0.2%",1,실명의 개인 및 개인사업자,"1. 계약기간은 1년 이상 3년 이하 월단위로 한다.
2. 적립금액은 5만원 이상, 최고금액은 제한없음",999999999,20260820,99991231,202608201143,S,단리,S,정액적립식,36,2.8,3.8
020000,은행,2026-08-31T05:51:56+00:00,202608,0010019,광주은행,TD11330031000,VIP플러스적금,"영업점,인터넷,스마트폰","*만기후 1개월 이내: 만기일 당시 최초 가입 기간별 고시금리의 1/2 
*만기후 1개월 초과: 0.1%","▶ 최고우대금리 0.50%p  
①이 예금가입시 VIP고객이거나 가입일 이후부터 만기일전일까지 VIP고객에 선정된 경험이 있는 경우 : 0.3%p 
②이 예금 가입일에 정기예금 500만원이상(만기 1년이상) 가입하고 만기일 전일까지 유지한 경우 : 0.2%p",1,실명의 개인,"1. 가입기간 : 1년제
2. 가입금액 : 월10만원 이상 5백만원 이하 (1인1계좌)",5000000,20260820,,202608201410,S,단리,F,자유적립식,12,2.2,2.7
020000,은행,2026-08-31T05:51:56+00:00,202608,0010019,광주은행,TD11330031000,VIP플러스적금,"영업점,인터넷,스마트폰","*만기후 1개월 이내: 만기일 당시 최초 가입 기간별 고시금리의 1/2 
*만기후 1개월 초과: 0.1%","▶ 최고우대금리 0.50%p  
①이 예금가입시 VIP고객이거나 가입일 이후부터 만기일전일까지 VIP고객에 선정된 경험이 있는 경우 : 0.3%p 
②이 예금 가입일에 정기예금 500만원이상(만기 1년이상) 가입하고 만기일 전일까지 유지한 경우 : 0.2%p",1,실명의 개인,"1. 가입기간 : 1년제
2. 가입금액 : 월10만원 이상 5백만원 이하 (1인1계좌)",5000000,20260820,,202608201410,S,단리,S,정액적립식,12,2.4,2.9
020000,은행,2026-08-31T05:51:56+00:00,202608,0010019,광주은행,TD11330030000,여행스케치_남도투어적금,"영업점,스마트폰","만기후 1개월 이내: 만기일 당시 최초 가입 기간별 고시금리의 1/2 
만기후 1개월 초과: 0.1%","▶ 최고우대금리 1.9%p 
①예금가입일~만기일전일까지 당행이선정한 전라남도 관광지 방문 인증시 : 최고 1.5%p
②신용(체크)카드사용실적300만원이상:최고 0.3%p
③개인(신용)정보 동의: 0.1%p",1,만14세이상 개인 및 개인사업자,"1. 가입기간 :12개월제,18개월제
2. 가입금액 : 월 5만원 이상 1백만원 이하 (1인1계좌)
※ 18개월 정액식 기본금리 3.3%, 최고금리 5.2%",1000000,20260820,,202608201410,S,단리,F,자유적립식,12,2,3.9
020000,은행,2026-08-31T05:51:56+00:00,202608,0010019,광주은행,TD11330030000,여행스케치_남도투어적금,"영업점,스마트폰","만기후 1개월 이내: 만기일 당시 최초 가입 기간별 고시금리의 1/2 
만기후 1개월 초과: 0.1%","▶ 최고우대금리 1.9%p 
①예금가입일~만기일전일까지 당행이선정한 전라남도 관광지 방문 인증시 : 최고 1.5%p
②신용(체크)카드사용실적300만원이상:최고 0.3%p
③개인(신용)정보 동의: 0.1%p",1,만14세이상 개인 및 개인사업자,"1. 가입기간 :12개월제,18개월제
2. 가입금액 : 월 5만원 이상 1백만원 이하 (1인1계좌)
※ 18개월 정액식 기본금리 3.3%, 최고금리 5.2%",1000000,20260820,,202608201410,S,단리,S,정액적립식,12,2.2,4.1
020000,은행,2026-08-31T05:51:56+00:00,202608,0010019,광주은행,TD11330029000,해피라이프_여행스케치적금V,"영업점,스마트폰","*만기후 1개월 이내: 만기일 당시 최초 가입 기간별 고시금리의 1/2 
*만기후 1개월 초과: 0.1%","▶ 최고우대금리 1.20%p  
①해피라이프_여행스케치외화적금V 동일자가입 0.5%p 
②해지원금 기준 500만원이상 : 최고0.2%p
③신용(체크)카드사용실적300만원이상:최고 0.3%p
④개인(신용)정보 동의: 0.2%p",1,"제한없음(단,국가및지방자치단체제외)","1. 가입기간 : 6개월이상 3년제
2. 가입금액 : 월5만원 이상 5백만원 이하 (1인1계좌)",5000000,20260820,,202608201410,S,단리,F,자유적립식,6,2.2,3.4
020000,은행,2026-08-31T05:51:56+00:00,202608,0010019,광주은행,TD11330029000,해피라이프_여행스케치적금V,"영업점,스마트폰","*만기후 1개월 이내: 만기일 당시 최초 가입 기간별 고시금리의 1/2 
*만기후 1개월 초과: 0.1%","▶ 최고우대금리 1.20%p  
①해피라이프_여행스케치외화적금V 동일자가입 0.5%p 
②해지원금 기준 500만원이상 : 최고0.2%p
③신용(체크)카드사용실적300만원이상:최고 0.3%p
④개인(신용)정보 동의: 0.2%p",1,"제한없음(단,국가및지방자치단체제외)","1. 가입기간 : 6개월이상 3년제
2. 가입금액 : 월5만원 이상 5백만원 이하 (1인1계좌)",5000000,20260820,,202608201410,S,단리,S,정액적립식,6,2.4,3.6
020000,은행,2026-08-31T05:51:56+00:00,202608,0010019,광주은행,TD11330029000,해피라이프_여행스케치적금V,"영업점,스마트폰","*만기후 1개월 이내: 만기일 당시 최초 가입 기간별 고시금리의 1/2 
*만기후 1개월 초과: 0.1%","▶ 최고우대금리 1.20%p  
①해피라이프_여행스케치외화적금V 동일자가입 0.5%p 
②해지원금 기준 500만원이상 : 최고0.2%p
③신용(체크)카드사용실적300만원이상:최고 0.3%p
④개인(신용)정보 동의: 0.2%p",1,"제한없음(단,국가및지방자치단체제외)","1. 가입기간 : 6개월이상 3년제
2. 가입금액 : 월5만원 이상 5백만원 이하 (1인1계좌)",5000000,20260820,,202608201410,S,단리,F,자유적립식,12,2.3,3.5
020000,은행,2026-08-31T05:51:56+00:00,202608,0010019,광주은행,TD11330029000,해피라이프_여행스케치적금V,"영업점,스마트폰","*만기후 1개월 이내: 만기일 당시 최초 가입 기간별 고시금리의 1/2 
*만기후 1개월 초과: 0.1%","▶ 최고우대금리 1.20%p  
①해피라이프_여행스케치외화적금V 동일자가입 0.5%p 
②해지원금 기준 500만원이상 : 최고0.2%p
③신용(체크)카드사용실적300만원이상:최고 0.3%p
④개인(신용)정보 동의: 0.2%p",1,"제한없음(단,국가및지방자치단체제외)","1. 가입기간 : 6개월이상 3년제
2. 가입금액 : 월5만원 이상 5백만원 이하 (1인1계좌)",5000000,20260820,,202608201410,S,단리,S,정액적립식,12,2.5,3.7
020000,은행,2026-08-31T05:51:56+00:00,202608,0010019,광주은행,TD11330029000,해피라이프_여행스케치적금V,"영업점,스마트폰","*만기후 1개월 이내: 만기일 당시 최초 가입 기간별 고시금리의 1/2 
*만기후 1개월 초과: 0.1%","▶ 최고우대금리 1.20%p  
①해피라이프_여행스케치외화적금V 동일자가입 0.5%p 
②해지원금 기준 500만원이상 : 최고0.2%p
③신용(체크)카드사용실적300만원이상:최고 0.3%p
④개인(신용)정보 동의: 0.2%p",1,"제한없음(단,국가및지방자치단체제외)","1. 가입기간 : 6개월이상 3년제
2. 가입금액 : 월5만원 이상 5백만원 이하 (1인1계좌)",5000000,20260820,,202608201410,S,단리,F,자유적립식,24,2.2,3.4
020000,은행,2026-08-31T05:51:56+00:00,202608,0010019,광주은행,TD11330029000,해피라이프_여행스케치적금V,"영업점,스마트폰","*만기후 1개월 이내: 만기일 당시 최초 가입 기간별 고시금리의 1/2 
*만기후 1개월 초과: 0.1%","▶ 최고우대금리 1.20%p  
①해피라이프_여행스케치외화적금V 동일자가입 0.5%p 
②해지원금 기준 500만원이상 : 최고0.2%p
③신용(체크)카드사용실적300만원이상:최고 0.3%p
④개인(신용)정보 동의: 0.2%p",1,"제한없음(단,국가및지방자치단체제외)","1. 가입기간 : 6개월이상 3년제
2. 가입금액 : 월5만원 이상 5백만원 이하 (1인1계좌)",5000000,20260820,,202608201410,S,단리,S,정액적립식,24,2.4,3.6
020000,은행,2026-08-31T05:51:56+00:00,202608,0010019,광주은행,TD11330029000,해피라이프_여행스케치적금V,"영업점,스마트폰","*만기후 1개월 이내: 만기일 당시 최초 가입 기간별 고시금리의 1/2 
*만기후 1개월 초과: 0.1%","▶ 최고우대금리 1.20%p  
①해피라이프_여행스케치외화적금V 동일자가입 0.5%p 
②해지원금 기준 500만원이상 : 최고0.2%p
③신용(체크)카드사용실적300만원이상:최고 0.3%p
④개인(신용)정보 동의: 0.2%p",1,"제한없음(단,국가및지방자치단체제외)","1. 가입기간 : 6개월이상 3년제
2. 가입금액 : 월5만원 이상 5백만원 이하 (1인1계좌)",5000000,20260820,,202608201410,S,단리,F,자유적립식,36,2.2,3.4
020000,은행,2026-08-31T05:51:56+00:00,202608,0010019,광주은행,TD11330029000,해피라이프_여행스케치적금V,"영업점,스마트폰","*만기후 1개월 이내: 만기일 당시 최초 가입 기간별 고시금리의 1/2 
*만기후 1개월 초과: 0.1%","▶ 최고우대금리 1.20%p  
①해피라이프_여행스케치외화적금V 동일자가입 0.5%p 
②해지원금 기준 500만원이상 : 최고0.2%p
③신용(체크)카드사용실적300만원이상:최고 0.3%p
④개인(신용)정보 동의: 0.2%p",1,"제한없음(단,국가및지방자치단체제외)","1. 가입기간 : 6개월이상 3년제
2. 가입금액 : 월5만원 이상 5백만원 이하 (1인1계좌)",5000000,20260820,,202608201410,S,단리,S,정액적립식,36,2.4,3.6
020000,은행,2026-08-31T05:51:56+00:00,202608,0010927,국민은행,010200100104,KB 특★한 적금,스마트폰,"- 1개월 이내 : 기본이율 X 50%
- 1개월 초과  ~ 3개월 이내 : 기본이율 X 30%
- 3개월 초과 : 0.1%","항목별 적용 조건 충족시, 최고 연 4.0%p
① 목표달성 축하 우대이율: 최고 연 1.0%p
    50만원 이하: 연 0.5%p, 50만원 초과: 연 1.0%p 
② 별 모으기 우대이율 : 최고 연 1.0%p
    10개: 연 0.5%p, 20개: 연 1.0%p
③ 함께해요 우대이율: 최고 연 2.0%p",1,실명의 개인,"개인사업자, 임의단체 및
공동명의 가입 불가
(1인 최대 3계좌)",,20260820,,202608201151,S,단리,F,자유적립식,1,2,6
020000,은행,2026-08-31T05:51:56+00:00,202608,0010927,국민은행,010200100104,KB 특★한 적금,스마트폰,"- 1개월 이내 : 기본이율 X 50%
- 1개월 초과  ~ 3개월 이내 : 기본이율 X 30%
- 3개월 초과 : 0.1%","항목별 적용 조건 충족시, 최고 연 4.0%p
① 목표달성 축하 우대이율: 최고 연 1.0%p
    50만원 이하: 연 0.5%p, 50만원 초과: 연 1.0%p 
② 별 모으기 우대이율 : 최고 연 1.0%p
    10개: 연 0.5%p, 20개: 연 1.0%p
③ 함께해요 우대이율: 최고 연 2.0%p",1,실명의 개인,"개인사업자, 임의단체 및
공동명의 가입 불가
(1인 최대 3계좌)",,20260820,,202608201151,S,단리,F,자유적립식,3,2,6
020000,은행,2026-08-31T05:51:56+00:00,202608,0010927,국민은행,010200100104,KB 특★한 적금,스마트폰,"- 1개월 이내 : 기본이율 X 50%
- 1개월 초과  ~ 3개월 이내 : 기본이율 X 30%
- 3개월 초과 : 0.1%","항목별 적용 조건 충족시, 최고 연 4.0%p
① 목표달성 축하 우대이율: 최고 연 1.0%p
    50만원 이하: 연 0.5%p, 50만원 초과: 연 1.0%p 
② 별 모으기 우대이율 : 최고 연 1.0%p
    10개: 연 0.5%p, 20개: 연 1.0%p
③ 함께해요 우대이율: 최고 연 2.0%p",1,실명의 개인,"개인사업자, 임의단체 및
공동명의 가입 불가
(1인 최대 3계좌)",,20260820,,202608201151,S,단리,F,자유적립식,6,2,6
020000,은행,2026-08-31T05:51:56+00:00,202608,0010927,국민은행,010200100051,KB국민프리미엄적금(정액),"영업점,인터넷,스마트폰,전화(텔레뱅킹)","- 1개월 이내 : 기본이율 X 50%
- 1개월 초과  ~ 3개월 이내 : 기본이율 X 30%
- 3개월 초과 : 0.1%","① 단체가입/나라사랑/쿠폰 우대이율: 
    1년: 연 0.6%p, 2년: 연 0.7%p,
    3년: 연 0.9%p, 5년: 연 1.0%p 
   (중복적용되지 않음, 계약기간별차등적용)
② 교차거래 우대이율: 연 0.3%p",1,실명의 개인,1인 1계좌,,20260820,,202608201151,S,단리,S,정액적립식,12,2.75,3.65
020000,은행,2026-08-31T05:51:56+00:00,202608,0010927,국민은행,010200100051,KB국민프리미엄적금(정액),"영업점,인터넷,스마트폰,전화(텔레뱅킹)","- 1개월 이내 : 기본이율 X 50%
- 1개월 초과  ~ 3개월 이내 : 기본이율 X 30%
- 3개월 초과 : 0.1%","① 단체가입/나라사랑/쿠폰 우대이율: 
    1년: 연 0.6%p, 2년: 연 0.7%p,
    3년: 연 0.9%p, 5년: 연 1.0%p 
   (중복적용되지 않음, 계약기간별차등적용)
② 교차거래 우대이율: 연 0.3%p",1,실명의 개인,1인 1계좌,,20260820,,202608201151,S,단리,S,정액적립식,24,2.95,3.95
020000,은행,2026-08-31T05:51:56+00:00,202608,0010927,국민은행,010200100051,KB국민프리미엄적금(정액),"영업점,인터넷,스마트폰,전화(텔레뱅킹)","- 1개월 이내 : 기본이율 X 50%
- 1개월 초과  ~ 3개월 이내 : 기본이율 X 30%
- 3개월 초과 : 0.1%","① 단체가입/나라사랑/쿠폰 우대이율: 
    1년: 연 0.6%p, 2년: 연 0.7%p,
    3년: 연 0.9%p, 5년: 연 1.0%p 
   (중복적용되지 않음, 계약기간별차등적용)
② 교차거래 우대이율: 연 0.3%p",1,실명의 개인,1인 1계좌,,20260820,,202608201151,S,단리,S,정액적립식,36,3.05,4.25
020000,은행,2026-08-31T05:51:56+00:00,202608,0010927,국민은행,010200100070,KB내맘대로적금,"인터넷,스마트폰","- 1개월 이내 : 기본이율 X 50%
- 1개월 초과  ~ 3개월 이내 : 기본이율 X 30%
- 3개월 초과 : 0.1%","신규 시 다음의 9가지 우대이율 항목 중 6가지를 자유롭게 선택하고, 아래 우대이율 적용조건 충족 시 항목 당 각 연0.1%p의 우대이율 적용
(최고 연0.6%p)
 - 우대이율 항목 : 급여이체, 카드결제계좌, 자동이체 저축, 아파트관리비 이체, KB스타뱅킹 이체, 장기거래, 첫 거래, 주택청약종합저축, 소중한 날",1,실명의 개인 또는 개인사업자,인터넷뱅킹/KB스타뱅킹 전용상품,,20260820,,202608201151,S,단리,S,정액적립식,6,2.3,2.9
020000,은행,2026-08-31T05:51:56+00:00,202608,0010927,국민은행,010200100070,KB내맘대로적금,"인터넷,스마트폰","- 1개월 이내 : 기본이율 X 50%
- 1개월 초과  ~ 3개월 이내 : 기본이율 X 30%
- 3개월 초과 : 0.1%","신규 시 다음의 9가지 우대이율 항목 중 6가지를 자유롭게 선택하고, 아래 우대이율 적용조건 충족 시 항목 당 각 연0.1%p의 우대이율 적용
(최고 연0.6%p)
 - 우대이율 항목 : 급여이체, 카드결제계좌, 자동이체 저축, 아파트관리비 이체, KB스타뱅킹 이체, 장기거래, 첫 거래, 주택청약종합저축, 소중한 날",1,실명의 개인 또는 개인사업자,인터넷뱅킹/KB스타뱅킹 전용상품,,20260820,,202608201151,S,단리,S,정액적립식,12,2.55,3.15
020000,은행,2026-08-31T05:51:56+00:00,202608,0010927,국민은행,010200100070,KB내맘대로적금,"인터넷,스마트폰","- 1개월 이내 : 기본이율 X 50%
- 1개월 초과  ~ 3개월 이내 : 기본이율 X 30%
- 3개월 초과 : 0.1%","신규 시 다음의 9가지 우대이율 항목 중 6가지를 자유롭게 선택하고, 아래 우대이율 적용조건 충족 시 항목 당 각 연0.1%p의 우대이율 적용
(최고 연0.6%p)
 - 우대이율 항목 : 급여이체, 카드결제계좌, 자동이체 저축, 아파트관리비 이체, KB스타뱅킹 이체, 장기거래, 첫 거래, 주택청약종합저축, 소중한 날",1,실명의 개인 또는 개인사업자,인터넷뱅킹/KB스타뱅킹 전용상품,,20260820,,202608201151,S,단리,S,정액적립식,24,2.75,3.35
020000,은행,2026-08-31T05:51:56+00:00,202608,0010927,국민은행,010200100070,KB내맘대로적금,"인터넷,스마트폰","- 1개월 이내 : 기본이율 X 50%
- 1개월 초과  ~ 3개월 이내 : 기본이율 X 30%
- 3개월 초과 : 0.1%","신규 시 다음의 9가지 우대이율 항목 중 6가지를 자유롭게 선택하고, 아래 우대이율 적용조건 충족 시 항목 당 각 연0.1%p의 우대이율 적용
(최고 연0.6%p)
 - 우대이율 항목 : 급여이체, 카드결제계좌, 자동이체 저축, 아파트관리비 이체, KB스타뱅킹 이체, 장기거래, 첫 거래, 주택청약종합저축, 소중한 날",1,실명의 개인 또는 개인사업자,인터넷뱅킹/KB스타뱅킹 전용상품,,20260820,,202608201151,S,단리,S,정액적립식,36,2.95,3.55
020000,은행,2026-08-31T05:51:56+00:00,202608,0010927,국민은행,010200100084,KB맑은하늘적금,"영업점,인터넷,스마트폰","- 1개월 이내 : 기본이율 X 50%
- 1개월 초과  ~ 3개월 이내 : 기본이율 X 30%
- 3개월 초과 : 0.1%","맑은하늘을 위한 미션별 제공조건을 달성하는 경우 각 미션별 우대이율 제공
 - 1년제 최고 연 0.8%p, 2년제 최고 연 0.9%p, 3년제 최고 연 1.0%p
① 종이통장 줄이기 미션: 연 0.1%p
② 종이서식 줄이기 미션: 연 0.2%p
③ 대중교통 미션: 1년제 연 0.4%p, 2년제 연 0.5%p, 3년제 연 0.6%p
④ 퀴즈미션: 연 0.1%p",1,실명의 개인,"공동명의 불가
(1인 최대 3계좌)",,20260820,,202608201151,S,단리,F,자유적립식,12,2.65,3.45
020000,은행,2026-08-31T05:51:56+00:00,202608,0010927,국민은행,010200100084,KB맑은하늘적금,"영업점,인터넷,스마트폰","- 1개월 이내 : 기본이율 X 50%
- 1개월 초과  ~ 3개월 이내 : 기본이율 X 30%
- 3개월 초과 : 0.1%","맑은하늘을 위한 미션별 제공조건을 달성하는 경우 각 미션별 우대이율 제공
 - 1년제 최고 연 0.8%p, 2년제 최고 연 0.9%p, 3년제 최고 연 1.0%p
① 종이통장 줄이기 미션: 연 0.1%p
② 종이서식 줄이기 미션: 연 0.2%p
③ 대중교통 미션: 1년제 연 0.4%p, 2년제 연 0.5%p, 3년제 연 0.6%p
④ 퀴즈미션: 연 0.1%p",1,실명의 개인,"공동명의 불가
(1인 최대 3계좌)",,20260820,,202608201151,S,단리,F,자유적립식,24,2.75,3.65
020000,은행,2026-08-31T05:51:56+00:00,202608,0010927,국민은행,010200100084,KB맑은하늘적금,"영업점,인터넷,스마트폰","- 1개월 이내 : 기본이율 X 50%
- 1개월 초과  ~ 3개월 이내 : 기본이율 X 30%
- 3개월 초과 : 0.1%","맑은하늘을 위한 미션별 제공조건을 달성하는 경우 각 미션별 우대이율 제공
 - 1년제 최고 연 0.8%p, 2년제 최고 연 0.9%p, 3년제 최고 연 1.0%p
① 종이통장 줄이기 미션: 연 0.1%p
② 종이서식 줄이기 미션: 연 0.2%p
③ 대중교통 미션: 1년제 연 0.4%p, 2년제 연 0.5%p, 3년제 연 0.6%p
④ 퀴즈미션: 연 0.1%p",1,실명의 개인,"공동명의 불가
(1인 최대 3계좌)",,20260820,,202608201151,S,단리,F,자유적립식,36,3.05,4.05
020000,은행,2026-08-31T05:51:56+00:00,202608,0013175,농협은행주식회사,10-047-1365-0001,NH1934월복리적금,"영업점,인터넷,스마트폰","만기후 1년 이내 : 만기시점 계약기간별 기본금리의 1/2
만기후 1년 초과 : 보통예금 금리","1. 급여실적 : 1.0%p (①/② 중복 적용 불가)
 ① 급여이체 실적 : 1.0%p
 ② 개인사업자 계좌 실적 :1.0%p
2. 비대면 채널 이체 실적 : 0.3%p
3. 마케팅 동의 : 0.2%p
4. 농업계고 및 청년농부사관학교 졸업자 : 2.0%p",3,만19세~만34세 개인 및 개인사업자,"초입금 및 매회 1만원 이상, 월 50만원 이내 자유적립

급여이체 실적과 개인사업자 계좌 실적 우대금리는 중복 적용 불가

 * 급여입금실적 인정기준
  - 가입기간 12개월 이하 : 3개월 이상 급여이체
  - 가입기간 24개월 이하 : 12개월 이상 급여이체",500000,20260828,,202608280944,M,복리,F,자유적립식,6,2.45,5.95
020000,은행,2026-08-31T05:51:56+00:00,202608,0013175,농협은행주식회사,10-047-1365-0001,NH1934월복리적금,"영업점,인터넷,스마트폰","만기후 1년 이내 : 만기시점 계약기간별 기본금리의 1/2
만기후 1년 초과 : 보통예금 금리","1. 급여실적 : 1.0%p (①/② 중복 적용 불가)
 ① 급여이체 실적 : 1.0%p
 ② 개인사업자 계좌 실적 :1.0%p
2. 비대면 채널 이체 실적 : 0.3%p
3. 마케팅 동의 : 0.2%p
4. 농업계고 및 청년농부사관학교 졸업자 : 2.0%p",3,만19세~만34세 개인 및 개인사업자,"초입금 및 매회 1만원 이상, 월 50만원 이내 자유적립

급여이체 실적과 개인사업자 계좌 실적 우대금리는 중복 적용 불가

 * 급여입금실적 인정기준
  - 가입기간 12개월 이하 : 3개월 이상 급여이체
  - 가입기간 24개월 이하 : 12개월 이상 급여이체",500000,20260828,,202608280944,M,복리,F,자유적립식,12,2.55,6.05
020000,은행,2026-08-31T05:51:56+00:00,202608,0013175,농협은행주식회사,10-047-1365-0001,NH1934월복리적금,"영업점,인터넷,스마트폰","만기후 1년 이내 : 만기시점 계약기간별 기본금리의 1/2
만기후 1년 초과 : 보통예금 금리","1. 급여실적 : 1.0%p (①/② 중복 적용 불가)
 ① 급여이체 실적 : 1.0%p
 ② 개인사업자 계좌 실적 :1.0%p
2. 비대면 채널 이체 실적 : 0.3%p
3. 마케팅 동의 : 0.2%p
4. 농업계고 및 청년농부사관학교 졸업자 : 2.0%p",3,만19세~만34세 개인 및 개인사업자,"초입금 및 매회 1만원 이상, 월 50만원 이내 자유적립

급여이체 실적과 개인사업자 계좌 실적 우대금리는 중복 적용 불가

 * 급여입금실적 인정기준
  - 가입기간 12개월 이하 : 3개월 이상 급여이체
  - 가입기간 24개월 이하 : 12개월 이상 급여이체",500000,20260828,,202608280944,M,복리,F,자유적립식,24,2.6,6.1
020000,은행,2026-08-31T05:51:56+00:00,202608,0013175,농협은행주식회사,10-047-1387-0001,NH고향사랑기부적금,"영업점,인터넷,스마트폰","만기후 1년 이내 : 만기시점 계약기간별 기본금리의 1/2
만기후 1년 초과 : 보통예금 금리","1. 고향사랑기부금을 건당 5만원이상 납부한 가입자 우대 : 0.5%p

2-1. 만 65세 이상 고령자 우대 : 0.1%p
2-2. 만 19~34세 MZ고객 우대 : 0.3%p",1,개인,"1.초입금1만원 이상 및 매회 1천원 이상, 매월50만원이내

2. 고향사랑기부금 우대금리는 농협은행/농축협 영업점 또는 고향사랑e음 홈페이지를 통한 고향사랑기부금 납부실적이 확인되는 경우 제공

3. 연간 판매액의 0.1% 공익기금 적립

※자세한 사항은 상품설명서 참조",500000,20260828,,202608280944,S,단리,F,자유적립식,12,2.85,3.7
020000,은행,2026-08-31T05:51:56+00:00,202608,0013175,농협은행주식회사,10-047-1387-0001,NH고향사랑기부적금,"영업점,인터넷,스마트폰","만기후 1년 이내 : 만기시점 계약기간별 기본금리의 1/2
만기후 1년 초과 : 보통예금 금리","1. 고향사랑기부금을 건당 5만원이상 납부한 가입자 우대 : 0.5%p

2-1. 만 65세 이상 고령자 우대 : 0.1%p
2-2. 만 19~34세 MZ고객 우대 : 0.3%p",1,개인,"1.초입금1만원 이상 및 매회 1천원 이상, 매월50만원이내

2. 고향사랑기부금 우대금리는 농협은행/농축협 영업점 또는 고향사랑e음 홈페이지를 통한 고향사랑기부금 납부실적이 확인되는 경우 제공

3. 연간 판매액의 0.1% 공익기금 적립

※자세한 사항은 상품설명서 참조",500000,20260828,,202608280944,S,단리,F,자유적립식,24,2.9,3.75
020000,은행,2026-08-31T05:51:56+00:00,202608,0013175,농협은행주식회사,10-047-1387-0001,NH고향사랑기부적금,"영업점,인터넷,스마트폰","만기후 1년 이내 : 만기시점 계약기간별 기본금리의 1/2
만기후 1년 초과 : 보통예금 금리","1. 고향사랑기부금을 건당 5만원이상 납부한 가입자 우대 : 0.5%p

2-1. 만 65세 이상 고령자 우대 : 0.1%p
2-2. 만 19~34세 MZ고객 우대 : 0.3%p",1,개인,"1.초입금1만원 이상 및 매회 1천원 이상, 매월50만원이내

2. 고향사랑기부금 우대금리는 농협은행/농축협 영업점 또는 고향사랑e음 홈페이지를 통한 고향사랑기부금 납부실적이 확인되는 경우 제공

3. 연간 판매액의 0.1% 공익기금 적립

※자세한 사항은 상품설명서 참조",500000,20260828,,202608280944,S,단리,F,자유적립식,36,2.95,3.8
020000,은행,2026-08-31T05:51:56+00:00,202608,0013175,농협은행주식회사,10-047-1381-0001,NH내가Green초록세상적금,"영업점,인터넷,스마트폰","만기후 1년 이내 : 만기시점 계약기간별 기본금리의 1/2
만기후 1년 초과 : 보통예금 금리","※ 우대금리 최대한도 : 1.0%p(연%, 세전)
1. 온실가스 줄이기 실천서약서 동의 : 0.1%p
2. 통장미발급 : 0.3%p
3. 손하나로인증 서비스 등록 : 0.2%p
4. 대중교통이용 : 0.2%p
5. NH내가Green초록세상예금 동시 보유 : 0.2%p",1,개인,"초입금5만원 이상 및 매회 1만원 이상, 매월50만원이내
(단, 만기일 전 3개월 이내에는 이전 적립금 합계액을 초과하여 입금불가)

※자세한 사항은 상품설명서 참조",500000,20260828,,202608280944,S,단리,F,자유적립식,12,2.55,3.55
020000,은행,2026-08-31T05:51:56+00:00,202608,0013175,농협은행주식회사,10-047-1381-0001,NH내가Green초록세상적금,"영업점,인터넷,스마트폰","만기후 1년 이내 : 만기시점 계약기간별 기본금리의 1/2
만기후 1년 초과 : 보통예금 금리","※ 우대금리 최대한도 : 1.0%p(연%, 세전)
1. 온실가스 줄이기 실천서약서 동의 : 0.1%p
2. 통장미발급 : 0.3%p
3. 손하나로인증 서비스 등록 : 0.2%p
4. 대중교통이용 : 0.2%p
5. NH내가Green초록세상예금 동시 보유 : 0.2%p",1,개인,"초입금5만원 이상 및 매회 1만원 이상, 매월50만원이내
(단, 만기일 전 3개월 이내에는 이전 적립금 합계액을 초과하여 입금불가)

※자세한 사항은 상품설명서 참조",500000,20260828,,202608280944,S,단리,F,자유적립식,24,2.6,3.6
020000,은행,2026-08-31T05:51:56+00:00,202608,0013175,농협은행주식회사,10-047-1381-0001,NH내가Green초록세상적금,"영업점,인터넷,스마트폰","만기후 1년 이내 : 만기시점 계약기간별 기본금리의 1/2
만기후 1년 초과 : 보통예금 금리","※ 우대금리 최대한도 : 1.0%p(연%, 세전)
1. 온실가스 줄이기 실천서약서 동의 : 0.1%p
2. 통장미발급 : 0.3%p
3. 손하나로인증 서비스 등록 : 0.2%p
4. 대중교통이용 : 0.2%p
5. NH내가Green초록세상예금 동시 보유 : 0.2%p",1,개인,"초입금5만원 이상 및 매회 1만원 이상, 매월50만원이내
(단, 만기일 전 3개월 이내에는 이전 적립금 합계액을 초과하여 입금불가)

※자세한 사항은 상품설명서 참조",500000,20260828,,202608280944,S,단리,F,자유적립식,36,2.65,3.65
020000,은행,2026-08-31T05:51:56+00:00,202608,0013175,농협은행주식회사,10-047-1360-0002,NH올원e 미니적금,스마트폰,"만기후 1년 이내 : 만기시점 계약기간별 자유로우대적금 기본금리의 1/2
만기후 1년 초과 : 보통예금 금리","1. 자동이체 입금횟수 우대금리 : 최고 0.5%p
 - 5회이상 : 0.2%p, 10회이상 : 0.3%p, 15회이상 0.5%p
2. 목표금액 달성 축하금리  : 0.5%p
3. MZ세대(만 19~34세)) 우대금리 : 0.5%p
4. 직전 1년간 당행 예적금(청약포함) 미보유 고객 : 0.2%p",1,개인,"가입기간 1개월 이상 6개월 이하(일 단위)

초입금 및 매일 1천원이상  5만원이내(천원 단위)",1550000,20260828,,202608280944,S,단리,F,자유적립식,1,2.15,3.85
020000,은행,2026-08-31T05:51:56+00:00,202608,0013175,농협은행주식회사,10-047-1360-0002,NH올원e 미니적금,스마트폰,"만기후 1년 이내 : 만기시점 계약기간별 자유로우대적금 기본금리의 1/2
만기후 1년 초과 : 보통예금 금리","1. 자동이체 입금횟수 우대금리 : 최고 0.5%p
 - 5회이상 : 0.2%p, 10회이상 : 0.3%p, 15회이상 0.5%p
2. 목표금액 달성 축하금리  : 0.5%p
3. MZ세대(만 19~34세)) 우대금리 : 0.5%p
4. 직전 1년간 당행 예적금(청약포함) 미보유 고객 : 0.2%p",1,개인,"가입기간 1개월 이상 6개월 이하(일 단위)

초입금 및 매일 1천원이상  5만원이내(천원 단위)",1550000,20260828,,202608280944,S,단리,F,자유적립식,3,2.25,3.95
020000,은행,2026-08-31T05:51:56+00:00,202608,0013175,농협은행주식회사,10-047-1360-0002,NH올원e 미니적금,스마트폰,"만기후 1년 이내 : 만기시점 계약기간별 자유로우대적금 기본금리의 1/2
만기후 1년 초과 : 보통예금 금리","1. 자동이체 입금횟수 우대금리 : 최고 0.5%p
 - 5회이상 : 0.2%p, 10회이상 : 0.3%p, 15회이상 0.5%p
2. 목표금액 달성 축하금리  : 0.5%p
3. MZ세대(만 19~34세)) 우대금리 : 0.5%p
4. 직전 1년간 당행 예적금(청약포함) 미보유 고객 : 0.2%p",1,개인,"가입기간 1개월 이상 6개월 이하(일 단위)

초입금 및 매일 1천원이상  5만원이내(천원 단위)",1550000,20260828,,202608280944,S,단리,F,자유적립식,6,2.45,4.15
020000,은행,2026-08-31T05:51:56+00:00,202608,0013175,농협은행주식회사,10-059-1264-0001,NH직장인월복리적금,"영업점,인터넷,스마트폰","만기후 3개월 이내 : 만기시점 국고채 1년물 금리
만기후 1년 이내 : 만기시점 채움적금 계약기간별 고시금리의 50%
만기후 1년 초과 : 만기시점 보통예금 금리","1. 급여입금실적 보유 고객 중
 - 가입기간 중 3개월 이상 급여이체시 : 0.3%p
 - 주택청약종합저축 또는 펀드가입 : 0.2%p
 - NH채움카드 결제실적 1백만원 이상 : 0.2%p
2. 인터넷(스마트)뱅킹 또는 올원뱅크로 가입 : 0.1%p",3,만18세이상 개인,"초입금 및 매회 입금 1만원 이상 원 단위,  1인당 분기별 3백만원 이내 적립 가능
(단,계약기간 3/4 경과 후 적립할 수 있는 금액은 이전 적립누계액의 1/2이내)",3000000,20260828,,202608280944,M,복리,F,자유적립식,12,2.98,3.78
020000,은행,2026-08-31T05:51:56+00:00,202608,0013175,농협은행주식회사,10-059-1264-0001,NH직장인월복리적금,"영업점,인터넷,스마트폰","만기후 3개월 이내 : 만기시점 국고채 1년물 금리
만기후 1년 이내 : 만기시점 채움적금 계약기간별 고시금리의 50%
만기후 1년 초과 : 만기시점 보통예금 금리","1. 급여입금실적 보유 고객 중
 - 가입기간 중 3개월 이상 급여이체시 : 0.3%p
 - 주택청약종합저축 또는 펀드가입 : 0.2%p
 - NH채움카드 결제실적 1백만원 이상 : 0.2%p
2. 인터넷(스마트)뱅킹 또는 올원뱅크로 가입 : 0.1%p",3,만18세이상 개인,"초입금 및 매회 입금 1만원 이상 원 단위,  1인당 분기별 3백만원 이내 적립 가능
(단,계약기간 3/4 경과 후 적립할 수 있는 금액은 이전 적립누계액의 1/2이내)",3000000,20260828,,202608280944,M,복리,F,자유적립식,24,2.7,3.5
020000,은행,2026-08-31T05:51:56+00:00,202608,0013175,농협은행주식회사,10-059-1264-0001,NH직장인월복리적금,"영업점,인터넷,스마트폰","만기후 3개월 이내 : 만기시점 국고채 1년물 금리
만기후 1년 이내 : 만기시점 채움적금 계약기간별 고시금리의 50%
만기후 1년 초과 : 만기시점 보통예금 금리","1. 급여입금실적 보유 고객 중
 - 가입기간 중 3개월 이상 급여이체시 : 0.3%p
 - 주택청약종합저축 또는 펀드가입 : 0.2%p
 - NH채움카드 결제실적 1백만원 이상 : 0.2%p
2. 인터넷(스마트)뱅킹 또는 올원뱅크로 가입 : 0.1%p",3,만18세이상 개인,"초입금 및 매회 입금 1만원 이상 원 단위,  1인당 분기별 3백만원 이내 적립 가능
(단,계약기간 3/4 경과 후 적립할 수 있는 금액은 이전 적립누계액의 1/2이내)",3000000,20260828,,202608280944,M,복리,F,자유적립식,36,2.7,3.5
020000,은행,2026-08-31T05:51:56+00:00,202608,0010017,부산은행,01020400530001,"BNK내맘대로 
적금","영업점,인터넷,스마트폰","- 만기후 1년이내:가입기간별 일반정기적금 기본이율 x 50%
- 만기후 1년초과:가입기간별 일반정기적금 기본이율 x 20%","*우대이율 최대 0.2%
- 신규시 우대이율 0.05% 및 해지시 우대이율 최대 0.15%",1,제한없음,"1. 가입금액 :  1천원 이상
2. 가입기간 :  6개월 이상 60개월 이하(일단위)
3. 자유적립식",,20260820,,202608201538,S,단리,F,자유적립식,6,2.5,2.7
020000,은행,2026-08-31T05:51:56+00:00,202608,0010017,부산은행,01020400530001,"BNK내맘대로 
적금","영업점,인터넷,스마트폰","- 만기후 1년이내:가입기간별 일반정기적금 기본이율 x 50%
- 만기후 1년초과:가입기간별 일반정기적금 기본이율 x 20%","*우대이율 최대 0.2%
- 신규시 우대이율 0.05% 및 해지시 우대이율 최대 0.15%",1,제한없음,"1. 가입금액 :  1천원 이상
2. 가입기간 :  6개월 이상 60개월 이하(일단위)
3. 자유적립식",,20260820,,202608201538,S,단리,F,자유적립식,12,2.9,3.1
020000,은행,2026-08-31T05:51:56+00:00,202608,0010017,부산은행,01020400530001,"BNK내맘대로 
적금","영업점,인터넷,스마트폰","- 만기후 1년이내:가입기간별 일반정기적금 기본이율 x 50%
- 만기후 1년초과:가입기간별 일반정기적금 기본이율 x 20%","*우대이율 최대 0.2%
- 신규시 우대이율 0.05% 및 해지시 우대이율 최대 0.15%",1,제한없음,"1. 가입금액 :  1천원 이상
2. 가입기간 :  6개월 이상 60개월 이하(일단위)
3. 자유적립식",,20260820,,202608201538,S,단리,F,자유적립식,24,2.7,2.9
020000,은행,2026-08-31T05:51:56+00:00,202608,0010017,부산은행,01020400530001,"BNK내맘대로 
적금","영업점,인터넷,스마트폰","- 만기후 1년이내:가입기간별 일반정기적금 기본이율 x 50%
- 만기후 1년초과:가입기간별 일반정기적금 기본이율 x 20%","*우대이율 최대 0.2%
- 신규시 우대이율 0.05% 및 해지시 우대이율 최대 0.15%",1,제한없음,"1. 가입금액 :  1천원 이상
2. 가입기간 :  6개월 이상 60개월 이하(일단위)
3. 자유적립식",,20260820,,202608201538,S,단리,F,자유적립식,36,2.6,2.8
020000,은행,2026-08-31T05:51:56+00:00,202608,0010017,부산은행,01020400700001,Only One 주거래 우대적금,"영업점,스마트폰","- 만기후 1년이내:가입기간별 일반정기적금 기본이율 x 50%
- 만기후 1년초과:가입기간별 일반정기적금 기본이율 x 20%","* 우대이율 최대 2.5%
- 공통 우대이율 최대 2%
- 가입자격별 우대이율 최대 0.5%",1,만14세 이상 실명의 개인(1인 1계좌),"1.가입금(적립)금액 : 월 1천원 이상 50만원 이하
2. 가입기간 : 12개월",500000,20260820,,202608201538,S,단리,F,자유적립식,12,2.3,4.8
020000,은행,2026-08-31T05:51:56+00:00,202608,0010017,부산은행,01020400660001,"부산이라 좋다
Big적금",스마트폰,"- 만기후 1년이내:가입기간별 일반정기적금 기본이율 x 50%
- 만기후 1년초과:가입기간별 일반정기적금 기본이율 x 20%","*우대이율 6개월 미만 최대2.00%, 6개월 이상 2.20%",1,만 14세이상 실명의 개인고객(1인 1계좌),"1. 가입한도: 월 1천원 이상 100만원 이하 원단위
2. 자유적립식",1000000,20260820,,202608201538,S,단리,F,자유적립식,1,2.6,4.6
020000,은행,2026-08-31T05:51:56+00:00,202608,0010017,부산은행,01020400660001,"부산이라 좋다
Big적금",스마트폰,"- 만기후 1년이내:가입기간별 일반정기적금 기본이율 x 50%
- 만기후 1년초과:가입기간별 일반정기적금 기본이율 x 20%","*우대이율 6개월 미만 최대2.00%, 6개월 이상 2.20%",1,만 14세이상 실명의 개인고객(1인 1계좌),"1. 가입한도: 월 1천원 이상 100만원 이하 원단위
2. 자유적립식",1000000,20260820,,202608201538,S,단리,F,자유적립식,3,2.6,4.6
020000,은행,2026-08-31T05:51:56+00:00,202608,0010017,부산은행,01020400660001,"부산이라 좋다
Big적금",스마트폰,"- 만기후 1년이내:가입기간별 일반정기적금 기본이율 x 50%
- 만기후 1년초과:가입기간별 일반정기적금 기본이율 x 20%","*우대이율 6개월 미만 최대2.00%, 6개월 이상 2.20%",1,만 14세이상 실명의 개인고객(1인 1계좌),"1. 가입한도: 월 1천원 이상 100만원 이하 원단위
2. 자유적립식",1000000,20260820,,202608201538,S,단리,F,자유적립식,6,2.6,4.8
020000,은행,2026-08-31T05:51:56+00:00,202608,0010017,부산은행,01020400660001,"부산이라 좋다
Big적금",스마트폰,"- 만기후 1년이내:가입기간별 일반정기적금 기본이율 x 50%
- 만기후 1년초과:가입기간별 일반정기적금 기본이율 x 20%","*우대이율 6개월 미만 최대2.00%, 6개월 이상 2.20%",1,만 14세이상 실명의 개인고객(1인 1계좌),"1. 가입한도: 월 1천원 이상 100만원 이하 원단위
2. 자유적립식",1000000,20260820,,202608201538,S,단리,F,자유적립식,12,2.6,4.8
020000,은행,2026-08-31T05:51:56+00:00,202608,0010017,부산은행,01020400510001,저탄소 실천 적금,"영업점,인터넷,스마트폰","- 만기후 1년이내:가입기간별 일반정기적금 기본이율 x 50%
- 만기후 1년초과:가입기간별 일반정기적금 기본이율 x 20%","조건 달성여부에 따라 우대금리 적용
*개인형 우대이율: 최대0.5%
*기업형(개인사업자 및 법인)우대이율: 최대0.4%",1,제한없음,"1. 가입한도: 월 1만원 이상 1천만원 이하 원단위 (월 1천만원 이하 불입 가능)
2. 자유적립식",10000000,20260820,,202608201538,S,단리,F,자유적립식,6,2.3,2.8
020000,은행,2026-08-31T05:51:56+00:00,202608,0010017,부산은행,01020400510001,저탄소 실천 적금,"영업점,인터넷,스마트폰","- 만기후 1년이내:가입기간별 일반정기적금 기본이율 x 50%
- 만기후 1년초과:가입기간별 일반정기적금 기본이율 x 20%","조건 달성여부에 따라 우대금리 적용
*개인형 우대이율: 최대0.5%
*기업형(개인사업자 및 법인)우대이율: 최대0.4%",1,제한없음,"1. 가입한도: 월 1만원 이상 1천만원 이하 원단위 (월 1천만원 이하 불입 가능)
2. 자유적립식",10000000,20260820,,202608201538,S,단리,F,자유적립식,12,2.5,3
020000,은행,2026-08-31T05:51:56+00:00,202608,0010017,부산은행,01020400510001,저탄소 실천 적금,"영업점,인터넷,스마트폰","- 만기후 1년이내:가입기간별 일반정기적금 기본이율 x 50%
- 만기후 1년초과:가입기간별 일반정기적금 기본이율 x 20%","조건 달성여부에 따라 우대금리 적용
*개인형 우대이율: 최대0.5%
*기업형(개인사업자 및 법인)우대이율: 최대0.4%",1,제한없음,"1. 가입한도: 월 1만원 이상 1천만원 이하 원단위 (월 1천만원 이하 불입 가능)
2. 자유적립식",10000000,20260820,,202608201538,S,단리,F,자유적립식,24,2.4,2.9
020000,은행,2026-08-31T05:51:56+00:00,202608,0010017,부산은행,01020400510001,저탄소 실천 적금,"영업점,인터넷,스마트폰","- 만기후 1년이내:가입기간별 일반정기적금 기본이율 x 50%
- 만기후 1년초과:가입기간별 일반정기적금 기본이율 x 20%","조건 달성여부에 따라 우대금리 적용
*개인형 우대이율: 최대0.5%
*기업형(개인사업자 및 법인)우대이율: 최대0.4%",1,제한없음,"1. 가입한도: 월 1만원 이상 1천만원 이하 원단위 (월 1천만원 이하 불입 가능)
2. 자유적립식",10000000,20260820,,202608201538,S,단리,F,자유적립식,36,2.3,2.8
020000,은행,2026-08-31T05:51:56+00:00,202608,0010017,부산은행,01020400490002,펫 적금,"영업점,스마트폰","- 만기후 1년이내:가입기간별 일반정기적금 기본이율 x 50%
- 만기후 1년초과:가입기간별 일반정기적금 기본이율 x 20%","*우대이율 6개월제 최대 0.55%, 12개월제 최대 0.90%",1,실명의 개인고객(1인 1계좌),"1. 가입한도: 월 1만원 이상 50만원 이하 원단위
2. 정기적립식",500000,20260820,,202608201538,S,단리,S,정액적립식,6,2.15,2.7
020000,은행,2026-08-31T05:51:56+00:00,202608,0010017,부산은행,01020400490002,펫 적금,"영업점,스마트폰","- 만기후 1년이내:가입기간별 일반정기적금 기본이율 x 50%
- 만기후 1년초과:가입기간별 일반정기적금 기본이율 x 20%","*우대이율 6개월제 최대 0.55%, 12개월제 최대 0.90%",1,실명의 개인고객(1인 1계좌),"1. 가입한도: 월 1만원 이상 50만원 이하 원단위
2. 정기적립식",500000,20260820,,202608201538,S,단리,S,정액적립식,12,2.2,3.1
020000,은행,2026-08-31T05:51:56+00:00,202608,0014807,수협은행,10141109800021,Sh월복리자유적금,"영업점,인터넷,스마트폰","* 만기후
-1년 이내:만기일 당시 계약기간에 해당하는  상호부금 기본금리의 1/2
-1개월 초과 ~ 3개월 이내:만기일 당시 계약기간에 해당하는 상호부금 기본금리의 1/4
-3개월 초과:만기일 당시 보통예금 기본금리","*최대우대금리:0.7%
-첫거래고객:0.3%
-카드거래:최대0.3%
-복수거래:0.1%
-요구불거래:최대0.2%
-인터넷뱅킹고객:0.1%
-자동이체실적:0.1%",1,실명의 개인 및 개인사업자,"- 1인 1계좌
- 월 가입한도 : 100만원",1000000,20260820,99991231,202608200944,M,복리,F,자유적립식,12,2.2,2.9
020000,은행,2026-08-31T05:51:56+00:00,202608,0014807,수협은행,10141109800021,Sh월복리자유적금,"영업점,인터넷,스마트폰","* 만기후
-1년 이내:만기일 당시 계약기간에 해당하는  상호부금 기본금리의 1/2
-1개월 초과 ~ 3개월 이내:만기일 당시 계약기간에 해당하는 상호부금 기본금리의 1/4
-3개월 초과:만기일 당시 보통예금 기본금리","*최대우대금리:0.7%
-첫거래고객:0.3%
-카드거래:최대0.3%
-복수거래:0.1%
-요구불거래:최대0.2%
-인터넷뱅킹고객:0.1%
-자동이체실적:0.1%",1,실명의 개인 및 개인사업자,"- 1인 1계좌
- 월 가입한도 : 100만원",1000000,20260820,99991231,202608200944,M,복리,F,자유적립식,24,1.8,2.5
020000,은행,2026-08-31T05:51:56+00:00,202608,0014807,수협은행,10141109800021,Sh월복리자유적금,"영업점,인터넷,스마트폰","* 만기후
-1년 이내:만기일 당시 계약기간에 해당하는  상호부금 기본금리의 1/2
-1개월 초과 ~ 3개월 이내:만기일 당시 계약기간에 해당하는 상호부금 기본금리의 1/4
-3개월 초과:만기일 당시 보통예금 기본금리","*최대우대금리:0.7%
-첫거래고객:0.3%
-카드거래:최대0.3%
-복수거래:0.1%
-요구불거래:최대0.2%
-인터넷뱅킹고객:0.1%
-자동이체실적:0.1%",1,실명의 개인 및 개인사업자,"- 1인 1계좌
- 월 가입한도 : 100만원",1000000,20260820,99991231,202608200944,M,복리,F,자유적립식,36,1.9,2.6
020000,은행,2026-08-31T05:51:56+00:00,202608,0014807,수협은행,10141114300011,"Sh해양플라스틱Zero!적금
(자유적립식)","영업점,인터넷,스마트폰","* 만기후
-1년 이내:만기일 당시 계약기간에 해당하는  상호부금 기본금리의 1/2
-1개월 초과 ~ 3개월 이내:만기일 당시 계약기간에 해당하는 상호부금 기본금리의 1/4
-3개월 초과:만기일 당시 보통예금 기본금리","* 최대우대금리:0.5%
1. 해양플라스틱감축서약 : 0.1% (신규시) 
2. 봉사활동 또는 상품홍보 : 0.2% (만기시) 
3. 입출금통장 최초신규 : 0.2% (만기시)
4. 자동이체 출금실적 : 0.2% (만기시)
 - 수협신용카드 / 당행 펀드 / 수협체크카드",1,실명의 개인,"- 1인 1계좌 
- 월 가입한도 : 20만원",200000,20260820,99991231,202608200944,S,단리,F,자유적립식,12,3.65,4.15
020000,은행,2026-08-31T05:51:56+00:00,202608,0014807,수협은행,10141114300011,"Sh해양플라스틱Zero!적금
(자유적립식)","영업점,인터넷,스마트폰","* 만기후
-1년 이내:만기일 당시 계약기간에 해당하는  상호부금 기본금리의 1/2
-1개월 초과 ~ 3개월 이내:만기일 당시 계약기간에 해당하는 상호부금 기본금리의 1/4
-3개월 초과:만기일 당시 보통예금 기본금리","* 최대우대금리:0.5%
1. 해양플라스틱감축서약 : 0.1% (신규시) 
2. 봉사활동 또는 상품홍보 : 0.2% (만기시) 
3. 입출금통장 최초신규 : 0.2% (만기시)
4. 자동이체 출금실적 : 0.2% (만기시)
 - 수협신용카드 / 당행 펀드 / 수협체크카드",1,실명의 개인,"- 1인 1계좌 
- 월 가입한도 : 20만원",200000,20260820,99991231,202608200944,S,단리,F,자유적립식,24,2.85,3.35
020000,은행,2026-08-31T05:51:56+00:00,202608,0014807,수협은행,10141114300011,"Sh해양플라스틱Zero!적금
(자유적립식)","영업점,인터넷,스마트폰","* 만기후
-1년 이내:만기일 당시 계약기간에 해당하는  상호부금 기본금리의 1/2
-1개월 초과 ~ 3개월 이내:만기일 당시 계약기간에 해당하는 상호부금 기본금리의 1/4
-3개월 초과:만기일 당시 보통예금 기본금리","* 최대우대금리:0.5%
1. 해양플라스틱감축서약 : 0.1% (신규시) 
2. 봉사활동 또는 상품홍보 : 0.2% (만기시) 
3. 입출금통장 최초신규 : 0.2% (만기시)
4. 자동이체 출금실적 : 0.2% (만기시)
 - 수협신용카드 / 당행 펀드 / 수협체크카드",1,실명의 개인,"- 1인 1계좌 
- 월 가입한도 : 20만원",200000,20260820,99991231,202608200944,S,단리,F,자유적립식,36,2.85,3.35
020000,은행,2026-08-31T05:51:56+00:00,202608,0014807,수협은행,10140114300011,"Sh해양플라스틱Zero!적금
(정액적립식)","영업점,인터넷,스마트폰","* 만기후
-1년 이내:만기일 당시 계약기간에 해당하는  정기적금 기본금리의 1/2
-1개월 초과 ~ 3개월 이내:만기일 당시 계약기간에 해당하는 정기적금 기본금리의 1/4
-3개월 초과:만기일 당시 보통예금 기본금리","* 최대우대금리:0.5%
1. 해양플라스틱감축서약 : 0.1% (신규시) 
2. 봉사활동 또는 상품홍보 : 0.2% (만기시) 
3. 입출금통장 최초신규 : 0.2% (만기시)
4. 자동이체 출금실적 : 0.2% (만기시)
 - 수협신용카드 / 당행 펀드 / 수협체크카드",1,실명의 개인,"- 1인 1계좌 
- 월 가입한도 : 100만원",1000000,20260820,99991231,202608200944,S,단리,S,정액적립식,12,3.5,4
020000,은행,2026-08-31T05:51:56+00:00,202608,0014807,수협은행,10140114300011,"Sh해양플라스틱Zero!적금
(정액적립식)","영업점,인터넷,스마트폰","* 만기후
-1년 이내:만기일 당시 계약기간에 해당하는  정기적금 기본금리의 1/2
-1개월 초과 ~ 3개월 이내:만기일 당시 계약기간에 해당하는 정기적금 기본금리의 1/4
-3개월 초과:만기일 당시 보통예금 기본금리","* 최대우대금리:0.5%
1. 해양플라스틱감축서약 : 0.1% (신규시) 
2. 봉사활동 또는 상품홍보 : 0.2% (만기시) 
3. 입출금통장 최초신규 : 0.2% (만기시)
4. 자동이체 출금실적 : 0.2% (만기시)
 - 수협신용카드 / 당행 펀드 / 수협체크카드",1,실명의 개인,"- 1인 1계좌 
- 월 가입한도 : 100만원",1000000,20260820,99991231,202608200944,S,단리,S,정액적립식,24,3,3.5
020000,은행,2026-08-31T05:51:56+00:00,202608,0014807,수협은행,10140114300011,"Sh해양플라스틱Zero!적금
(정액적립식)","영업점,인터넷,스마트폰","* 만기후
-1년 이내:만기일 당시 계약기간에 해당하는  정기적금 기본금리의 1/2
-1개월 초과 ~ 3개월 이내:만기일 당시 계약기간에 해당하는 정기적금 기본금리의 1/4
-3개월 초과:만기일 당시 보통예금 기본금리","* 최대우대금리:0.5%
1. 해양플라스틱감축서약 : 0.1% (신규시) 
2. 봉사활동 또는 상품홍보 : 0.2% (만기시) 
3. 입출금통장 최초신규 : 0.2% (만기시)
4. 자동이체 출금실적 : 0.2% (만기시)
 - 수협신용카드 / 당행 펀드 / 수협체크카드",1,실명의 개인,"- 1인 1계좌 
- 월 가입한도 : 100만원",1000000,20260820,99991231,202608200944,S,단리,S,정액적립식,36,3.3,3.8
020000,은행,2026-08-31T05:51:56+00:00,202608,0014807,수협은행,10141114700041,"헤이(Hey)적금
(자유적립식)",스마트폰,"* 만기후
-1년 이내:만기일 당시 계약기간에 해당하는  상호부금 기본금리의 1/2
-1개월 초과 ~ 3개월 이내:만기일 당시 계약기간에 해당하는 상호부금 기본금리의 1/4
-3개월 초과:만기일 당시 보통예금 기본금리","*최대우대금리 : 0.9%
1. 마케팅동의 : 0.1% (신규시)
2. 자동이체 납입 : 0.8% (만기시)",1,실명의개인,"- 1인 1계좌 
- 월 가입한도 : 100만원",1000000,20260820,99991231,202608200944,S,단리,F,자유적립식,6,2.9,3.8
020000,은행,2026-08-31T05:51:56+00:00,202608,0014807,수협은행,10141114700041,"헤이(Hey)적금
(자유적립식)",스마트폰,"* 만기후
-1년 이내:만기일 당시 계약기간에 해당하는  상호부금 기본금리의 1/2
-1개월 초과 ~ 3개월 이내:만기일 당시 계약기간에 해당하는 상호부금 기본금리의 1/4
-3개월 초과:만기일 당시 보통예금 기본금리","*최대우대금리 : 0.9%
1. 마케팅동의 : 0.1% (신규시)
2. 자동이체 납입 : 0.8% (만기시)",1,실명의개인,"- 1인 1계좌 
- 월 가입한도 : 100만원",1000000,20260820,99991231,202608200944,S,단리,F,자유적립식,12,3.2,4.1
020000,은행,2026-08-31T05:51:56+00:00,202608,0014807,수협은행,10140114700041,"헤이(Hey)적금
(정액적립식)",스마트폰,"* 만기후
-1년 이내:만기일 당시 계약기간에 해당하는  정기적금 기본금리의 1/2
-1개월 초과 ~ 3개월 이내:만기일 당시 계약기간에 해당하는 정기적금 기본금리의 1/4
-3개월 초과:만기일 당시 보통예금 기본금리","*최대우대금리  :0.9%
1. 마케팅동의 : 0.1% (신규시)
2. 자동이체 납입 : 0.8% (만기시)",1,실명의 개인,"- 1인 1계좌 
- 월 가입한도 : 100만원",1000000,20260820,99991231,202608200944,S,단리,S,정액적립식,6,2.5,3.4
020000,은행,2026-08-31T05:51:56+00:00,202608,0014807,수협은행,10140114700041,"헤이(Hey)적금
(정액적립식)",스마트폰,"* 만기후
-1년 이내:만기일 당시 계약기간에 해당하는  정기적금 기본금리의 1/2
-1개월 초과 ~ 3개월 이내:만기일 당시 계약기간에 해당하는 정기적금 기본금리의 1/4
-3개월 초과:만기일 당시 보통예금 기본금리","*최대우대금리  :0.9%
1. 마케팅동의 : 0.1% (신규시)
2. 자동이체 납입 : 0.8% (만기시)",1,실명의 개인,"- 1인 1계좌 
- 월 가입한도 : 100만원",1000000,20260820,99991231,202608200944,S,단리,S,정액적립식,12,2.8,3.7
020000,은행,2026-08-31T05:51:56+00:00,202608,0011625,신한은행,230-0119-85,신한 알.쏠 적금,"영업점,스마트폰","-1개월 이하:(일반) 정기적금 기본금리 1/2
(단, 최저금리 0.10%)
-1개월 초과~6개월 이하: (일반) 정기적금 기본금리의 1/4
(단, 최저금리 0.10%)
-6개월 초과 0.10%","※가산금리 최고 연 1.30%
- 소득이체 : 연 0.6%
- 카드이용 : 연 0.3%
- 오픈뱅킹 : 연 0.6%
- 청약보유 : 연 0.3%
- 마케팅동의 : 연 0.1%
※ 우대금리 항목별 자세한 적용 조건은 상품설명서 참조",1,제한없음,"1. 가입한도: 
월300만원 이하
2. 1인 다계좌",3000000,20260820,,202608200919,S,단리,F,자유적립식,12,2.65,3.95
020000,은행,2026-08-31T05:51:56+00:00,202608,0011625,신한은행,230-0119-85,신한 알.쏠 적금,"영업점,스마트폰","-1개월 이하:(일반) 정기적금 기본금리 1/2
(단, 최저금리 0.10%)
-1개월 초과~6개월 이하: (일반) 정기적금 기본금리의 1/4
(단, 최저금리 0.10%)
-6개월 초과 0.10%","※가산금리 최고 연 1.30%
- 소득이체 : 연 0.6%
- 카드이용 : 연 0.3%
- 오픈뱅킹 : 연 0.6%
- 청약보유 : 연 0.3%
- 마케팅동의 : 연 0.1%
※ 우대금리 항목별 자세한 적용 조건은 상품설명서 참조",1,제한없음,"1. 가입한도: 
월300만원 이하
2. 1인 다계좌",3000000,20260820,,202608200919,S,단리,F,자유적립식,24,2.65,3.95
020000,은행,2026-08-31T05:51:56+00:00,202608,0011625,신한은행,230-0119-85,신한 알.쏠 적금,"영업점,스마트폰","-1개월 이하:(일반) 정기적금 기본금리 1/2
(단, 최저금리 0.10%)
-1개월 초과~6개월 이하: (일반) 정기적금 기본금리의 1/4
(단, 최저금리 0.10%)
-6개월 초과 0.10%","※가산금리 최고 연 1.30%
- 소득이체 : 연 0.6%
- 카드이용 : 연 0.3%
- 오픈뱅킹 : 연 0.6%
- 청약보유 : 연 0.3%
- 마케팅동의 : 연 0.1%
※ 우대금리 항목별 자세한 적용 조건은 상품설명서 참조",1,제한없음,"1. 가입한도: 
월300만원 이하
2. 1인 다계좌",3000000,20260820,,202608200919,S,단리,F,자유적립식,36,2.7,4
020000,은행,2026-08-31T05:51:56+00:00,202608,0010016,아이엠뱅크,10521001001166004,iM함께적금,"영업점,인터넷,스마트폰","만기 후 1개월 미만 경과: 약정이자율 x 50%
만기 후 3개월 미만 경과: 약정이자율 x 25%
만기 후 3개월 이상 경과: 약정이자율 x 10%","*최고우대금리:연0.85%p
-전월 총수신 평잔 30만원 이상 또는 첫만남플러스통장 보유:연0.10%p
-당행 주택청약상품 보유 
-신규일 ""iM함께예금"" 동시 가입 및 만기 보유 
각 연0.20%p
-당행 오픈뱅킹서비스에 다른 은행 계좌 등록:연0.30%p                       
*해당 상품을 인터넷/모바일뱅킹을 통해 가입:연0.05%p",1,실명의 개인 및 개인사업자,계좌당 가입 최저한도 : 10만원,,20260820,,202608200845,S,단리,S,정액적립식,12,3,3.85
020000,은행,2026-08-31T05:51:56+00:00,202608,0010001,우리은행,WR0001L,WON적금,"스마트폰,전화(텔레뱅킹)","만기 후
- 1개월이내 : 만기시점약정이율×50%
- 1개월초과 6개월이내: 만기시점약정이율×30%
- 6개월초과 : 만기시점약정이율×20%

※ 만기시점 약정이율 : 일반정기적금 금리","1. 아래 각 항(가, 나)의 조건을 충족하는 경우 합산 최대 연 0.2%p 우대
가. 이 적금을 우리꿈통장, WON통장에 연결하여 가입하는 경우 : 0.1%p
나. 우리 오픈뱅킹 서비스에 타행계좌가 등록되어 있는 경우 : 연 0.1%p",1,실명의 개인,"1. 가입기간 : 1년
2. 가입금액 : 월 50만원 이내",,20260820,,202608201532,S,단리,F,자유적립식,12,3.2,3.4
020000,은행,2026-08-31T05:51:56+00:00,202608,0010001,우리은행,WR0001L,WON적금,"스마트폰,전화(텔레뱅킹)","만기 후
- 1개월이내 : 만기시점약정이율×50%
- 1개월초과 6개월이내: 만기시점약정이율×30%
- 6개월초과 : 만기시점약정이율×20%

※ 만기시점 약정이율 : 일반정기적금 금리","1. 아래 각 항(가, 나)의 조건을 충족하는 경우 합산 최대 연 0.2%p 우대
가. 이 적금을 우리꿈통장, WON통장에 연결하여 가입하는 경우 : 0.1%p
나. 우리 오픈뱅킹 서비스에 타행계좌가 등록되어 있는 경우 : 연 0.1%p",1,실명의 개인,"1. 가입기간 : 1년
2. 가입금액 : 월 50만원 이내",,20260820,,202608201532,S,단리,S,정액적립식,12,3.2,3.4
020000,은행,2026-08-31T05:51:56+00:00,202608,0010001,우리은행,WR0001F,우리SUPER주거래적금,"영업점,인터넷,스마트폰,전화(텔레뱅킹)","만기 후
- 1개월이내 : 만기시점약정이율×50%
- 1개월초과 6개월이내: 만기시점약정이율×30%
- 6개월초과 : 만기시점약정이율×20%

※ 만기시점 약정이율 : 일반정기적금 금리","1.우리은행 입출식 계좌에서 각 항목별 실적 월 수가 계약기간의 1/2이상인 경우
가.급여/연금 이체:연 0.7%p
나.공과금 자동이체 출금: 0.3%p
다.우리카드사 신용/체크카드 결제 10만원 이상: 연 0.3%p
2.상품서비스 마케팅 동의 항목 중 전화(휴대폰) 및 SMS항목을 모두 동의 후 만기까지 유지 : 연 0.1%p
3.금리쿠폰을 적용",1,실명의 개인,"1. 가입기간 : 1년/2년/3년
2. 가입금액 : 월 50만원 이내",,20260820,,202608201532,S,단리,F,자유적립식,12,2.45,3.85
020000,은행,2026-08-31T05:51:56+00:00,202608,0010001,우리은행,WR0001F,우리SUPER주거래적금,"영업점,인터넷,스마트폰,전화(텔레뱅킹)","만기 후
- 1개월이내 : 만기시점약정이율×50%
- 1개월초과 6개월이내: 만기시점약정이율×30%
- 6개월초과 : 만기시점약정이율×20%

※ 만기시점 약정이율 : 일반정기적금 금리","1.우리은행 입출식 계좌에서 각 항목별 실적 월 수가 계약기간의 1/2이상인 경우
가.급여/연금 이체:연 0.7%p
나.공과금 자동이체 출금: 0.3%p
다.우리카드사 신용/체크카드 결제 10만원 이상: 연 0.3%p
2.상품서비스 마케팅 동의 항목 중 전화(휴대폰) 및 SMS항목을 모두 동의 후 만기까지 유지 : 연 0.1%p
3.금리쿠폰을 적용",1,실명의 개인,"1. 가입기간 : 1년/2년/3년
2. 가입금액 : 월 50만원 이내",,20260820,,202608201532,S,단리,S,정액적립식,12,2.45,3.85
020000,은행,2026-08-31T05:51:56+00:00,202608,0010001,우리은행,WR0001F,우리SUPER주거래적금,"영업점,인터넷,스마트폰,전화(텔레뱅킹)","만기 후
- 1개월이내 : 만기시점약정이율×50%
- 1개월초과 6개월이내: 만기시점약정이율×30%
- 6개월초과 : 만기시점약정이율×20%

※ 만기시점 약정이율 : 일반정기적금 금리","1.우리은행 입출식 계좌에서 각 항목별 실적 월 수가 계약기간의 1/2이상인 경우
가.급여/연금 이체:연 0.7%p
나.공과금 자동이체 출금: 0.3%p
다.우리카드사 신용/체크카드 결제 10만원 이상: 연 0.3%p
2.상품서비스 마케팅 동의 항목 중 전화(휴대폰) 및 SMS항목을 모두 동의 후 만기까지 유지 : 연 0.1%p
3.금리쿠폰을 적용",1,실명의 개인,"1. 가입기간 : 1년/2년/3년
2. 가입금액 : 월 50만원 이내",,20260820,,202608201532,S,단리,F,자유적립식,24,2.4,3.8
020000,은행,2026-08-31T05:51:56+00:00,202608,0010001,우리은행,WR0001F,우리SUPER주거래적금,"영업점,인터넷,스마트폰,전화(텔레뱅킹)","만기 후
- 1개월이내 : 만기시점약정이율×50%
- 1개월초과 6개월이내: 만기시점약정이율×30%
- 6개월초과 : 만기시점약정이율×20%

※ 만기시점 약정이율 : 일반정기적금 금리","1.우리은행 입출식 계좌에서 각 항목별 실적 월 수가 계약기간의 1/2이상인 경우
가.급여/연금 이체:연 0.7%p
나.공과금 자동이체 출금: 0.3%p
다.우리카드사 신용/체크카드 결제 10만원 이상: 연 0.3%p
2.상품서비스 마케팅 동의 항목 중 전화(휴대폰) 및 SMS항목을 모두 동의 후 만기까지 유지 : 연 0.1%p
3.금리쿠폰을 적용",1,실명의 개인,"1. 가입기간 : 1년/2년/3년
2. 가입금액 : 월 50만원 이내",,20260820,,202608201532,S,단리,S,정액적립식,24,2.4,3.8
020000,은행,2026-08-31T05:51:56+00:00,202608,0010001,우리은행,WR0001F,우리SUPER주거래적금,"영업점,인터넷,스마트폰,전화(텔레뱅킹)","만기 후
- 1개월이내 : 만기시점약정이율×50%
- 1개월초과 6개월이내: 만기시점약정이율×30%
- 6개월초과 : 만기시점약정이율×20%

※ 만기시점 약정이율 : 일반정기적금 금리","1.우리은행 입출식 계좌에서 각 항목별 실적 월 수가 계약기간의 1/2이상인 경우
가.급여/연금 이체:연 0.7%p
나.공과금 자동이체 출금: 0.3%p
다.우리카드사 신용/체크카드 결제 10만원 이상: 연 0.3%p
2.상품서비스 마케팅 동의 항목 중 전화(휴대폰) 및 SMS항목을 모두 동의 후 만기까지 유지 : 연 0.1%p
3.금리쿠폰을 적용",1,실명의 개인,"1. 가입기간 : 1년/2년/3년
2. 가입금액 : 월 50만원 이내",,20260820,,202608201532,S,단리,F,자유적립식,36,2.4,3.8
020000,은행,2026-08-31T05:51:56+00:00,202608,0010001,우리은행,WR0001F,우리SUPER주거래적금,"영업점,인터넷,스마트폰,전화(텔레뱅킹)","만기 후
- 1개월이내 : 만기시점약정이율×50%
- 1개월초과 6개월이내: 만기시점약정이율×30%
- 6개월초과 : 만기시점약정이율×20%

※ 만기시점 약정이율 : 일반정기적금 금리","1.우리은행 입출식 계좌에서 각 항목별 실적 월 수가 계약기간의 1/2이상인 경우
가.급여/연금 이체:연 0.7%p
나.공과금 자동이체 출금: 0.3%p
다.우리카드사 신용/체크카드 결제 10만원 이상: 연 0.3%p
2.상품서비스 마케팅 동의 항목 중 전화(휴대폰) 및 SMS항목을 모두 동의 후 만기까지 유지 : 연 0.1%p
3.금리쿠폰을 적용",1,실명의 개인,"1. 가입기간 : 1년/2년/3년
2. 가입금액 : 월 50만원 이내",,20260820,,202608201532,S,단리,S,정액적립식,36,2.4,3.8
020000,은행,2026-08-31T05:51:56+00:00,202608,0010022,전북은행,10-01-30-031-0018-0000,JB 다이렉트적금(자유적립식),"인터넷,스마트폰","√만기후 1개월이내 경과분 : 만기일 현재 계약기간별 정기적금(자유적립식) 실행이율의 1/2
√만기후 1개월초과 경과분 : 연 0.1%","추가우대금리 :
당행 계좌간 자동이체를 통해 이 예금으로 자동이체 된 금액에 0.1% 금리 우대",1,실명의 개인 및 개인사업자(임의단체 제외),"1. 초회불입금 1만원이상, 1인당 월별 최고 1천만원이내
2. 만기직전 1개월간 적립합계는 이전기간 적립금액을 초과할 수 없음
3. 인터넷뱅킹/스마트폰뱅킹 가입상품",10000000,20260820,,202608201415,S,단리,F,자유적립식,12,3.5,3.6
020000,은행,2026-08-31T05:51:56+00:00,202608,0010022,전북은행,10-01-30-031-0018-0000,JB 다이렉트적금(자유적립식),"인터넷,스마트폰","√만기후 1개월이내 경과분 : 만기일 현재 계약기간별 정기적금(자유적립식) 실행이율의 1/2
√만기후 1개월초과 경과분 : 연 0.1%","추가우대금리 :
당행 계좌간 자동이체를 통해 이 예금으로 자동이체 된 금액에 0.1% 금리 우대",1,실명의 개인 및 개인사업자(임의단체 제외),"1. 초회불입금 1만원이상, 1인당 월별 최고 1천만원이내
2. 만기직전 1개월간 적립합계는 이전기간 적립금액을 초과할 수 없음
3. 인터넷뱅킹/스마트폰뱅킹 가입상품",10000000,20260820,,202608201415,S,단리,F,자유적립식,24,3.2,3.3
020000,은행,2026-08-31T05:51:56+00:00,202608,0010022,전북은행,10-01-30-031-0018-0000,JB 다이렉트적금(자유적립식),"인터넷,스마트폰","√만기후 1개월이내 경과분 : 만기일 현재 계약기간별 정기적금(자유적립식) 실행이율의 1/2
√만기후 1개월초과 경과분 : 연 0.1%","추가우대금리 :
당행 계좌간 자동이체를 통해 이 예금으로 자동이체 된 금액에 0.1% 금리 우대",1,실명의 개인 및 개인사업자(임의단체 제외),"1. 초회불입금 1만원이상, 1인당 월별 최고 1천만원이내
2. 만기직전 1개월간 적립합계는 이전기간 적립금액을 초과할 수 없음
3. 인터넷뱅킹/스마트폰뱅킹 가입상품",10000000,20260820,,202608201415,S,단리,F,자유적립식,36,3.1,3.2
020000,은행,2026-08-31T05:51:56+00:00,202608,0010022,전북은행,10-01-30-031-0036,JB 다이렉트적금(정액적립식),"인터넷,스마트폰","√만기후 1개월이내 경과분 : 만기일 현재 계약기간별 정기적금(정액적립식) 실행이율의 1/2
√만기후 1개월초과 경과분 : 연 0.1%","추가우대금리 :
당행 계좌간 자동이체를 통해 6회이상 입금한 경우 
연 0.1% 금리우대",1,실명의 개인 및 개인사업자(임의단체 제외),"1. 초회불입금 1만원이상, 1인당 월별 최고 5백만원이내
2. 인터넷뱅킹/스마트폰뱅킹 가입상품",5000000,20260820,,202608201415,S,단리,S,정액적립식,12,3.6,3.7
020000,은행,2026-08-31T05:51:56+00:00,202608,0010022,전북은행,10-01-30-031-0036,JB 다이렉트적금(정액적립식),"인터넷,스마트폰","√만기후 1개월이내 경과분 : 만기일 현재 계약기간별 정기적금(정액적립식) 실행이율의 1/2
√만기후 1개월초과 경과분 : 연 0.1%","추가우대금리 :
당행 계좌간 자동이체를 통해 6회이상 입금한 경우 
연 0.1% 금리우대",1,실명의 개인 및 개인사업자(임의단체 제외),"1. 초회불입금 1만원이상, 1인당 월별 최고 5백만원이내
2. 인터넷뱅킹/스마트폰뱅킹 가입상품",5000000,20260820,,202608201415,S,단리,S,정액적립식,24,3.3,3.4
020000,은행,2026-08-31T05:51:56+00:00,202608,0010022,전북은행,10-01-30-031-0036,JB 다이렉트적금(정액적립식),"인터넷,스마트폰","√만기후 1개월이내 경과분 : 만기일 현재 계약기간별 정기적금(정액적립식) 실행이율의 1/2
√만기후 1개월초과 경과분 : 연 0.1%","추가우대금리 :
당행 계좌간 자동이체를 통해 6회이상 입금한 경우 
연 0.1% 금리우대",1,실명의 개인 및 개인사업자(임의단체 제외),"1. 초회불입금 1만원이상, 1인당 월별 최고 5백만원이내
2. 인터넷뱅킹/스마트폰뱅킹 가입상품",5000000,20260820,,202608201415,S,단리,S,정액적립식,36,3.2,3.3
020000,은행,2026-08-31T05:51:56+00:00,202608,0010020,제주은행,220002501,MZ 플랜적금,"영업점,인터넷,스마트폰","- 만기후 1개월 이내 : (일반)정기적금 기본이자율의 50%
(단, 최저금리 0.1%)
- 만기후 1개월 초과 3개월 이내 : (일반)정기적금 기본이자율의 25%
(단, 최저금리 0.1%)
- 만기후 3개월 초과 : 0.1%","①매월 1회이상 지속적 납입시:1년제: 0.50%
② 목표 금액 달성:0.50%
③ 신용카드,체크카드 합산 사용액 월10만원 이상 사용: 0.50%
* 청년이니까응원합니다 이벤트 : 0.50%",1,개인 및 개인사업자,월 납입한도 30만원 이하,300000,20260820,,202608200935,S,단리,F,자유적립식,12,2.95,4.95
020000,은행,2026-08-31T05:51:56+00:00,202608,0010020,제주은행,220002501,MZ 플랜적금,"영업점,인터넷,스마트폰","- 만기후 1개월 이내 : (일반)정기적금 기본이자율의 50%
(단, 최저금리 0.1%)
- 만기후 1개월 초과 3개월 이내 : (일반)정기적금 기본이자율의 25%
(단, 최저금리 0.1%)
- 만기후 3개월 초과 : 0.1%","①매월 1회이상 지속적 납입시:1년제: 0.50%
② 목표 금액 달성:0.50%
③ 신용카드,체크카드 합산 사용액 월10만원 이상 사용: 0.50%
* 청년이니까응원합니다 이벤트 : 0.50%",1,개인 및 개인사업자,월 납입한도 30만원 이하,300000,20260820,,202608200935,S,단리,F,자유적립식,24,3.15,5.15
020000,은행,2026-08-31T05:51:56+00:00,202608,0010020,제주은행,220002101,jbank 저금통적금,"인터넷,스마트폰","- 만기후 1개월 이내 : (일반)정기적금 기본이자율의 50%
(단, 최저금리 0.1%)
- 만기후 1개월 초과 3개월 이내 : (일반)정기적금 기본이자율의 25%
(단, 최저금리 0.1%)
- 만기후 3개월 초과 : 0.1%","* 거래조건에 따라 최고 2.1%p 우대금리 적용
① 자투리 출금계좌 평잔 50만원 이상 유지 : 0.8%p
② 첫거래고객 or JBANK저금통적금 1개월 내 재신규 : 0.5%p
③ 신규가입 시점에서 적금 목표금액 최소 30만원 이상 설정하고, 적금 신규일로부터 3개월 내 잔액이 목표금액 이상인 경우 :0.5%p
④ 추천인 우대금리 : 0.30%p",1,개인 및 개인사업자,월 납입한도 50만원 이하,500000,20260820,,202608200935,S,단리,F,자유적립식,6,2.3,4.4
020000,은행,2026-08-31T05:51:56+00:00,202608,0010020,제주은행,220002101,jbank 저금통적금,"인터넷,스마트폰","- 만기후 1개월 이내 : (일반)정기적금 기본이자율의 50%
(단, 최저금리 0.1%)
- 만기후 1개월 초과 3개월 이내 : (일반)정기적금 기본이자율의 25%
(단, 최저금리 0.1%)
- 만기후 3개월 초과 : 0.1%","* 거래조건에 따라 최고 2.1%p 우대금리 적용
① 자투리 출금계좌 평잔 50만원 이상 유지 : 0.8%p
② 첫거래고객 or JBANK저금통적금 1개월 내 재신규 : 0.5%p
③ 신규가입 시점에서 적금 목표금액 최소 30만원 이상 설정하고, 적금 신규일로부터 3개월 내 잔액이 목표금액 이상인 경우 :0.5%p
④ 추천인 우대금리 : 0.30%p",1,개인 및 개인사업자,월 납입한도 50만원 이하,500000,20260820,,202608200935,S,단리,F,자유적립식,12,2.6,4.7
020000,은행,2026-08-31T05:51:56+00:00,202608,0010020,제주은행,220002701,사이버우대매일부금,"인터넷,스마트폰","- 만기후 1개월 이내 : (일반)정기적금 기본이자율의 50%
(단, 최저금리 0.1%)
- 만기후 1개월 초과 3개월 이내 : (일반)정기적금 기본이자율의 25%
(단, 최저금리 0.1%)
- 만기후 3개월 초과 : 0.1%","최고 0.4%p 추가 우대금리 제공
1. 비대면채널 신규시 0.1%p
2. 아래의 조건 충족시 0.3%p 추가 우대금리 제공
①탐나는 J 직장인통장
②탐나는 J 주거래통장
가입고객이 기본우대 요건 충족 후 이 상품 가입시 0.1%p
③달리자 파킹통장 가입 고객이 이 상품 가입시 0.3%p
(단, ①, ②, ③항은 중복적용 불가)",1,개인 및 개인사업자,"가입 최소금액 1천원 이상,
매 입금별 1천원 이상",,20260820,,202608200935,S,단리,F,자유적립식,6,2.1,2.5
020000,은행,2026-08-31T05:51:56+00:00,202608,0010020,제주은행,220002701,사이버우대매일부금,"인터넷,스마트폰","- 만기후 1개월 이내 : (일반)정기적금 기본이자율의 50%
(단, 최저금리 0.1%)
- 만기후 1개월 초과 3개월 이내 : (일반)정기적금 기본이자율의 25%
(단, 최저금리 0.1%)
- 만기후 3개월 초과 : 0.1%","최고 0.4%p 추가 우대금리 제공
1. 비대면채널 신규시 0.1%p
2. 아래의 조건 충족시 0.3%p 추가 우대금리 제공
①탐나는 J 직장인통장
②탐나는 J 주거래통장
가입고객이 기본우대 요건 충족 후 이 상품 가입시 0.1%p
③달리자 파킹통장 가입 고객이 이 상품 가입시 0.3%p
(단, ①, ②, ③항은 중복적용 불가)",1,개인 및 개인사업자,"가입 최소금액 1천원 이상,
매 입금별 1천원 이상",,20260820,,202608200935,S,단리,F,자유적립식,12,2.4,2.8
020000,은행,2026-08-31T05:51:56+00:00,202608,0010020,제주은행,220002701,사이버우대매일부금,"인터넷,스마트폰","- 만기후 1개월 이내 : (일반)정기적금 기본이자율의 50%
(단, 최저금리 0.1%)
- 만기후 1개월 초과 3개월 이내 : (일반)정기적금 기본이자율의 25%
(단, 최저금리 0.1%)
- 만기후 3개월 초과 : 0.1%","최고 0.4%p 추가 우대금리 제공
1. 비대면채널 신규시 0.1%p
2. 아래의 조건 충족시 0.3%p 추가 우대금리 제공
①탐나는 J 직장인통장
②탐나는 J 주거래통장
가입고객이 기본우대 요건 충족 후 이 상품 가입시 0.1%p
③달리자 파킹통장 가입 고객이 이 상품 가입시 0.3%p
(단, ①, ②, ③항은 중복적용 불가)",1,개인 및 개인사업자,"가입 최소금액 1천원 이상,
매 입금별 1천원 이상",,20260820,,202608200935,S,단리,F,자유적립식,24,2.45,2.85
020000,은행,2026-08-31T05:51:56+00:00,202608,0010020,제주은행,220002701,사이버우대매일부금,"인터넷,스마트폰","- 만기후 1개월 이내 : (일반)정기적금 기본이자율의 50%
(단, 최저금리 0.1%)
- 만기후 1개월 초과 3개월 이내 : (일반)정기적금 기본이자율의 25%
(단, 최저금리 0.1%)
- 만기후 3개월 초과 : 0.1%","최고 0.4%p 추가 우대금리 제공
1. 비대면채널 신규시 0.1%p
2. 아래의 조건 충족시 0.3%p 추가 우대금리 제공
①탐나는 J 직장인통장
②탐나는 J 주거래통장
가입고객이 기본우대 요건 충족 후 이 상품 가입시 0.1%p
③달리자 파킹통장 가입 고객이 이 상품 가입시 0.3%p
(단, ①, ②, ③항은 중복적용 불가)",1,개인 및 개인사업자,"가입 최소금액 1천원 이상,
매 입금별 1천원 이상",,20260820,,202608200935,S,단리,F,자유적립식,36,2.55,2.95
020000,은행,2026-08-31T05:51:56+00:00,202608,0015130,주식회사 카카오뱅크,10-01-30-355-0005,카카오뱅크 26주적금,스마트폰,"- 만기 후 1개월 이내 : 가입시점 기본금리x50%
- 만기 후 1개월초과 3개월 이내 : 가입시점 기본금리x30%
- 만기 후 3개월 초과 : 0.20%","자동이체 연속 성공 우대금리 제공 : 최고 연 3.00%p
- 제공조건
① 7주차까지 자동이체 납입을 연속 성공하고 만기해지 하는 경우 연 1.00%p 제공
② 26주차까지 자동이체 납입을 연속 성공하고 만기해지 하는 경우 연 2.00%p 추가 제공
- 유의사항 : 자동이체 실패한 주차를 빈자리채우기 하여도 성공으로 인정되지 않음",1,만 14세 이상의 실명의 개인,"1. 가입방법 : 스마트폰
2. 가입금액 : 1천원, 2천원, 3천원, 5천원, 1만원
3. 가입기간 : 6개월
4. 26주적금서비스(자동이체)를 통해서 납입이 가능하며, 그 외의 입금은 모두 제한됨
(단, 26주적금 서비스를 통한 납입 실패 시 빈자리 채우기로 납입 가능)",,20260820,,202608200830,S,단리,F,자유적립식,6,2,5
020000,은행,2026-08-31T05:51:56+00:00,202608,0015130,주식회사 카카오뱅크,10-01-30-355-0007,카카오뱅크 우리아이적금,스마트폰,"- 만기 후 1개월 이내 : 가입시점 기본금리x50%
- 만기 후 1개월초과 3개월 이내 : 가입시점 기본금리x30%
- 만기 후 3개월 초과 : 0.20%","자동이체시 우대금리 제공 : 연 4.00%p
 - 제공조건 : 전체 계약월수의 1/2이상을 자동이체로 납입하고 만기 해지하는 경우
 - 유의사항 : 만기 자동연장된 원리금은 우대금리를 제공하지 않음",1,우리아이통장을 보유한 만 0세 이상 만 17세 미만의 실명의 개인,"1. 가입방법: 스마트폰 
2. 가입기간 : 12개월 
3. 월 적립한도: 1천원 이상 월 20만원 이하 원단위(단, 자동연장된 원리금은 월 적립한도에 포함되지 않음)
4. 우리아이서비스를 통해 법정대리인으로 확인된 부 또는 모가 본인을 대리하여 가입 가능",,20260820,,202608200830,S,단리,F,자유적립식,12,3,7
020000,은행,2026-08-31T05:51:56+00:00,202608,0015130,주식회사 카카오뱅크,10-01-30-355-0002,카카오뱅크 자유적금,스마트폰,"- 만기 후 1개월 이내 : 가입(또는 자동연장)시점 기본금리x50%
- 만기 후 1개월초과 3개월 이내 : 가입(또는 자동연장)시점 기본금리x30%
- 만기 후 3개월 초과 : 0.20%","자동이체시 우대금리 제공 : 연 0.20%p
 - 제공조건 : 전체 계약월수의 1/2이상을 자동이체로 납입하고 만기 해지하는 경우
 - 유의사항 : 만기 자동연장된 원리금은 우대금리를 제공하지 않음",1,만 14세 이상의 실명의 개인,"1. 가입방법 : 스마트폰
2. 가입금액 : 1천원 이상(원단위)
3. 가입기간 : 6개월 이상 ~ 36개월 이하(월, 일단위 지정 가능)
4. 월 적립한도 : 1천원 이상 월 300만원 이하 원단위(단, 자동연장된 원리금은 월 적립한도에 포함되지 않음)",,20260820,,202608200830,S,단리,F,자유적립식,6,3.5,3.7
020000,은행,2026-08-31T05:51:56+00:00,202608,0015130,주식회사 카카오뱅크,10-01-30-355-0002,카카오뱅크 자유적금,스마트폰,"- 만기 후 1개월 이내 : 가입(또는 자동연장)시점 기본금리x50%
- 만기 후 1개월초과 3개월 이내 : 가입(또는 자동연장)시점 기본금리x30%
- 만기 후 3개월 초과 : 0.20%","자동이체시 우대금리 제공 : 연 0.20%p
 - 제공조건 : 전체 계약월수의 1/2이상을 자동이체로 납입하고 만기 해지하는 경우
 - 유의사항 : 만기 자동연장된 원리금은 우대금리를 제공하지 않음",1,만 14세 이상의 실명의 개인,"1. 가입방법 : 스마트폰
2. 가입금액 : 1천원 이상(원단위)
3. 가입기간 : 6개월 이상 ~ 36개월 이하(월, 일단위 지정 가능)
4. 월 적립한도 : 1천원 이상 월 300만원 이하 원단위(단, 자동연장된 원리금은 월 적립한도에 포함되지 않음)",,20260820,,202608200830,S,단리,F,자유적립식,12,3.65,3.85
020000,은행,2026-08-31T05:51:56+00:00,202608,0015130,주식회사 카카오뱅크,10-01-30-355-0002,카카오뱅크 자유적금,스마트폰,"- 만기 후 1개월 이내 : 가입(또는 자동연장)시점 기본금리x50%
- 만기 후 1개월초과 3개월 이내 : 가입(또는 자동연장)시점 기본금리x30%
- 만기 후 3개월 초과 : 0.20%","자동이체시 우대금리 제공 : 연 0.20%p
 - 제공조건 : 전체 계약월수의 1/2이상을 자동이체로 납입하고 만기 해지하는 경우
 - 유의사항 : 만기 자동연장된 원리금은 우대금리를 제공하지 않음",1,만 14세 이상의 실명의 개인,"1. 가입방법 : 스마트폰
2. 가입금액 : 1천원 이상(원단위)
3. 가입기간 : 6개월 이상 ~ 36개월 이하(월, 일단위 지정 가능)
4. 월 적립한도 : 1천원 이상 월 300만원 이하 원단위(단, 자동연장된 원리금은 월 적립한도에 포함되지 않음)",,20260820,,202608200830,S,단리,F,자유적립식,24,3,3.2
020000,은행,2026-08-31T05:51:56+00:00,202608,0015130,주식회사 카카오뱅크,10-01-30-355-0002,카카오뱅크 자유적금,스마트폰,"- 만기 후 1개월 이내 : 가입(또는 자동연장)시점 기본금리x50%
- 만기 후 1개월초과 3개월 이내 : 가입(또는 자동연장)시점 기본금리x30%
- 만기 후 3개월 초과 : 0.20%","자동이체시 우대금리 제공 : 연 0.20%p
 - 제공조건 : 전체 계약월수의 1/2이상을 자동이체로 납입하고 만기 해지하는 경우
 - 유의사항 : 만기 자동연장된 원리금은 우대금리를 제공하지 않음",1,만 14세 이상의 실명의 개인,"1. 가입방법 : 스마트폰
2. 가입금액 : 1천원 이상(원단위)
3. 가입기간 : 6개월 이상 ~ 36개월 이하(월, 일단위 지정 가능)
4. 월 적립한도 : 1천원 이상 월 300만원 이하 원단위(단, 자동연장된 원리금은 월 적립한도에 포함되지 않음)",,20260820,,202608200830,S,단리,F,자유적립식,36,3,3.2
020000,은행,2026-08-31T05:51:56+00:00,202608,0015130,주식회사 카카오뱅크,10-01-30-355-0006,카카오뱅크 한달적금,스마트폰,"- 만기 후 1개월 이내 : 가입시점 기본금리x50%
- 만기 후 1개월초과 3개월 이내 : 가입시점 기본금리x30%
- 만기 후 3개월 초과 : 0.20%","매일/보너스 우대금리 제공 : 최고 연 5.50%p
- 제공조건
① 매일 우대금리 : 매 입금 시 마다 연 0.10%p 제공(최대 연 3.10%p)
② 보너스 우대금리 : 누적하여 5/10/15/20/25/31회 입금 시 해당 우대금리 제공(최대 연 2.40%p)
- 유의사항 : 만기 해지하는 경우에만 제공",1,만 14세 이상의 실명의 개인,"1. 가입방법 : 스마트폰
2. 납입금액 : 1회 100원 이상 3만원 이하(원단위)
3. 가입기간 : 31일
4. 직접 납입을 통해서 1일 1회만 입금 가능하며, 그 외의 입금은 모두 제한됨",,20260820,,202608200830,S,단리,F,자유적립식,1,0.5,6
020000,은행,2026-08-31T05:51:56+00:00,202608,0014674,주식회사 케이뱅크,01012000200000000004,궁금한 적금,스마트폰,"만기 후 
- 1개월 이내: 만기시점 기본금리 X 50% 
- 1개월 초과 ~ 6개월 이내: 만기시점 기본금리 X 30%
- 6개월 초과: 연 0.20%","입금할 때마다 우대금리를 랜덤으로 제공하며, 입금 시 제공되는 우대금리를 누적으로 합산하여 만기 해지 시 적용 (최고 연 6.0%)",1,만 17세 이상 실명의 개인 및 개인사업자,"가입금액: 0원
가입기간: 31일
(1인 최대 1계좌)
적립방법 : 연결계좌를 통한 직접 입금만 가능하며, 입금은 신규일부터 만기일 전일까지 1일 1회 가능
납입금액 : 1일(1회) 최소 100원, 최대 5만원",,20260820,,202608200921,S,단리,F,자유적립식,1,0.7,6.7
020000,은행,2026-08-31T05:51:56+00:00,202608,0014674,주식회사 케이뱅크,01012000200000000005,데굴데굴 농장,스마트폰,"만기 후
- 1개월 이내: 만기시점 기본금리 X 50%
- 1개월 초과 ~ 6개월 이내: 만기시점 기본금리 X 30%
- 6개월 초과: 연 0.20%",금리우대 코드를 입력하는 경우 우대금리 적용,1,만 17세 이상 실명의 개인 및 개인사업자,"가입금액: 1만원 이상 1천만원 이하
가입기간: 6개월 , 1년
(1인 최대1계좌)",10000000,20260820,,202608200921,S,단리,F,자유적립식,6,3,3
020000,은행,2026-08-31T05:51:56+00:00,202608,0014674,주식회사 케이뱅크,01012000200000000005,데굴데굴 농장,스마트폰,"만기 후
- 1개월 이내: 만기시점 기본금리 X 50%
- 1개월 초과 ~ 6개월 이내: 만기시점 기본금리 X 30%
- 6개월 초과: 연 0.20%",금리우대 코드를 입력하는 경우 우대금리 적용,1,만 17세 이상 실명의 개인 및 개인사업자,"가입금액: 1만원 이상 1천만원 이하
가입기간: 6개월 , 1년
(1인 최대1계좌)",10000000,20260820,,202608200921,S,단리,F,자유적립식,12,3,3
020000,은행,2026-08-31T05:51:56+00:00,202608,0014674,주식회사 케이뱅크,01012000200000000006,마이키즈 적금,스마트폰,"만기 후
- 1개월 이내: 만기시점 기본금리 X 50%
- 1개월 초과 ~ 6개월 이내: 만기시점 기본금리 X 30%
- 6개월 초과: 연 0.20%","1. 입금실적에 따라 우대금리 적용
2. 금리쿠폰을 입력시 우대금리 적용",1,만 17세 미만의 실명의 개인,"가입금액: 0원 / 최대 납입금액 : 월 30만원 
가입기간 : 1년,2년,3년,4년,5년
 ㅇ 4년 금리: 최저 연 3.3% ~ 최고 연 7.3%
 ㅇ 5년 금리: 최저 연 3.5% ~ 최고 연 7.5%",300000,20260820,,202608200921,S,단리,F,자유적립식,12,3,7
020000,은행,2026-08-31T05:51:56+00:00,202608,0014674,주식회사 케이뱅크,01012000200000000006,마이키즈 적금,스마트폰,"만기 후
- 1개월 이내: 만기시점 기본금리 X 50%
- 1개월 초과 ~ 6개월 이내: 만기시점 기본금리 X 30%
- 6개월 초과: 연 0.20%","1. 입금실적에 따라 우대금리 적용
2. 금리쿠폰을 입력시 우대금리 적용",1,만 17세 미만의 실명의 개인,"가입금액: 0원 / 최대 납입금액 : 월 30만원 
가입기간 : 1년,2년,3년,4년,5년
 ㅇ 4년 금리: 최저 연 3.3% ~ 최고 연 7.3%
 ㅇ 5년 금리: 최저 연 3.5% ~ 최고 연 7.5%",300000,20260820,,202608200921,S,단리,F,자유적립식,24,3,7
020000,은행,2026-08-31T05:51:56+00:00,202608,0014674,주식회사 케이뱅크,01012000200000000006,마이키즈 적금,스마트폰,"만기 후
- 1개월 이내: 만기시점 기본금리 X 50%
- 1개월 초과 ~ 6개월 이내: 만기시점 기본금리 X 30%
- 6개월 초과: 연 0.20%","1. 입금실적에 따라 우대금리 적용
2. 금리쿠폰을 입력시 우대금리 적용",1,만 17세 미만의 실명의 개인,"가입금액: 0원 / 최대 납입금액 : 월 30만원 
가입기간 : 1년,2년,3년,4년,5년
 ㅇ 4년 금리: 최저 연 3.3% ~ 최고 연 7.3%
 ㅇ 5년 금리: 최저 연 3.5% ~ 최고 연 7.5%",300000,20260820,,202608200921,S,단리,F,자유적립식,36,3.3,7.3
020000,은행,2026-08-31T05:51:56+00:00,202608,0014674,주식회사 케이뱅크,01012000210000000000,주거래우대 자유적금,스마트폰,"만기 후 
- 1개월 이내: 만기시점 기본금리 X 50% 
- 1개월 초과 ~ 6개월 이내: 만기시점 기본금리 X 30%
- 6개월 초과: 연 0.20%","급여이체 또는 통신비 자동이체, 체크카드 고객에게 우대금리 제공 (최고 연 0.6%)",1,만 17세 이상 실명의 개인 및 개인사업자,"가입금액: 1천원 이상 300만원 이하
가입기간: 6개월 ~ 36개월
(1인 최대 3계좌)",3000000,20260820,,202608200921,S,단리,F,자유적립식,6,3.2,3.8
020000,은행,2026-08-31T05:51:56+00:00,202608,0014674,주식회사 케이뱅크,01012000210000000000,주거래우대 자유적금,스마트폰,"만기 후 
- 1개월 이내: 만기시점 기본금리 X 50% 
- 1개월 초과 ~ 6개월 이내: 만기시점 기본금리 X 30%
- 6개월 초과: 연 0.20%","급여이체 또는 통신비 자동이체, 체크카드 고객에게 우대금리 제공 (최고 연 0.6%)",1,만 17세 이상 실명의 개인 및 개인사업자,"가입금액: 1천원 이상 300만원 이하
가입기간: 6개월 ~ 36개월
(1인 최대 3계좌)",3000000,20260820,,202608200921,S,단리,F,자유적립식,12,3.6,4.2
020000,은행,2026-08-31T05:51:56+00:00,202608,0014674,주식회사 케이뱅크,01012000210000000000,주거래우대 자유적금,스마트폰,"만기 후 
- 1개월 이내: 만기시점 기본금리 X 50% 
- 1개월 초과 ~ 6개월 이내: 만기시점 기본금리 X 30%
- 6개월 초과: 연 0.20%","급여이체 또는 통신비 자동이체, 체크카드 고객에게 우대금리 제공 (최고 연 0.6%)",1,만 17세 이상 실명의 개인 및 개인사업자,"가입금액: 1천원 이상 300만원 이하
가입기간: 6개월 ~ 36개월
(1인 최대 3계좌)",3000000,20260820,,202608200921,S,단리,F,자유적립식,24,3.4,4
020000,은행,2026-08-31T05:51:56+00:00,202608,0014674,주식회사 케이뱅크,01012000210000000000,주거래우대 자유적금,스마트폰,"만기 후 
- 1개월 이내: 만기시점 기본금리 X 50% 
- 1개월 초과 ~ 6개월 이내: 만기시점 기본금리 X 30%
- 6개월 초과: 연 0.20%","급여이체 또는 통신비 자동이체, 체크카드 고객에게 우대금리 제공 (최고 연 0.6%)",1,만 17세 이상 실명의 개인 및 개인사업자,"가입금액: 1천원 이상 300만원 이하
가입기간: 6개월 ~ 36개월
(1인 최대 3계좌)",3000000,20260820,,202608200921,S,단리,F,자유적립식,36,3.4,4
020000,은행,2026-08-31T05:51:56+00:00,202608,0014674,주식회사 케이뱅크,01012000200000000003,코드K 자유적금,스마트폰,"만기 후 
- 1개월 이내: 만기시점 기본금리 X 50% 
- 1개월 초과 ~ 6개월 이내: 만기시점 기본금리 X 30%
- 6개월 초과: 연 0.20%",금리우대 코드를 입력하는 경우 우대금리 적용,1,만 17세 이상 실명의 개인 및 개인사업자,"가입금액: 1만원 이상 30만원 이하
가입기간: 6개월, 1년, 2년, 3년 
(1인 최대 15계좌)",300000,20260820,,202608200921,S,단리,F,자유적립식,1,2.8,2.8
020000,은행,2026-08-31T05:51:56+00:00,202608,0014674,주식회사 케이뱅크,01012000200000000003,코드K 자유적금,스마트폰,"만기 후 
- 1개월 이내: 만기시점 기본금리 X 50% 
- 1개월 초과 ~ 6개월 이내: 만기시점 기본금리 X 30%
- 6개월 초과: 연 0.20%",금리우대 코드를 입력하는 경우 우대금리 적용,1,만 17세 이상 실명의 개인 및 개인사업자,"가입금액: 1만원 이상 30만원 이하
가입기간: 6개월, 1년, 2년, 3년 
(1인 최대 15계좌)",300000,20260820,,202608200921,S,단리,F,자유적립식,3,3,3
020000,은행,2026-08-31T05:51:56+00:00,202608,0014674,주식회사 케이뱅크,01012000200000000003,코드K 자유적금,스마트폰,"만기 후 
- 1개월 이내: 만기시점 기본금리 X 50% 
- 1개월 초과 ~ 6개월 이내: 만기시점 기본금리 X 30%
- 6개월 초과: 연 0.20%",금리우대 코드를 입력하는 경우 우대금리 적용,1,만 17세 이상 실명의 개인 및 개인사업자,"가입금액: 1만원 이상 30만원 이하
가입기간: 6개월, 1년, 2년, 3년 
(1인 최대 15계좌)",300000,20260820,,202608200921,S,단리,F,자유적립식,6,3.5,3.5
020000,은행,2026-08-31T05:51:56+00:00,202608,0014674,주식회사 케이뱅크,01012000200000000003,코드K 자유적금,스마트폰,"만기 후 
- 1개월 이내: 만기시점 기본금리 X 50% 
- 1개월 초과 ~ 6개월 이내: 만기시점 기본금리 X 30%
- 6개월 초과: 연 0.20%",금리우대 코드를 입력하는 경우 우대금리 적용,1,만 17세 이상 실명의 개인 및 개인사업자,"가입금액: 1만원 이상 30만원 이하
가입기간: 6개월, 1년, 2년, 3년 
(1인 최대 15계좌)",300000,20260820,,202608200921,S,단리,F,자유적립식,12,3.7,3.7
020000,은행,2026-08-31T05:51:56+00:00,202608,0014674,주식회사 케이뱅크,01012000200000000003,코드K 자유적금,스마트폰,"만기 후 
- 1개월 이내: 만기시점 기본금리 X 50% 
- 1개월 초과 ~ 6개월 이내: 만기시점 기본금리 X 30%
- 6개월 초과: 연 0.20%",금리우대 코드를 입력하는 경우 우대금리 적용,1,만 17세 이상 실명의 개인 및 개인사업자,"가입금액: 1만원 이상 30만원 이하
가입기간: 6개월, 1년, 2년, 3년 
(1인 최대 15계좌)",300000,20260820,,202608200921,S,단리,F,자유적립식,24,3,3
020000,은행,2026-08-31T05:51:56+00:00,202608,0014674,주식회사 케이뱅크,01012000200000000003,코드K 자유적금,스마트폰,"만기 후 
- 1개월 이내: 만기시점 기본금리 X 50% 
- 1개월 초과 ~ 6개월 이내: 만기시점 기본금리 X 30%
- 6개월 초과: 연 0.20%",금리우대 코드를 입력하는 경우 우대금리 적용,1,만 17세 이상 실명의 개인 및 개인사업자,"가입금액: 1만원 이상 30만원 이하
가입기간: 6개월, 1년, 2년, 3년 
(1인 최대 15계좌)",300000,20260820,,202608200921,S,단리,F,자유적립식,36,3,3
020000,은행,2026-08-31T05:51:56+00:00,202608,0013909,주식회사 하나은행,53,내맘적금,"영업점,인터넷,스마트폰,전화(텔레뱅킹)","1개월 이내 : 지급당시 해당기간별 일반정기적금 기본금리 1/2
1개월 초과 : 지급당시 해당기간별 일반정기적금 기본금리 1/4",하나은행 통장에서 계약기간의 1/2이상 월부금 자동이체실적 충족 시 연 0.50%,1,"실명의 개인
또는 개인사업자(1인 다계좌 가능)","1. 1인 다계좌 가능
2. 가입금액
   - 1천원 이상~1,000만원 이하(원단위)
3. 적립한도
    - 자유적립식 : 매월 1원 이상~1,000만원 이하(원단위)
    - 정액적립식 : 매월 1천원 이상~1,000만원 이하(원단위)",10000000,20260820,,202608201026,S,단리,F,자유적립식,6,1.7,2.2
020000,은행,2026-08-31T05:51:56+00:00,202608,0013909,주식회사 하나은행,53,내맘적금,"영업점,인터넷,스마트폰,전화(텔레뱅킹)","1개월 이내 : 지급당시 해당기간별 일반정기적금 기본금리 1/2
1개월 초과 : 지급당시 해당기간별 일반정기적금 기본금리 1/4",하나은행 통장에서 계약기간의 1/2이상 월부금 자동이체실적 충족 시 연 0.50%,1,"실명의 개인
또는 개인사업자(1인 다계좌 가능)","1. 1인 다계좌 가능
2. 가입금액
   - 1천원 이상~1,000만원 이하(원단위)
3. 적립한도
    - 자유적립식 : 매월 1원 이상~1,000만원 이하(원단위)
    - 정액적립식 : 매월 1천원 이상~1,000만원 이하(원단위)",10000000,20260820,,202608201026,S,단리,S,정액적립식,6,2,2.5
020000,은행,2026-08-31T05:51:56+00:00,202608,0013909,주식회사 하나은행,53,내맘적금,"영업점,인터넷,스마트폰,전화(텔레뱅킹)","1개월 이내 : 지급당시 해당기간별 일반정기적금 기본금리 1/2
1개월 초과 : 지급당시 해당기간별 일반정기적금 기본금리 1/4",하나은행 통장에서 계약기간의 1/2이상 월부금 자동이체실적 충족 시 연 0.50%,1,"실명의 개인
또는 개인사업자(1인 다계좌 가능)","1. 1인 다계좌 가능
2. 가입금액
   - 1천원 이상~1,000만원 이하(원단위)
3. 적립한도
    - 자유적립식 : 매월 1원 이상~1,000만원 이하(원단위)
    - 정액적립식 : 매월 1천원 이상~1,000만원 이하(원단위)",10000000,20260820,,202608201026,S,단리,F,자유적립식,12,1.8,2.3
020000,은행,2026-08-31T05:51:56+00:00,202608,0013909,주식회사 하나은행,53,내맘적금,"영업점,인터넷,스마트폰,전화(텔레뱅킹)","1개월 이내 : 지급당시 해당기간별 일반정기적금 기본금리 1/2
1개월 초과 : 지급당시 해당기간별 일반정기적금 기본금리 1/4",하나은행 통장에서 계약기간의 1/2이상 월부금 자동이체실적 충족 시 연 0.50%,1,"실명의 개인
또는 개인사업자(1인 다계좌 가능)","1. 1인 다계좌 가능
2. 가입금액
   - 1천원 이상~1,000만원 이하(원단위)
3. 적립한도
    - 자유적립식 : 매월 1원 이상~1,000만원 이하(원단위)
    - 정액적립식 : 매월 1천원 이상~1,000만원 이하(원단위)",10000000,20260820,,202608201026,S,단리,S,정액적립식,12,2.1,2.6
020000,은행,2026-08-31T05:51:56+00:00,202608,0013909,주식회사 하나은행,53,내맘적금,"영업점,인터넷,스마트폰,전화(텔레뱅킹)","1개월 이내 : 지급당시 해당기간별 일반정기적금 기본금리 1/2
1개월 초과 : 지급당시 해당기간별 일반정기적금 기본금리 1/4",하나은행 통장에서 계약기간의 1/2이상 월부금 자동이체실적 충족 시 연 0.50%,1,"실명의 개인
또는 개인사업자(1인 다계좌 가능)","1. 1인 다계좌 가능
2. 가입금액
   - 1천원 이상~1,000만원 이하(원단위)
3. 적립한도
    - 자유적립식 : 매월 1원 이상~1,000만원 이하(원단위)
    - 정액적립식 : 매월 1천원 이상~1,000만원 이하(원단위)",10000000,20260820,,202608201026,S,단리,F,자유적립식,24,1.9,2.4
020000,은행,2026-08-31T05:51:56+00:00,202608,0013909,주식회사 하나은행,53,내맘적금,"영업점,인터넷,스마트폰,전화(텔레뱅킹)","1개월 이내 : 지급당시 해당기간별 일반정기적금 기본금리 1/2
1개월 초과 : 지급당시 해당기간별 일반정기적금 기본금리 1/4",하나은행 통장에서 계약기간의 1/2이상 월부금 자동이체실적 충족 시 연 0.50%,1,"실명의 개인
또는 개인사업자(1인 다계좌 가능)","1. 1인 다계좌 가능
2. 가입금액
   - 1천원 이상~1,000만원 이하(원단위)
3. 적립한도
    - 자유적립식 : 매월 1원 이상~1,000만원 이하(원단위)
    - 정액적립식 : 매월 1천원 이상~1,000만원 이하(원단위)",10000000,20260820,,202608201026,S,단리,S,정액적립식,24,2.2,2.7
020000,은행,2026-08-31T05:51:56+00:00,202608,0013909,주식회사 하나은행,53,내맘적금,"영업점,인터넷,스마트폰,전화(텔레뱅킹)","1개월 이내 : 지급당시 해당기간별 일반정기적금 기본금리 1/2
1개월 초과 : 지급당시 해당기간별 일반정기적금 기본금리 1/4",하나은행 통장에서 계약기간의 1/2이상 월부금 자동이체실적 충족 시 연 0.50%,1,"실명의 개인
또는 개인사업자(1인 다계좌 가능)","1. 1인 다계좌 가능
2. 가입금액
   - 1천원 이상~1,000만원 이하(원단위)
3. 적립한도
    - 자유적립식 : 매월 1원 이상~1,000만원 이하(원단위)
    - 정액적립식 : 매월 1천원 이상~1,000만원 이하(원단위)",10000000,20260820,,202608201026,S,단리,F,자유적립식,36,2,2.5
020000,은행,2026-08-31T05:51:56+00:00,202608,0013909,주식회사 하나은행,53,내맘적금,"영업점,인터넷,스마트폰,전화(텔레뱅킹)","1개월 이내 : 지급당시 해당기간별 일반정기적금 기본금리 1/2
1개월 초과 : 지급당시 해당기간별 일반정기적금 기본금리 1/4",하나은행 통장에서 계약기간의 1/2이상 월부금 자동이체실적 충족 시 연 0.50%,1,"실명의 개인
또는 개인사업자(1인 다계좌 가능)","1. 1인 다계좌 가능
2. 가입금액
   - 1천원 이상~1,000만원 이하(원단위)
3. 적립한도
    - 자유적립식 : 매월 1원 이상~1,000만원 이하(원단위)
    - 정액적립식 : 매월 1천원 이상~1,000만원 이하(원단위)",10000000,20260820,,202608201026,S,단리,S,정액적립식,36,2.3,2.8
020000,은행,2026-08-31T05:51:56+00:00,202608,0013909,주식회사 하나은행,52,주거래하나 월복리적금,"영업점,인터넷,스마트폰","1개월 이내 : 지급당시 해당기간별 일반정기적금 기본금리 1/2
1개월 초과 : 지급당시 해당기간별 일반정기적금 기본금리 1/4","최고 연1.0%
- 주거래하나우대(연 0.5%) : 적금만기 전전월말기준 본인명의 당행입출금통장을 통해 계약기간 1/2이상 이체된 주거래실적 1종  - 주거래플러스우대(연 0.9%) : 주거래 하나우대와 동일요건의 거래실적 2종이상 경우 
- 온라인.재예치우대 연 최대 0.1%",1,"실명의 개인
또는 개인사업자","1. 1인 1계좌만 가능
(급여하나월복리적금,연금하나 월복리적금과 중복가입 불가)
2. 가입금액 
 - 최저1만원~300만원이하
3. 적립한도
 분기당 1만원이상 300만원
 (자유적립식)",3000000,20260820,,202608201026,M,복리,F,자유적립식,12,2.95,3.95
020000,은행,2026-08-31T05:51:56+00:00,202608,0013909,주식회사 하나은행,52,주거래하나 월복리적금,"영업점,인터넷,스마트폰","1개월 이내 : 지급당시 해당기간별 일반정기적금 기본금리 1/2
1개월 초과 : 지급당시 해당기간별 일반정기적금 기본금리 1/4","최고 연1.0%
- 주거래하나우대(연 0.5%) : 적금만기 전전월말기준 본인명의 당행입출금통장을 통해 계약기간 1/2이상 이체된 주거래실적 1종  - 주거래플러스우대(연 0.9%) : 주거래 하나우대와 동일요건의 거래실적 2종이상 경우 
- 온라인.재예치우대 연 최대 0.1%",1,"실명의 개인
또는 개인사업자","1. 1인 1계좌만 가능
(급여하나월복리적금,연금하나 월복리적금과 중복가입 불가)
2. 가입금액 
 - 최저1만원~300만원이하
3. 적립한도
 분기당 1만원이상 300만원
 (자유적립식)",3000000,20260820,,202608201026,M,복리,F,자유적립식,24,3,4
020000,은행,2026-08-31T05:51:56+00:00,202608,0013909,주식회사 하나은행,52,주거래하나 월복리적금,"영업점,인터넷,스마트폰","1개월 이내 : 지급당시 해당기간별 일반정기적금 기본금리 1/2
1개월 초과 : 지급당시 해당기간별 일반정기적금 기본금리 1/4","최고 연1.0%
- 주거래하나우대(연 0.5%) : 적금만기 전전월말기준 본인명의 당행입출금통장을 통해 계약기간 1/2이상 이체된 주거래실적 1종  - 주거래플러스우대(연 0.9%) : 주거래 하나우대와 동일요건의 거래실적 2종이상 경우 
- 온라인.재예치우대 연 최대 0.1%",1,"실명의 개인
또는 개인사업자","1. 1인 1계좌만 가능
(급여하나월복리적금,연금하나 월복리적금과 중복가입 불가)
2. 가입금액 
 - 최저1만원~300만원이하
3. 적립한도
 분기당 1만원이상 300만원
 (자유적립식)",3000000,20260820,,202608201026,M,복리,F,자유적립식,36,3.1,4.1
020000,은행,2026-08-31T05:51:56+00:00,202608,0010026,중소기업은행,01211210113,IBK D-day적금(자유적립식),스마트폰,"만기일 당시 정기적금 만기후금리 적용
- 1개월 이내: 만기일 당시 약정금리x50%
- 1월 초과 6개월 이내: 만기일 당시 약정금리x30%
- 6개월 초과: 만기일 당시 약정금리x20%","최고 연 1.5%p
1. 목표달성 축하금리 : 연 1.0%p
  - 당행 입출금식 계좌에서 이 적금으로 자동이체를 통해 3회 이상 납입하고 만기일 전일까지 목표금액(신규 시 직접 설정) 이상 납입하는 경우
2. 최초거래고객 우대금리 : 연 0.5%p",1,"실명의 개인
(개인사업자 제외)","1인당 3계좌 가입 가능하며, 계좌당 20만원 이내 납입 가능",600000,20260820,,202608201237,S,단리,F,자유적립식,1,2.45,3.95
020000,은행,2026-08-31T05:51:56+00:00,202608,0010026,중소기업은행,01211210113,IBK D-day적금(자유적립식),스마트폰,"만기일 당시 정기적금 만기후금리 적용
- 1개월 이내: 만기일 당시 약정금리x50%
- 1월 초과 6개월 이내: 만기일 당시 약정금리x30%
- 6개월 초과: 만기일 당시 약정금리x20%","최고 연 1.5%p
1. 목표달성 축하금리 : 연 1.0%p
  - 당행 입출금식 계좌에서 이 적금으로 자동이체를 통해 3회 이상 납입하고 만기일 전일까지 목표금액(신규 시 직접 설정) 이상 납입하는 경우
2. 최초거래고객 우대금리 : 연 0.5%p",1,"실명의 개인
(개인사업자 제외)","1인당 3계좌 가입 가능하며, 계좌당 20만원 이내 납입 가능",600000,20260820,,202608201237,S,단리,F,자유적립식,3,2.45,3.95
020000,은행,2026-08-31T05:51:56+00:00,202608,0010026,중소기업은행,01211210113,IBK D-day적금(자유적립식),스마트폰,"만기일 당시 정기적금 만기후금리 적용
- 1개월 이내: 만기일 당시 약정금리x50%
- 1월 초과 6개월 이내: 만기일 당시 약정금리x30%
- 6개월 초과: 만기일 당시 약정금리x20%","최고 연 1.5%p
1. 목표달성 축하금리 : 연 1.0%p
  - 당행 입출금식 계좌에서 이 적금으로 자동이체를 통해 3회 이상 납입하고 만기일 전일까지 목표금액(신규 시 직접 설정) 이상 납입하는 경우
2. 최초거래고객 우대금리 : 연 0.5%p",1,"실명의 개인
(개인사업자 제외)","1인당 3계좌 가입 가능하며, 계좌당 20만원 이내 납입 가능",600000,20260820,,202608201237,S,단리,F,자유적립식,6,2.65,4.15
020000,은행,2026-08-31T05:51:56+00:00,202608,0010026,중소기업은행,01211210113,IBK D-day적금(자유적립식),스마트폰,"만기일 당시 정기적금 만기후금리 적용
- 1개월 이내: 만기일 당시 약정금리x50%
- 1월 초과 6개월 이내: 만기일 당시 약정금리x30%
- 6개월 초과: 만기일 당시 약정금리x20%","최고 연 1.5%p
1. 목표달성 축하금리 : 연 1.0%p
  - 당행 입출금식 계좌에서 이 적금으로 자동이체를 통해 3회 이상 납입하고 만기일 전일까지 목표금액(신규 시 직접 설정) 이상 납입하는 경우
2. 최초거래고객 우대금리 : 연 0.5%p",1,"실명의 개인
(개인사업자 제외)","1인당 3계좌 가입 가능하며, 계좌당 20만원 이내 납입 가능",600000,20260820,,202608201237,S,단리,F,자유적립식,12,2.85,4.35
020000,은행,2026-08-31T05:51:56+00:00,202608,0010026,중소기업은행,01211210129,IBK모으기통장(자유적립식),"영업점,스마트폰","만기일 당시 정기적금 만기후금리 적용
- 1개월 이내: 만기일 당시 약정금리x50%
- 1월 초과 6개월 이내: 만기일 당시 약정금리x30%
- 6개월 초과: 만기일 당시 약정금리x20%","최고 연 0.20%p
1. 자동이체 우대금리 : 연 0.20%p
- 6개월 이상 12개월 미만 : 3회
 12개월 이상 24개월 미만 : 6회
 24개월 이상 36개월 미만 : 12회
 36개월 : 18회",1,"실명의 개인
(개인사업자 제외)","1인당 5계좌 가입 가능하며, 계좌당 최소 1천원 이상 3백만원까지 납입 가능",15000000,20260820,,202608201237,S,단리,F,자유적립식,6,2.45,2.65
020000,은행,2026-08-31T05:51:56+00:00,202608,0010026,중소기업은행,01211210129,IBK모으기통장(자유적립식),"영업점,스마트폰","만기일 당시 정기적금 만기후금리 적용
- 1개월 이내: 만기일 당시 약정금리x50%
- 1월 초과 6개월 이내: 만기일 당시 약정금리x30%
- 6개월 초과: 만기일 당시 약정금리x20%","최고 연 0.20%p
1. 자동이체 우대금리 : 연 0.20%p
- 6개월 이상 12개월 미만 : 3회
 12개월 이상 24개월 미만 : 6회
 24개월 이상 36개월 미만 : 12회
 36개월 : 18회",1,"실명의 개인
(개인사업자 제외)","1인당 5계좌 가입 가능하며, 계좌당 최소 1천원 이상 3백만원까지 납입 가능",15000000,20260820,,202608201237,S,단리,F,자유적립식,12,2.55,2.75
020000,은행,2026-08-31T05:51:56+00:00,202608,0010026,중소기업은행,01211210129,IBK모으기통장(자유적립식),"영업점,스마트폰","만기일 당시 정기적금 만기후금리 적용
- 1개월 이내: 만기일 당시 약정금리x50%
- 1월 초과 6개월 이내: 만기일 당시 약정금리x30%
- 6개월 초과: 만기일 당시 약정금리x20%","최고 연 0.20%p
1. 자동이체 우대금리 : 연 0.20%p
- 6개월 이상 12개월 미만 : 3회
 12개월 이상 24개월 미만 : 6회
 24개월 이상 36개월 미만 : 12회
 36개월 : 18회",1,"실명의 개인
(개인사업자 제외)","1인당 5계좌 가입 가능하며, 계좌당 최소 1천원 이상 3백만원까지 납입 가능",15000000,20260820,,202608201237,S,단리,F,자유적립식,24,2.55,2.75
020000,은행,2026-08-31T05:51:56+00:00,202608,0010026,중소기업은행,01211210129,IBK모으기통장(자유적립식),"영업점,스마트폰","만기일 당시 정기적금 만기후금리 적용
- 1개월 이내: 만기일 당시 약정금리x50%
- 1월 초과 6개월 이내: 만기일 당시 약정금리x30%
- 6개월 초과: 만기일 당시 약정금리x20%","최고 연 0.20%p
1. 자동이체 우대금리 : 연 0.20%p
- 6개월 이상 12개월 미만 : 3회
 12개월 이상 24개월 미만 : 6회
 24개월 이상 36개월 미만 : 12회
 36개월 : 18회",1,"실명의 개인
(개인사업자 제외)","1인당 5계좌 가입 가능하며, 계좌당 최소 1천원 이상 3백만원까지 납입 가능",15000000,20260820,,202608201237,S,단리,F,자유적립식,36,2.55,2.75
020000,은행,2026-08-31T05:51:56+00:00,202608,0010026,중소기업은행,01211210122,"IBK중기근로자우대적금
(자유적립식)","영업점,스마트폰","만기일 당시 정기적금 만기후금리 적용
- 1개월 이내: 만기일 당시 약정금리x50%
- 1월 초과 6개월 이내: 만기일 당시 약정금리x30%
- 6개월 초과: 만기일 당시 약정금리x20%","최고 연 2.20%p
1. 가입시점 중소기업 근로자로 확인된 경우 : 재직기간에 따라 최고 연 1.2%p
2. 당행 급여이체 실적(월50만원 이상) 6개월 이상
   인 경우 : 연 1.0%p",3,"중소기업에서 근무하는
실명의 개인
(개인사업자 제외)","1인당 1계좌 가입 가능하며, 계좌당 100만원까지 납입 가능",1000000,20260820,,202608201237,S,단리,F,자유적립식,12,2.5,4.7
020000,은행,2026-08-31T05:51:56+00:00,202608,0010026,중소기업은행,01211210121,IBK탄소제로적금(자유적립식),스마트폰,"만기일 당시 정기적금 만기후금리 적용
- 1개월 이내: 만기일 당시 약정금리x50%
- 1월 초과 6개월 이내: 만기일 당시 약정금리x30%
- 6개월 초과: 만기일 당시 약정금리x20%","최고 연 2.00%p
1. 에너지 절감 우대금리 : 최대 연 1.00%p
2. 최초거래고객 우대금리 : 연 0.50%p
3. 지로 또는 공과금 자동이체 우대금리 : 연 0.50%p",1,"실명의 개인
(개인사업자 제외)","1인당 1계좌 가입 가능하며, 계좌당 최소 1만원 이상 1백만원까지 납입 가능",1000000,20260820,,202608201237,S,단리,F,자유적립식,12,2.5,4.5
020000,은행,2026-08-31T05:51:56+00:00,202608,0017801,토스뱅크 주식회사,1001303001003,토스뱅크 굴비 적금,스마트폰,"· 만기 후 1개월 이내 : 만기시점 기본금리 X 50% 
· 만기 후 1개월 초과 3개월 이내 : 만기시점 기본금리 X 20% 
· 만기 후 3개월 초과 : 연 0.10%",· 만기 해지 시 : 연 2.50% 제공,1,· 토스뱅크 통장 또는 토스뱅크 서브 통장을 보유한 실명의 개인,"· 1인 1계좌 (단, 이벤트 등으로 토스뱅크가 복수의 계좌개설을 허용하는 경우 추가 개설 가능)
· 가입금액 : 0원
· 우대금리는 만기 해지하는 경우에만 제공됨",300000,20260820,99991231,202608201204,S,단리,F,자유적립식,6,1.8,4.3
020000,은행,2026-08-31T05:51:56+00:00,202608,0017801,토스뱅크 주식회사,1001303001005,토스뱅크 아이 적금,스마트폰,"· 만기 후 1개월 이내 : 만기시점 기본금리 X 50% 
· 만기 후 1개월 초과 3개월 이내 : 만기시점 기본금리 X 20% 
· 만기 후 3개월 초과 : 연 0.10%",· 적금 가입 시 설정되는 월 단위 자동이체를 모두 성공하는 경우 : 연 2.50% 제공,3,· 토스뱅크 아이 통장을 보유한 15세 이하 실명의 개인,"· 1인 1계좌 
· 가입금액 : 0원
· 우대금리는 만기 해지하는 경우에만 제공됨",200000,20260820,99991231,202608201204,S,단리,F,자유적립식,12,2.5,5
020000,은행,2026-08-31T05:51:56+00:00,202608,0017801,토스뱅크 주식회사,1001303001004,토스뱅크 자유 적금,스마트폰,"· 만기 후 1개월 이내 : 만기시점 기본금리 X 50% 
· 만기 후 1개월 초과 3개월 이내 : 만기시점 기본금리 X 20% 
· 만기 후 3개월 초과 : 연 0.10%",· 적금 가입 시 설정되는 월 단위 자동이체를 모두 성공하는 경우 : 연 0.50% 제공,1,· 토스뱅크 통장 또는 토스뱅크 서브 통장을 보유한 실명의 개인,"· 1인 1계좌 (단, 이벤트 등으로 토스뱅크가 복수의 계좌개설을 허용하는 경우 추가 개설 가능)
· 가입금액 : 0원 이상 300만원 이하
· 우대금리는 만기 해지하는 경우에만 제공됨",3000000,20260820,99991231,202608201204,S,단리,F,자유적립식,3,1.3,1.8
020000,은행,2026-08-31T05:51:56+00:00,202608,0017801,토스뱅크 주식회사,1001303001004,토스뱅크 자유 적금,스마트폰,"· 만기 후 1개월 이내 : 만기시점 기본금리 X 50% 
· 만기 후 1개월 초과 3개월 이내 : 만기시점 기본금리 X 20% 
· 만기 후 3개월 초과 : 연 0.10%",· 적금 가입 시 설정되는 월 단위 자동이체를 모두 성공하는 경우 : 연 0.50% 제공,1,· 토스뱅크 통장 또는 토스뱅크 서브 통장을 보유한 실명의 개인,"· 1인 1계좌 (단, 이벤트 등으로 토스뱅크가 복수의 계좌개설을 허용하는 경우 추가 개설 가능)
· 가입금액 : 0원 이상 300만원 이하
· 우대금리는 만기 해지하는 경우에만 제공됨",3000000,20260820,99991231,202608201204,S,단리,F,자유적립식,6,1.8,2.3
020000,은행,2026-08-31T05:51:56+00:00,202608,0017801,토스뱅크 주식회사,1001303001004,토스뱅크 자유 적금,스마트폰,"· 만기 후 1개월 이내 : 만기시점 기본금리 X 50% 
· 만기 후 1개월 초과 3개월 이내 : 만기시점 기본금리 X 20% 
· 만기 후 3개월 초과 : 연 0.10%",· 적금 가입 시 설정되는 월 단위 자동이체를 모두 성공하는 경우 : 연 0.50% 제공,1,· 토스뱅크 통장 또는 토스뱅크 서브 통장을 보유한 실명의 개인,"· 1인 1계좌 (단, 이벤트 등으로 토스뱅크가 복수의 계좌개설을 허용하는 경우 추가 개설 가능)
· 가입금액 : 0원 이상 300만원 이하
· 우대금리는 만기 해지하는 경우에만 제공됨",3000000,20260820,99991231,202608201204,S,단리,F,자유적립식,12,2.5,3
020000,은행,2026-08-31T05:51:56+00:00,202608,0017801,토스뱅크 주식회사,1001303001004,토스뱅크 자유 적금,스마트폰,"· 만기 후 1개월 이내 : 만기시점 기본금리 X 50% 
· 만기 후 1개월 초과 3개월 이내 : 만기시점 기본금리 X 20% 
· 만기 후 3개월 초과 : 연 0.10%",· 적금 가입 시 설정되는 월 단위 자동이체를 모두 성공하는 경우 : 연 0.50% 제공,1,· 토스뱅크 통장 또는 토스뱅크 서브 통장을 보유한 실명의 개인,"· 1인 1계좌 (단, 이벤트 등으로 토스뱅크가 복수의 계좌개설을 허용하는 경우 추가 개설 가능)
· 가입금액 : 0원 이상 300만원 이하
· 우대금리는 만기 해지하는 경우에만 제공됨",3000000,20260820,99991231,202608201204,S,단리,F,자유적립식,24,2.5,3
020000,은행,2026-08-31T05:51:56+00:00,202608,0017801,토스뱅크 주식회사,1001303001004,토스뱅크 자유 적금,스마트폰,"· 만기 후 1개월 이내 : 만기시점 기본금리 X 50% 
· 만기 후 1개월 초과 3개월 이내 : 만기시점 기본금리 X 20% 
· 만기 후 3개월 초과 : 연 0.10%",· 적금 가입 시 설정되는 월 단위 자동이체를 모두 성공하는 경우 : 연 0.50% 제공,1,· 토스뱅크 통장 또는 토스뱅크 서브 통장을 보유한 실명의 개인,"· 1인 1계좌 (단, 이벤트 등으로 토스뱅크가 복수의 계좌개설을 허용하는 경우 추가 개설 가능)
· 가입금액 : 0원 이상 300만원 이하
· 우대금리는 만기 해지하는 경우에만 제공됨",3000000,20260820,99991231,202608201204,S,단리,F,자유적립식,36,2.5,3
020000,은행,2026-08-31T05:51:56+00:00,202608,0017801,토스뱅크 주식회사,1001303001009,토스뱅크 키워봐요 31일적금,스마트폰,"· 만기 후 1개월 이내 : 만기시점 기본금리 X 50% 
· 만기 후 1개월 초과 3개월 이내 : 만기시점 기본금리 X 20% 
· 만기 후 3개월 초과 : 연 0.10%","· 저금 성공 일수에 따라 우대금리를 차등 지급
- 3일 저금 성공 시 : 연 2.0%
- 7일 저금 성공 시 : 연 3.0%
- 14일 저금 성공 시 : 연 5.0%
- 21일 저금 성공 시 : 연 7.0%
- 31일 저금 성공 시 : 연 9.0%",1,· 토스뱅크 통장 또는 토스뱅크 아이 통장을 보유한 7세 이상 실명의 개인,"· 1인 1계좌 (단, 이벤트 등으로 토스뱅크가 복수의 계좌개설을 허용하는 경우 추가 개설 가능)
· 가입금액 : 0원
· 우대금리는 만기 해지하는 경우에만 제공됨",5000,20260820,99991231,202608201204,S,단리,F,자유적립식,1,1,10
020000,은행,2026-08-31T05:51:56+00:00,202608,0010030,한국산업은행,03101,KDB 기업정기적금,"영업점,인터넷","* 만기후 1년 이내 : 만기일 현재 고시된 일반 정기적금 해당예금기간 기본이율의 1/2
* 만기후 1년 초과 : 만기일 현재 고시된 보통예금 이율",해당없음,1,"개인사업자, 조합(비영리법인 포함), 법인",해당없음,,20260824,,202608241015,S,단리,S,정액적립식,6,2.73,2.73
020000,은행,2026-08-31T05:51:56+00:00,202608,0010030,한국산업은행,03101,KDB 기업정기적금,"영업점,인터넷","* 만기후 1년 이내 : 만기일 현재 고시된 일반 정기적금 해당예금기간 기본이율의 1/2
* 만기후 1년 초과 : 만기일 현재 고시된 보통예금 이율",해당없음,1,"개인사업자, 조합(비영리법인 포함), 법인",해당없음,,20260824,,202608241015,S,단리,S,정액적립식,12,3.21,3.21
020000,은행,2026-08-31T05:51:56+00:00,202608,0010030,한국산업은행,03101,KDB 기업정기적금,"영업점,인터넷","* 만기후 1년 이내 : 만기일 현재 고시된 일반 정기적금 해당예금기간 기본이율의 1/2
* 만기후 1년 초과 : 만기일 현재 고시된 보통예금 이율",해당없음,1,"개인사업자, 조합(비영리법인 포함), 법인",해당없음,,20260824,,202608241015,S,단리,S,정액적립식,24,3.33,3.33
020000,은행,2026-08-31T05:51:56+00:00,202608,0010030,한국산업은행,03101,KDB 기업정기적금,"영업점,인터넷","* 만기후 1년 이내 : 만기일 현재 고시된 일반 정기적금 해당예금기간 기본이율의 1/2
* 만기후 1년 초과 : 만기일 현재 고시된 보통예금 이율",해당없음,1,"개인사업자, 조합(비영리법인 포함), 법인",해당없음,,20260824,,202608241015,S,단리,S,정액적립식,36,3.51,3.51
020000,은행,2026-08-31T05:51:56+00:00,202608,0010030,한국산업은행,03700,KDB 자유적금,"영업점,인터넷,스마트폰","* 만기후 1년 이내 : 만기일 현재 고시된 일반 정기적금 해당예금기간 기본이율의 1/2
* 만기후 1년 초과 : 만기일 현재 고시된 보통예금 이율",해당없음,1,"개인, 개인사업자, 임의단체",해당없음,5000000,20260824,,202608241019,S,단리,F,자유적립식,1,2.78,2.78
020000,은행,2026-08-31T05:51:56+00:00,202608,0010030,한국산업은행,03700,KDB 자유적금,"영업점,인터넷,스마트폰","* 만기후 1년 이내 : 만기일 현재 고시된 일반 정기적금 해당예금기간 기본이율의 1/2
* 만기후 1년 초과 : 만기일 현재 고시된 보통예금 이율",해당없음,1,"개인, 개인사업자, 임의단체",해당없음,5000000,20260824,,202608241019,S,단리,F,자유적립식,3,2.78,2.78
020000,은행,2026-08-31T05:51:56+00:00,202608,0010030,한국산업은행,03700,KDB 자유적금,"영업점,인터넷,스마트폰","* 만기후 1년 이내 : 만기일 현재 고시된 일반 정기적금 해당예금기간 기본이율의 1/2
* 만기후 1년 초과 : 만기일 현재 고시된 보통예금 이율",해당없음,1,"개인, 개인사업자, 임의단체",해당없음,5000000,20260824,,202608241019,S,단리,F,자유적립식,6,3.03,3.03
020000,은행,2026-08-31T05:51:56+00:00,202608,0010030,한국산업은행,03700,KDB 자유적금,"영업점,인터넷,스마트폰","* 만기후 1년 이내 : 만기일 현재 고시된 일반 정기적금 해당예금기간 기본이율의 1/2
* 만기후 1년 초과 : 만기일 현재 고시된 보통예금 이율",해당없음,1,"개인, 개인사업자, 임의단체",해당없음,5000000,20260824,,202608241019,S,단리,F,자유적립식,12,3.41,3.41
020000,은행,2026-08-31T05:51:56+00:00,202608,0010030,한국산업은행,03700,KDB 자유적금,"영업점,인터넷,스마트폰","* 만기후 1년 이내 : 만기일 현재 고시된 일반 정기적금 해당예금기간 기본이율의 1/2
* 만기후 1년 초과 : 만기일 현재 고시된 보통예금 이율",해당없음,1,"개인, 개인사업자, 임의단체",해당없음,5000000,20260824,,202608241019,S,단리,F,자유적립식,24,3.43,3.43
020000,은행,2026-08-31T05:51:56+00:00,202608,0010030,한국산업은행,03700,KDB 자유적금,"영업점,인터넷,스마트폰","* 만기후 1년 이내 : 만기일 현재 고시된 일반 정기적금 해당예금기간 기본이율의 1/2
* 만기후 1년 초과 : 만기일 현재 고시된 보통예금 이율",해당없음,1,"개인, 개인사업자, 임의단체",해당없음,5000000,20260824,,202608241019,S,단리,F,자유적립식,36,3.61,3.61
020000,은행,2026-08-31T05:51:56+00:00,202608,0010002,한국스탠다드차타드은행,00266451,퍼스트가계적금,"영업점,인터넷,스마트폰","만기 후 1개월: 약정이율의 50%
만기 후 1개월 초과 1년 이내: 약정이율의 30%
만기 후 1년 초과: 약정이율의 10%",없음,1,개인(개인사업자 포함),해당없음,10000000,20260820,99991231,202608201042,S,단리,F,자유적립식,6,2.3,2.3
020000,은행,2026-08-31T05:51:56+00:00,202608,0010002,한국스탠다드차타드은행,00266451,퍼스트가계적금,"영업점,인터넷,스마트폰","만기 후 1개월: 약정이율의 50%
만기 후 1개월 초과 1년 이내: 약정이율의 30%
만기 후 1년 초과: 약정이율의 10%",없음,1,개인(개인사업자 포함),해당없음,10000000,20260820,99991231,202608201042,S,단리,S,정액적립식,6,2.4,2.4
020000,은행,2026-08-31T05:51:56+00:00,202608,0010002,한국스탠다드차타드은행,00266451,퍼스트가계적금,"영업점,인터넷,스마트폰","만기 후 1개월: 약정이율의 50%
만기 후 1개월 초과 1년 이내: 약정이율의 30%
만기 후 1년 초과: 약정이율의 10%",없음,1,개인(개인사업자 포함),해당없음,10000000,20260820,99991231,202608201042,S,단리,F,자유적립식,12,2.55,2.55
020000,은행,2026-08-31T05:51:56+00:00,202608,0010002,한국스탠다드차타드은행,00266451,퍼스트가계적금,"영업점,인터넷,스마트폰","만기 후 1개월: 약정이율의 50%
만기 후 1개월 초과 1년 이내: 약정이율의 30%
만기 후 1년 초과: 약정이율의 10%",없음,1,개인(개인사업자 포함),해당없음,10000000,20260820,99991231,202608201042,S,단리,S,정액적립식,12,2.7,2.7
020000,은행,2026-08-31T05:51:56+00:00,202608,0010002,한국스탠다드차타드은행,00266451,퍼스트가계적금,"영업점,인터넷,스마트폰","만기 후 1개월: 약정이율의 50%
만기 후 1개월 초과 1년 이내: 약정이율의 30%
만기 후 1년 초과: 약정이율의 10%",없음,1,개인(개인사업자 포함),해당없음,10000000,20260820,99991231,202608201042,S,단리,F,자유적립식,24,2.6,2.6
020000,은행,2026-08-31T05:51:56+00:00,202608,0010002,한국스탠다드차타드은행,00266451,퍼스트가계적금,"영업점,인터넷,스마트폰","만기 후 1개월: 약정이율의 50%
만기 후 1개월 초과 1년 이내: 약정이율의 30%
만기 후 1년 초과: 약정이율의 10%",없음,1,개인(개인사업자 포함),해당없음,10000000,20260820,99991231,202608201042,S,단리,S,정액적립식,24,2.75,2.75
020000,은행,2026-08-31T05:51:56+00:00,202608,0010002,한국스탠다드차타드은행,00266451,퍼스트가계적금,"영업점,인터넷,스마트폰","만기 후 1개월: 약정이율의 50%
만기 후 1개월 초과 1년 이내: 약정이율의 30%
만기 후 1년 초과: 약정이율의 10%",없음,1,개인(개인사업자 포함),해당없음,10000000,20260820,99991231,202608201042,S,단리,F,자유적립식,36,2.65,2.65
020000,은행,2026-08-31T05:51:56+00:00,202608,0010002,한국스탠다드차타드은행,00266451,퍼스트가계적금,"영업점,인터넷,스마트폰","만기 후 1개월: 약정이율의 50%
만기 후 1개월 초과 1년 이내: 약정이율의 30%
만기 후 1년 초과: 약정이율의 10%",없음,1,개인(개인사업자 포함),해당없음,10000000,20260820,99991231,202608201042,S,단리,S,정액적립식,36,2.8,2.8
030300,저축은행,2026-08-31T05:51:56+00:00,202608,0013002,BNK저축은행,BNK1002,정기적금,"영업점,인터넷,스마트폰","* 1개월내 
: 당초 약정이율 또는 만기시 동일상품 동일계약기간의 신규 약정이율(단리) 중 낮은 이율 적용
* 1개월이후
: 보통예금 금리 적용",없음,1,제한없음,없음,,20260820,,202608201500,S,단리,S,정액적립식,6,2.8,2.8
030300,저축은행,2026-08-31T05:51:56+00:00,202608,0013002,BNK저축은행,BNK1002,정기적금,"영업점,인터넷,스마트폰","* 1개월내 
: 당초 약정이율 또는 만기시 동일상품 동일계약기간의 신규 약정이율(단리) 중 낮은 이율 적용
* 1개월이후
: 보통예금 금리 적용",없음,1,제한없음,없음,,20260820,,202608201500,M,복리,S,정액적립식,6,2.8,2.8
030300,저축은행,2026-08-31T05:51:56+00:00,202608,0013002,BNK저축은행,BNK1002,정기적금,"영업점,인터넷,스마트폰","* 1개월내 
: 당초 약정이율 또는 만기시 동일상품 동일계약기간의 신규 약정이율(단리) 중 낮은 이율 적용
* 1개월이후
: 보통예금 금리 적용",없음,1,제한없음,없음,,20260820,,202608201500,S,단리,S,정액적립식,12,3.3,3.3
030300,저축은행,2026-08-31T05:51:56+00:00,202608,0013002,BNK저축은행,BNK1002,정기적금,"영업점,인터넷,스마트폰","* 1개월내 
: 당초 약정이율 또는 만기시 동일상품 동일계약기간의 신규 약정이율(단리) 중 낮은 이율 적용
* 1개월이후
: 보통예금 금리 적용",없음,1,제한없음,없음,,20260820,,202608201500,M,복리,S,정액적립식,12,3.3,3.3
030300,저축은행,2026-08-31T05:51:56+00:00,202608,0013002,BNK저축은행,BNK1002,정기적금,"영업점,인터넷,스마트폰","* 1개월내 
: 당초 약정이율 또는 만기시 동일상품 동일계약기간의 신규 약정이율(단리) 중 낮은 이율 적용
* 1개월이후
: 보통예금 금리 적용",없음,1,제한없음,없음,,20260820,,202608201500,S,단리,S,정액적립식,24,3.4,3.4
030300,저축은행,2026-08-31T05:51:56+00:00,202608,0013002,BNK저축은행,BNK1002,정기적금,"영업점,인터넷,스마트폰","* 1개월내 
: 당초 약정이율 또는 만기시 동일상품 동일계약기간의 신규 약정이율(단리) 중 낮은 이율 적용
* 1개월이후
: 보통예금 금리 적용",없음,1,제한없음,없음,,20260820,,202608201500,M,복리,S,정액적립식,24,3.4,3.4
030300,저축은행,2026-08-31T05:51:56+00:00,202608,0013002,BNK저축은행,BNK1002,정기적금,"영업점,인터넷,스마트폰","* 1개월내 
: 당초 약정이율 또는 만기시 동일상품 동일계약기간의 신규 약정이율(단리) 중 낮은 이율 적용
* 1개월이후
: 보통예금 금리 적용",없음,1,제한없음,없음,,20260820,,202608201500,S,단리,S,정액적립식,36,3.5,3.5
030300,저축은행,2026-08-31T05:51:56+00:00,202608,0013002,BNK저축은행,BNK1002,정기적금,"영업점,인터넷,스마트폰","* 1개월내 
: 당초 약정이율 또는 만기시 동일상품 동일계약기간의 신규 약정이율(단리) 중 낮은 이율 적용
* 1개월이후
: 보통예금 금리 적용",없음,1,제한없음,없음,,20260820,,202608201500,M,복리,S,정액적립식,36,3.5,3.5
030300,저축은행,2026-08-31T05:51:56+00:00,202608,0010478,CK저축은행,310004,정기적금,영업점,- 만기 후 1개월 이내 : 약정금리 - 만기 후 1개월 초과 : 연 0.1%,없음,1,제한없음,없음,,20260820,,202608200853,S,단리,F,자유적립식,6,3.5,3.5
030300,저축은행,2026-08-31T05:51:56+00:00,202608,0010478,CK저축은행,310004,정기적금,영업점,- 만기 후 1개월 이내 : 약정금리 - 만기 후 1개월 초과 : 연 0.1%,없음,1,제한없음,없음,,20260820,,202608200853,M,복리,F,자유적립식,6,3.5,3.5
030300,저축은행,2026-08-31T05:51:56+00:00,202608,0010478,CK저축은행,310004,정기적금,영업점,- 만기 후 1개월 이내 : 약정금리 - 만기 후 1개월 초과 : 연 0.1%,없음,1,제한없음,없음,,20260820,,202608200853,S,단리,S,정액적립식,6,3.5,3.5
030300,저축은행,2026-08-31T05:51:56+00:00,202608,0010478,CK저축은행,310004,정기적금,영업점,- 만기 후 1개월 이내 : 약정금리 - 만기 후 1개월 초과 : 연 0.1%,없음,1,제한없음,없음,,20260820,,202608200853,M,복리,S,정액적립식,6,3.5,3.5
030300,저축은행,2026-08-31T05:51:56+00:00,202608,0010478,CK저축은행,310004,정기적금,영업점,- 만기 후 1개월 이내 : 약정금리 - 만기 후 1개월 초과 : 연 0.1%,없음,1,제한없음,없음,,20260820,,202608200853,S,단리,F,자유적립식,12,3.7,3.7
030300,저축은행,2026-08-31T05:51:56+00:00,202608,0010478,CK저축은행,310004,정기적금,영업점,- 만기 후 1개월 이내 : 약정금리 - 만기 후 1개월 초과 : 연 0.1%,없음,1,제한없음,없음,,20260820,,202608200853,M,복리,F,자유적립식,12,3.7,3.7
030300,저축은행,2026-08-31T05:51:56+00:00,202608,0010478,CK저축은행,310004,정기적금,영업점,- 만기 후 1개월 이내 : 약정금리 - 만기 후 1개월 초과 : 연 0.1%,없음,1,제한없음,없음,,20260820,,202608200853,S,단리,S,정액적립식,12,3.7,3.7
030300,저축은행,2026-08-31T05:51:56+00:00,202608,0010478,CK저축은행,310004,정기적금,영업점,- 만기 후 1개월 이내 : 약정금리 - 만기 후 1개월 초과 : 연 0.1%,없음,1,제한없음,없음,,20260820,,202608200853,M,복리,S,정액적립식,12,3.7,3.7
030300,저축은행,2026-08-31T05:51:56+00:00,202608,0010478,CK저축은행,310004,정기적금,영업점,- 만기 후 1개월 이내 : 약정금리 - 만기 후 1개월 초과 : 연 0.1%,없음,1,제한없음,없음,,20260820,,202608200853,S,단리,F,자유적립식,24,3.6,3.6
030300,저축은행,2026-08-31T05:51:56+00:00,202608,0010478,CK저축은행,310004,정기적금,영업점,- 만기 후 1개월 이내 : 약정금리 - 만기 후 1개월 초과 : 연 0.1%,없음,1,제한없음,없음,,20260820,,202608200853,M,복리,F,자유적립식,24,3.6,3.6
030300,저축은행,2026-08-31T05:51:56+00:00,202608,0010478,CK저축은행,310004,정기적금,영업점,- 만기 후 1개월 이내 : 약정금리 - 만기 후 1개월 초과 : 연 0.1%,없음,1,제한없음,없음,,20260820,,202608200853,S,단리,S,정액적립식,24,3.6,3.6
030300,저축은행,2026-08-31T05:51:56+00:00,202608,0010478,CK저축은행,310004,정기적금,영업점,- 만기 후 1개월 이내 : 약정금리 - 만기 후 1개월 초과 : 연 0.1%,없음,1,제한없음,없음,,20260820,,202608200853,M,복리,S,정액적립식,24,3.6,3.6
030300,저축은행,2026-08-31T05:51:56+00:00,202608,0010478,CK저축은행,310004,정기적금,영업점,- 만기 후 1개월 이내 : 약정금리 - 만기 후 1개월 초과 : 연 0.1%,없음,1,제한없음,없음,,20260820,,202608200853,S,단리,F,자유적립식,36,3.6,3.6
030300,저축은행,2026-08-31T05:51:56+00:00,202608,0010478,CK저축은행,310004,정기적금,영업점,- 만기 후 1개월 이내 : 약정금리 - 만기 후 1개월 초과 : 연 0.1%,없음,1,제한없음,없음,,20260820,,202608200853,M,복리,F,자유적립식,36,3.6,3.6
030300,저축은행,2026-08-31T05:51:56+00:00,202608,0010478,CK저축은행,310004,정기적금,영업점,- 만기 후 1개월 이내 : 약정금리 - 만기 후 1개월 초과 : 연 0.1%,없음,1,제한없음,없음,,20260820,,202608200853,S,단리,S,정액적립식,36,3.6,3.6
030300,저축은행,2026-08-31T05:51:56+00:00,202608,0010478,CK저축은행,310004,정기적금,영업점,- 만기 후 1개월 이내 : 약정금리 - 만기 후 1개월 초과 : 연 0.1%,없음,1,제한없음,없음,,20260820,,202608200853,M,복리,S,정액적립식,36,3.6,3.6
030300,저축은행,2026-08-31T05:51:56+00:00,202608,0010478,CK저축은행,310005,"정기적금(인터넷,모바일,비대면)","인터넷,스마트폰",- 만기 후 1개월 이내 : 약정금리 - 만기 후 1개월 초과 : 연 0.1%,없음,1,제한없음,없음,,20260820,,202608200853,S,단리,F,자유적립식,6,3.5,3.5
030300,저축은행,2026-08-31T05:51:56+00:00,202608,0010478,CK저축은행,310005,"정기적금(인터넷,모바일,비대면)","인터넷,스마트폰",- 만기 후 1개월 이내 : 약정금리 - 만기 후 1개월 초과 : 연 0.1%,없음,1,제한없음,없음,,20260820,,202608200853,M,복리,F,자유적립식,6,3.5,3.5
030300,저축은행,2026-08-31T05:51:56+00:00,202608,0010478,CK저축은행,310005,"정기적금(인터넷,모바일,비대면)","인터넷,스마트폰",- 만기 후 1개월 이내 : 약정금리 - 만기 후 1개월 초과 : 연 0.1%,없음,1,제한없음,없음,,20260820,,202608200853,S,단리,S,정액적립식,6,3.5,3.5
030300,저축은행,2026-08-31T05:51:56+00:00,202608,0010478,CK저축은행,310005,"정기적금(인터넷,모바일,비대면)","인터넷,스마트폰",- 만기 후 1개월 이내 : 약정금리 - 만기 후 1개월 초과 : 연 0.1%,없음,1,제한없음,없음,,20260820,,202608200853,M,복리,S,정액적립식,6,3.5,3.5
030300,저축은행,2026-08-31T05:51:56+00:00,202608,0010478,CK저축은행,310005,"정기적금(인터넷,모바일,비대면)","인터넷,스마트폰",- 만기 후 1개월 이내 : 약정금리 - 만기 후 1개월 초과 : 연 0.1%,없음,1,제한없음,없음,,20260820,,202608200853,S,단리,F,자유적립식,12,3.7,3.7
030300,저축은행,2026-08-31T05:51:56+00:00,202608,0010478,CK저축은행,310005,"정기적금(인터넷,모바일,비대면)","인터넷,스마트폰",- 만기 후 1개월 이내 : 약정금리 - 만기 후 1개월 초과 : 연 0.1%,없음,1,제한없음,없음,,20260820,,202608200853,M,복리,F,자유적립식,12,3.7,3.7
030300,저축은행,2026-08-31T05:51:56+00:00,202608,0010478,CK저축은행,310005,"정기적금(인터넷,모바일,비대면)","인터넷,스마트폰",- 만기 후 1개월 이내 : 약정금리 - 만기 후 1개월 초과 : 연 0.1%,없음,1,제한없음,없음,,20260820,,202608200853,S,단리,S,정액적립식,12,3.7,3.7
030300,저축은행,2026-08-31T05:51:56+00:00,202608,0010478,CK저축은행,310005,"정기적금(인터넷,모바일,비대면)","인터넷,스마트폰",- 만기 후 1개월 이내 : 약정금리 - 만기 후 1개월 초과 : 연 0.1%,없음,1,제한없음,없음,,20260820,,202608200853,M,복리,S,정액적립식,12,3.7,3.7
030300,저축은행,2026-08-31T05:51:56+00:00,202608,0010478,CK저축은행,310005,"정기적금(인터넷,모바일,비대면)","인터넷,스마트폰",- 만기 후 1개월 이내 : 약정금리 - 만기 후 1개월 초과 : 연 0.1%,없음,1,제한없음,없음,,20260820,,202608200853,S,단리,F,자유적립식,24,3.6,3.6
030300,저축은행,2026-08-31T05:51:56+00:00,202608,0010478,CK저축은행,310005,"정기적금(인터넷,모바일,비대면)","인터넷,스마트폰",- 만기 후 1개월 이내 : 약정금리 - 만기 후 1개월 초과 : 연 0.1%,없음,1,제한없음,없음,,20260820,,202608200853,M,복리,F,자유적립식,24,3.6,3.6
030300,저축은행,2026-08-31T05:51:56+00:00,202608,0010478,CK저축은행,310005,"정기적금(인터넷,모바일,비대면)","인터넷,스마트폰",- 만기 후 1개월 이내 : 약정금리 - 만기 후 1개월 초과 : 연 0.1%,없음,1,제한없음,없음,,20260820,,202608200853,S,단리,S,정액적립식,24,3.6,3.6
030300,저축은행,2026-08-31T05:51:56+00:00,202608,0010478,CK저축은행,310005,"정기적금(인터넷,모바일,비대면)","인터넷,스마트폰",- 만기 후 1개월 이내 : 약정금리 - 만기 후 1개월 초과 : 연 0.1%,없음,1,제한없음,없음,,20260820,,202608200853,M,복리,S,정액적립식,24,3.6,3.6
030300,저축은행,2026-08-31T05:51:56+00:00,202608,0010478,CK저축은행,310005,"정기적금(인터넷,모바일,비대면)","인터넷,스마트폰",- 만기 후 1개월 이내 : 약정금리 - 만기 후 1개월 초과 : 연 0.1%,없음,1,제한없음,없음,,20260820,,202608200853,S,단리,F,자유적립식,36,3.6,3.6
030300,저축은행,2026-08-31T05:51:56+00:00,202608,0010478,CK저축은행,310005,"정기적금(인터넷,모바일,비대면)","인터넷,스마트폰",- 만기 후 1개월 이내 : 약정금리 - 만기 후 1개월 초과 : 연 0.1%,없음,1,제한없음,없음,,20260820,,202608200853,M,복리,F,자유적립식,36,3.6,3.6
030300,저축은행,2026-08-31T05:51:56+00:00,202608,0010478,CK저축은행,310005,"정기적금(인터넷,모바일,비대면)","인터넷,스마트폰",- 만기 후 1개월 이내 : 약정금리 - 만기 후 1개월 초과 : 연 0.1%,없음,1,제한없음,없음,,20260820,,202608200853,S,단리,S,정액적립식,36,3.6,3.6
030300,저축은행,2026-08-31T05:51:56+00:00,202608,0010478,CK저축은행,310005,"정기적금(인터넷,모바일,비대면)","인터넷,스마트폰",- 만기 후 1개월 이내 : 약정금리 - 만기 후 1개월 초과 : 연 0.1%,없음,1,제한없음,없음,,20260820,,202608200853,M,복리,S,정액적립식,36,3.6,3.6
030300,저축은행,2026-08-31T05:51:56+00:00,202608,0010404,DH저축은행,DH003,정기적금,영업점,"*1개월이하 : 약정이율 범위 내 현행이율
*1개월초과: 보통예금 이율",없음,1,제한없음,없음,,20260820,,202608201500,S,단리,S,정액적립식,6,3,3
030300,저축은행,2026-08-31T05:51:56+00:00,202608,0010404,DH저축은행,DH003,정기적금,영업점,"*1개월이하 : 약정이율 범위 내 현행이율
*1개월초과: 보통예금 이율",없음,1,제한없음,없음,,20260820,,202608201500,M,복리,S,정액적립식,6,3,3
030300,저축은행,2026-08-31T05:51:56+00:00,202608,0010404,DH저축은행,DH003,정기적금,영업점,"*1개월이하 : 약정이율 범위 내 현행이율
*1개월초과: 보통예금 이율",없음,1,제한없음,없음,,20260820,,202608201500,S,단리,S,정액적립식,12,3.5,3.5
030300,저축은행,2026-08-31T05:51:56+00:00,202608,0010404,DH저축은행,DH003,정기적금,영업점,"*1개월이하 : 약정이율 범위 내 현행이율
*1개월초과: 보통예금 이율",없음,1,제한없음,없음,,20260820,,202608201500,M,복리,S,정액적립식,12,3.5,3.5
030300,저축은행,2026-08-31T05:51:56+00:00,202608,0010404,DH저축은행,DH003,정기적금,영업점,"*1개월이하 : 약정이율 범위 내 현행이율
*1개월초과: 보통예금 이율",없음,1,제한없음,없음,,20260820,,202608201500,S,단리,S,정액적립식,24,3.6,3.6
030300,저축은행,2026-08-31T05:51:56+00:00,202608,0010404,DH저축은행,DH003,정기적금,영업점,"*1개월이하 : 약정이율 범위 내 현행이율
*1개월초과: 보통예금 이율",없음,1,제한없음,없음,,20260820,,202608201500,M,복리,S,정액적립식,24,3.6,3.6
030300,저축은행,2026-08-31T05:51:56+00:00,202608,0010404,DH저축은행,DH003,정기적금,영업점,"*1개월이하 : 약정이율 범위 내 현행이율
*1개월초과: 보통예금 이율",없음,1,제한없음,없음,,20260820,,202608201500,S,단리,S,정액적립식,36,3.6,3.6
030300,저축은행,2026-08-31T05:51:56+00:00,202608,0010404,DH저축은행,DH003,정기적금,영업점,"*1개월이하 : 약정이율 범위 내 현행이율
*1개월초과: 보통예금 이율",없음,1,제한없음,없음,,20260820,,202608201500,M,복리,S,정액적립식,36,3.6,3.6
030300,저축은행,2026-08-31T05:51:56+00:00,202608,0010404,DH저축은행,DH004,정기적금(비대면),"인터넷,스마트폰","*1개월이하 : 약정이율 범위 내 현행이율
*1개월초과: 보통예금 이율",없음,1,제한없음,없음,,20260820,,202608201500,M,복리,S,정액적립식,6,3,3
030300,저축은행,2026-08-31T05:51:56+00:00,202608,0010404,DH저축은행,DH004,정기적금(비대면),"인터넷,스마트폰","*1개월이하 : 약정이율 범위 내 현행이율
*1개월초과: 보통예금 이율",없음,1,제한없음,없음,,20260820,,202608201500,S,단리,S,정액적립식,6,3,3
030300,저축은행,2026-08-31T05:51:56+00:00,202608,0010404,DH저축은행,DH004,정기적금(비대면),"인터넷,스마트폰","*1개월이하 : 약정이율 범위 내 현행이율
*1개월초과: 보통예금 이율",없음,1,제한없음,없음,,20260820,,202608201500,M,복리,S,정액적립식,12,3.5,3.5
030300,저축은행,2026-08-31T05:51:56+00:00,202608,0010404,DH저축은행,DH004,정기적금(비대면),"인터넷,스마트폰","*1개월이하 : 약정이율 범위 내 현행이율
*1개월초과: 보통예금 이율",없음,1,제한없음,없음,,20260820,,202608201500,S,단리,S,정액적립식,12,3.5,3.5
030300,저축은행,2026-08-31T05:51:56+00:00,202608,0010404,DH저축은행,DH004,정기적금(비대면),"인터넷,스마트폰","*1개월이하 : 약정이율 범위 내 현행이율
*1개월초과: 보통예금 이율",없음,1,제한없음,없음,,20260820,,202608201500,M,복리,S,정액적립식,24,3.6,3.6
030300,저축은행,2026-08-31T05:51:56+00:00,202608,0010404,DH저축은행,DH004,정기적금(비대면),"인터넷,스마트폰","*1개월이하 : 약정이율 범위 내 현행이율
*1개월초과: 보통예금 이율",없음,1,제한없음,없음,,20260820,,202608201500,S,단리,S,정액적립식,24,3.6,3.6
030300,저축은행,2026-08-31T05:51:56+00:00,202608,0010404,DH저축은행,DH004,정기적금(비대면),"인터넷,스마트폰","*1개월이하 : 약정이율 범위 내 현행이율
*1개월초과: 보통예금 이율",없음,1,제한없음,없음,,20260820,,202608201500,M,복리,S,정액적립식,36,3.6,3.6
030300,저축은행,2026-08-31T05:51:56+00:00,202608,0010404,DH저축은행,DH004,정기적금(비대면),"인터넷,스마트폰","*1개월이하 : 약정이율 범위 내 현행이율
*1개월초과: 보통예금 이율",없음,1,제한없음,없음,,20260820,,202608201500,S,단리,S,정액적립식,36,3.6,3.6
030300,저축은행,2026-08-31T05:51:56+00:00,202608,0010358,HB저축은행,310003,e-정기적금,인터넷,"- 만기 후 1개월 이하: 당초 약정금리와 만기시동일상품 동일계약기간의 고시금리중 낮은 금리 
- 만기 후 1개월 초과: 보통예금 금리",해당사항없음,1,제한없음,인터넷가입 전용상품,,20260820,,202608201500,M,복리,S,정액적립식,12,3.7,3.7
030300,저축은행,2026-08-31T05:51:56+00:00,202608,0010358,HB저축은행,310003,e-정기적금,인터넷,"- 만기 후 1개월 이하: 당초 약정금리와 만기시동일상품 동일계약기간의 고시금리중 낮은 금리 
- 만기 후 1개월 초과: 보통예금 금리",해당사항없음,1,제한없음,인터넷가입 전용상품,,20260820,,202608201500,S,단리,S,정액적립식,12,3.7,3.7
030300,저축은행,2026-08-31T05:51:56+00:00,202608,0010358,HB저축은행,310003,e-정기적금,인터넷,"- 만기 후 1개월 이하: 당초 약정금리와 만기시동일상품 동일계약기간의 고시금리중 낮은 금리 
- 만기 후 1개월 초과: 보통예금 금리",해당사항없음,1,제한없음,인터넷가입 전용상품,,20260820,,202608201500,M,복리,S,정액적립식,24,3.6,3.6
030300,저축은행,2026-08-31T05:51:56+00:00,202608,0010358,HB저축은행,310003,e-정기적금,인터넷,"- 만기 후 1개월 이하: 당초 약정금리와 만기시동일상품 동일계약기간의 고시금리중 낮은 금리 
- 만기 후 1개월 초과: 보통예금 금리",해당사항없음,1,제한없음,인터넷가입 전용상품,,20260820,,202608201500,S,단리,S,정액적립식,24,3.6,3.6
030300,저축은행,2026-08-31T05:51:56+00:00,202608,0010358,HB저축은행,310003,e-정기적금,인터넷,"- 만기 후 1개월 이하: 당초 약정금리와 만기시동일상품 동일계약기간의 고시금리중 낮은 금리 
- 만기 후 1개월 초과: 보통예금 금리",해당사항없음,1,제한없음,인터넷가입 전용상품,,20260820,,202608201500,M,복리,S,정액적립식,36,3.5,3.5
030300,저축은행,2026-08-31T05:51:56+00:00,202608,0010358,HB저축은행,310003,e-정기적금,인터넷,"- 만기 후 1개월 이하: 당초 약정금리와 만기시동일상품 동일계약기간의 고시금리중 낮은 금리 
- 만기 후 1개월 초과: 보통예금 금리",해당사항없음,1,제한없음,인터넷가입 전용상품,,20260820,,202608201500,S,단리,S,정액적립식,36,3.5,3.5
030300,저축은행,2026-08-31T05:51:56+00:00,202608,0010358,HB저축은행,310004,스마트 정기적금,스마트폰,"- 만기 후 1개월 이하: 당초 약정금리와 만기시동일상품 동일계약기간의 고시금리중 낮은 금리 
- 만기 후 1개월 초과: 보통예금 금리",해당사항없음,1,제한없음,스마트폰가입 전용상품,,20260820,,202608201500,S,단리,S,정액적립식,12,3.7,3.7
030300,저축은행,2026-08-31T05:51:56+00:00,202608,0010358,HB저축은행,310004,스마트 정기적금,스마트폰,"- 만기 후 1개월 이하: 당초 약정금리와 만기시동일상품 동일계약기간의 고시금리중 낮은 금리 
- 만기 후 1개월 초과: 보통예금 금리",해당사항없음,1,제한없음,스마트폰가입 전용상품,,20260820,,202608201500,M,복리,S,정액적립식,12,3.7,3.7
030300,저축은행,2026-08-31T05:51:56+00:00,202608,0010358,HB저축은행,310004,스마트 정기적금,스마트폰,"- 만기 후 1개월 이하: 당초 약정금리와 만기시동일상품 동일계약기간의 고시금리중 낮은 금리 
- 만기 후 1개월 초과: 보통예금 금리",해당사항없음,1,제한없음,스마트폰가입 전용상품,,20260820,,202608201500,S,단리,S,정액적립식,24,3.6,3.6
030300,저축은행,2026-08-31T05:51:56+00:00,202608,0010358,HB저축은행,310004,스마트 정기적금,스마트폰,"- 만기 후 1개월 이하: 당초 약정금리와 만기시동일상품 동일계약기간의 고시금리중 낮은 금리 
- 만기 후 1개월 초과: 보통예금 금리",해당사항없음,1,제한없음,스마트폰가입 전용상품,,20260820,,202608201500,M,복리,S,정액적립식,24,3.6,3.6
030300,저축은행,2026-08-31T05:51:56+00:00,202608,0010358,HB저축은행,310004,스마트 정기적금,스마트폰,"- 만기 후 1개월 이하: 당초 약정금리와 만기시동일상품 동일계약기간의 고시금리중 낮은 금리 
- 만기 후 1개월 초과: 보통예금 금리",해당사항없음,1,제한없음,스마트폰가입 전용상품,,20260820,,202608201500,S,단리,S,정액적립식,36,3.5,3.5
030300,저축은행,2026-08-31T05:51:56+00:00,202608,0010358,HB저축은행,310004,스마트 정기적금,스마트폰,"- 만기 후 1개월 이하: 당초 약정금리와 만기시동일상품 동일계약기간의 고시금리중 낮은 금리 
- 만기 후 1개월 초과: 보통예금 금리",해당사항없음,1,제한없음,스마트폰가입 전용상품,,20260820,,202608201500,M,복리,S,정액적립식,36,3.5,3.5
030300,저축은행,2026-08-31T05:51:56+00:00,202608,0010358,HB저축은행,310002,정기적금,영업점,"- 만기 후 1개월 이하: 당초 약정금리와 만기시동일상품 동일계약기간의 고시금리중 낮은 금리 
- 만기 후 1개월 초과: 보통예금 금리",해당사항없음,1,제한없음,영업점 가입 전용상품,,20260820,,202608201500,M,복리,S,정액적립식,12,3.5,3.5
030300,저축은행,2026-08-31T05:51:56+00:00,202608,0010358,HB저축은행,310002,정기적금,영업점,"- 만기 후 1개월 이하: 당초 약정금리와 만기시동일상품 동일계약기간의 고시금리중 낮은 금리 
- 만기 후 1개월 초과: 보통예금 금리",해당사항없음,1,제한없음,영업점 가입 전용상품,,20260820,,202608201500,S,단리,S,정액적립식,12,3.5,3.5
030300,저축은행,2026-08-31T05:51:56+00:00,202608,0010358,HB저축은행,310002,정기적금,영업점,"- 만기 후 1개월 이하: 당초 약정금리와 만기시동일상품 동일계약기간의 고시금리중 낮은 금리 
- 만기 후 1개월 초과: 보통예금 금리",해당사항없음,1,제한없음,영업점 가입 전용상품,,20260820,,202608201500,M,복리,S,정액적립식,24,3.5,3.5
030300,저축은행,2026-08-31T05:51:56+00:00,202608,0010358,HB저축은행,310002,정기적금,영업점,"- 만기 후 1개월 이하: 당초 약정금리와 만기시동일상품 동일계약기간의 고시금리중 낮은 금리 
- 만기 후 1개월 초과: 보통예금 금리",해당사항없음,1,제한없음,영업점 가입 전용상품,,20260820,,202608201500,S,단리,S,정액적립식,24,3.5,3.5
030300,저축은행,2026-08-31T05:51:56+00:00,202608,0010358,HB저축은행,310002,정기적금,영업점,"- 만기 후 1개월 이하: 당초 약정금리와 만기시동일상품 동일계약기간의 고시금리중 낮은 금리 
- 만기 후 1개월 초과: 보통예금 금리",해당사항없음,1,제한없음,영업점 가입 전용상품,,20260820,,202608201500,M,복리,S,정액적립식,36,3.5,3.5
030300,저축은행,2026-08-31T05:51:56+00:00,202608,0010358,HB저축은행,310002,정기적금,영업점,"- 만기 후 1개월 이하: 당초 약정금리와 만기시동일상품 동일계약기간의 고시금리중 낮은 금리 
- 만기 후 1개월 초과: 보통예금 금리",해당사항없음,1,제한없음,영업점 가입 전용상품,,20260820,,202608201500,S,단리,S,정액적립식,36,3.5,3.5
030300,저축은행,2026-08-31T05:51:56+00:00,202608,0012889,IBK저축은행,310057,IBKSB 사랑?(애) 얼라 정기 적금,영업점,"- 만기경과 1개월 이내 : 약정금리와 현행고시 금리중 낮은이율

- 만기경과 1개월 초과 : 보통예금 이율","① 출산예정인자-배우자 포함(0.2%)
② 당해연도 출생한 부모(0.3%)
③ 미성년자 자녀가 있는 한부모 가정의 부모(0.3%)
④ 핵심예금 자동이체 신청시 0.1% 
조건 충족시 최대 0.5%까지 우대금리 적용",3,① 출산예정인자-배우자 포함 ② 당해연도 출생한 부모 ③ 미성년자 자녀가 있는 한부모 가정의 부모,* 최대 0.5% 우대금리 적용 가능,500000,20260820,,202608201500,S,단리,S,정액적립식,6,2.5,2.5
030300,저축은행,2026-08-31T05:51:56+00:00,202608,0012889,IBK저축은행,310057,IBKSB 사랑?(애) 얼라 정기 적금,영업점,"- 만기경과 1개월 이내 : 약정금리와 현행고시 금리중 낮은이율

- 만기경과 1개월 초과 : 보통예금 이율","① 출산예정인자-배우자 포함(0.2%)
② 당해연도 출생한 부모(0.3%)
③ 미성년자 자녀가 있는 한부모 가정의 부모(0.3%)
④ 핵심예금 자동이체 신청시 0.1% 
조건 충족시 최대 0.5%까지 우대금리 적용",3,① 출산예정인자-배우자 포함 ② 당해연도 출생한 부모 ③ 미성년자 자녀가 있는 한부모 가정의 부모,* 최대 0.5% 우대금리 적용 가능,500000,20260820,,202608201500,M,복리,S,정액적립식,6,2.5,2.5
030300,저축은행,2026-08-31T05:51:56+00:00,202608,0012889,IBK저축은행,310057,IBKSB 사랑?(애) 얼라 정기 적금,영업점,"- 만기경과 1개월 이내 : 약정금리와 현행고시 금리중 낮은이율

- 만기경과 1개월 초과 : 보통예금 이율","① 출산예정인자-배우자 포함(0.2%)
② 당해연도 출생한 부모(0.3%)
③ 미성년자 자녀가 있는 한부모 가정의 부모(0.3%)
④ 핵심예금 자동이체 신청시 0.1% 
조건 충족시 최대 0.5%까지 우대금리 적용",3,① 출산예정인자-배우자 포함 ② 당해연도 출생한 부모 ③ 미성년자 자녀가 있는 한부모 가정의 부모,* 최대 0.5% 우대금리 적용 가능,500000,20260820,,202608201500,S,단리,S,정액적립식,12,4,4
030300,저축은행,2026-08-31T05:51:56+00:00,202608,0012889,IBK저축은행,310057,IBKSB 사랑?(애) 얼라 정기 적금,영업점,"- 만기경과 1개월 이내 : 약정금리와 현행고시 금리중 낮은이율

- 만기경과 1개월 초과 : 보통예금 이율","① 출산예정인자-배우자 포함(0.2%)
② 당해연도 출생한 부모(0.3%)
③ 미성년자 자녀가 있는 한부모 가정의 부모(0.3%)
④ 핵심예금 자동이체 신청시 0.1% 
조건 충족시 최대 0.5%까지 우대금리 적용",3,① 출산예정인자-배우자 포함 ② 당해연도 출생한 부모 ③ 미성년자 자녀가 있는 한부모 가정의 부모,* 최대 0.5% 우대금리 적용 가능,500000,20260820,,202608201500,M,복리,S,정액적립식,12,4,4
030300,저축은행,2026-08-31T05:51:56+00:00,202608,0012889,IBK저축은행,310057,IBKSB 사랑?(애) 얼라 정기 적금,영업점,"- 만기경과 1개월 이내 : 약정금리와 현행고시 금리중 낮은이율

- 만기경과 1개월 초과 : 보통예금 이율","① 출산예정인자-배우자 포함(0.2%)
② 당해연도 출생한 부모(0.3%)
③ 미성년자 자녀가 있는 한부모 가정의 부모(0.3%)
④ 핵심예금 자동이체 신청시 0.1% 
조건 충족시 최대 0.5%까지 우대금리 적용",3,① 출산예정인자-배우자 포함 ② 당해연도 출생한 부모 ③ 미성년자 자녀가 있는 한부모 가정의 부모,* 최대 0.5% 우대금리 적용 가능,500000,20260820,,202608201500,S,단리,S,정액적립식,24,3,3
030300,저축은행,2026-08-31T05:51:56+00:00,202608,0012889,IBK저축은행,310057,IBKSB 사랑?(애) 얼라 정기 적금,영업점,"- 만기경과 1개월 이내 : 약정금리와 현행고시 금리중 낮은이율

- 만기경과 1개월 초과 : 보통예금 이율","① 출산예정인자-배우자 포함(0.2%)
② 당해연도 출생한 부모(0.3%)
③ 미성년자 자녀가 있는 한부모 가정의 부모(0.3%)
④ 핵심예금 자동이체 신청시 0.1% 
조건 충족시 최대 0.5%까지 우대금리 적용",3,① 출산예정인자-배우자 포함 ② 당해연도 출생한 부모 ③ 미성년자 자녀가 있는 한부모 가정의 부모,* 최대 0.5% 우대금리 적용 가능,500000,20260820,,202608201500,M,복리,S,정액적립식,24,3,3
030300,저축은행,2026-08-31T05:51:56+00:00,202608,0012889,IBK저축은행,310057,IBKSB 사랑?(애) 얼라 정기 적금,영업점,"- 만기경과 1개월 이내 : 약정금리와 현행고시 금리중 낮은이율

- 만기경과 1개월 초과 : 보통예금 이율","① 출산예정인자-배우자 포함(0.2%)
② 당해연도 출생한 부모(0.3%)
③ 미성년자 자녀가 있는 한부모 가정의 부모(0.3%)
④ 핵심예금 자동이체 신청시 0.1% 
조건 충족시 최대 0.5%까지 우대금리 적용",3,① 출산예정인자-배우자 포함 ② 당해연도 출생한 부모 ③ 미성년자 자녀가 있는 한부모 가정의 부모,* 최대 0.5% 우대금리 적용 가능,500000,20260820,,202608201500,S,단리,S,정액적립식,36,2.7,2.7
030300,저축은행,2026-08-31T05:51:56+00:00,202608,0012889,IBK저축은행,310057,IBKSB 사랑?(애) 얼라 정기 적금,영업점,"- 만기경과 1개월 이내 : 약정금리와 현행고시 금리중 낮은이율

- 만기경과 1개월 초과 : 보통예금 이율","① 출산예정인자-배우자 포함(0.2%)
② 당해연도 출생한 부모(0.3%)
③ 미성년자 자녀가 있는 한부모 가정의 부모(0.3%)
④ 핵심예금 자동이체 신청시 0.1% 
조건 충족시 최대 0.5%까지 우대금리 적용",3,① 출산예정인자-배우자 포함 ② 당해연도 출생한 부모 ③ 미성년자 자녀가 있는 한부모 가정의 부모,* 최대 0.5% 우대금리 적용 가능,500000,20260820,,202608201500,M,복리,S,정액적립식,36,2.7,2.7
030300,저축은행,2026-08-31T05:51:56+00:00,202608,0012889,IBK저축은행,310040,참똑똑한IBK저축은행정기적금,"영업점,인터넷,스마트폰","- 만기경과 1개월 이내 : 약정금리와 현행고시 금리중 낮은이율

- 만기경과 1개월 초과 : 보통예금 이율",없음,1,"제한없음 (단,비거주 외국인 제외)","* 대면 상품가입시 조건에 따른 이벤트 우대금리 적용가능(월별 차등, 최대 0.5%P)",,20260820,,202608201500,S,단리,S,정액적립식,6,2.5,2.5
030300,저축은행,2026-08-31T05:51:56+00:00,202608,0012889,IBK저축은행,310040,참똑똑한IBK저축은행정기적금,"영업점,인터넷,스마트폰","- 만기경과 1개월 이내 : 약정금리와 현행고시 금리중 낮은이율

- 만기경과 1개월 초과 : 보통예금 이율",없음,1,"제한없음 (단,비거주 외국인 제외)","* 대면 상품가입시 조건에 따른 이벤트 우대금리 적용가능(월별 차등, 최대 0.5%P)",,20260820,,202608201500,M,복리,S,정액적립식,6,2.5,2.5
030300,저축은행,2026-08-31T05:51:56+00:00,202608,0012889,IBK저축은행,310040,참똑똑한IBK저축은행정기적금,"영업점,인터넷,스마트폰","- 만기경과 1개월 이내 : 약정금리와 현행고시 금리중 낮은이율

- 만기경과 1개월 초과 : 보통예금 이율",없음,1,"제한없음 (단,비거주 외국인 제외)","* 대면 상품가입시 조건에 따른 이벤트 우대금리 적용가능(월별 차등, 최대 0.5%P)",,20260820,,202608201500,S,단리,S,정액적립식,12,4,4
030300,저축은행,2026-08-31T05:51:56+00:00,202608,0012889,IBK저축은행,310040,참똑똑한IBK저축은행정기적금,"영업점,인터넷,스마트폰","- 만기경과 1개월 이내 : 약정금리와 현행고시 금리중 낮은이율

- 만기경과 1개월 초과 : 보통예금 이율",없음,1,"제한없음 (단,비거주 외국인 제외)","* 대면 상품가입시 조건에 따른 이벤트 우대금리 적용가능(월별 차등, 최대 0.5%P)",,20260820,,202608201500,M,복리,S,정액적립식,12,4,4
030300,저축은행,2026-08-31T05:51:56+00:00,202608,0012889,IBK저축은행,310040,참똑똑한IBK저축은행정기적금,"영업점,인터넷,스마트폰","- 만기경과 1개월 이내 : 약정금리와 현행고시 금리중 낮은이율

- 만기경과 1개월 초과 : 보통예금 이율",없음,1,"제한없음 (단,비거주 외국인 제외)","* 대면 상품가입시 조건에 따른 이벤트 우대금리 적용가능(월별 차등, 최대 0.5%P)",,20260820,,202608201500,S,단리,S,정액적립식,24,3,3
030300,저축은행,2026-08-31T05:51:56+00:00,202608,0012889,IBK저축은행,310040,참똑똑한IBK저축은행정기적금,"영업점,인터넷,스마트폰","- 만기경과 1개월 이내 : 약정금리와 현행고시 금리중 낮은이율

- 만기경과 1개월 초과 : 보통예금 이율",없음,1,"제한없음 (단,비거주 외국인 제외)","* 대면 상품가입시 조건에 따른 이벤트 우대금리 적용가능(월별 차등, 최대 0.5%P)",,20260820,,202608201500,M,복리,S,정액적립식,24,3,3
030300,저축은행,2026-08-31T05:51:56+00:00,202608,0012889,IBK저축은행,310040,참똑똑한IBK저축은행정기적금,"영업점,인터넷,스마트폰","- 만기경과 1개월 이내 : 약정금리와 현행고시 금리중 낮은이율

- 만기경과 1개월 초과 : 보통예금 이율",없음,1,"제한없음 (단,비거주 외국인 제외)","* 대면 상품가입시 조건에 따른 이벤트 우대금리 적용가능(월별 차등, 최대 0.5%P)",,20260820,,202608201500,S,단리,S,정액적립식,36,2.7,2.7
030300,저축은행,2026-08-31T05:51:56+00:00,202608,0012889,IBK저축은행,310040,참똑똑한IBK저축은행정기적금,"영업점,인터넷,스마트폰","- 만기경과 1개월 이내 : 약정금리와 현행고시 금리중 낮은이율

- 만기경과 1개월 초과 : 보통예금 이율",없음,1,"제한없음 (단,비거주 외국인 제외)","* 대면 상품가입시 조건에 따른 이벤트 우대금리 적용가능(월별 차등, 최대 0.5%P)",,20260820,,202608201500,M,복리,S,정액적립식,36,2.7,2.7
030300,저축은행,2026-08-31T05:51:56+00:00,202608,0012889,IBK저축은행,310042,참똑똑한IBK저축은행정기적금(비대면),"인터넷,스마트폰","- 만기경과 1개월 이내 : 약정금리와 현행고시 금리중 낮은이율

- 만기경과 1개월 초과 : 보통예금 이율",없음,1,"제한없음 (단,비거주 외국인 제외)",없음,,20260820,,202608201500,M,복리,S,정액적립식,6,2.5,2.5
030300,저축은행,2026-08-31T05:51:56+00:00,202608,0012889,IBK저축은행,310042,참똑똑한IBK저축은행정기적금(비대면),"인터넷,스마트폰","- 만기경과 1개월 이내 : 약정금리와 현행고시 금리중 낮은이율

- 만기경과 1개월 초과 : 보통예금 이율",없음,1,"제한없음 (단,비거주 외국인 제외)",없음,,20260820,,202608201500,S,단리,S,정액적립식,6,2.5,2.5
030300,저축은행,2026-08-31T05:51:56+00:00,202608,0012889,IBK저축은행,310042,참똑똑한IBK저축은행정기적금(비대면),"인터넷,스마트폰","- 만기경과 1개월 이내 : 약정금리와 현행고시 금리중 낮은이율

- 만기경과 1개월 초과 : 보통예금 이율",없음,1,"제한없음 (단,비거주 외국인 제외)",없음,,20260820,,202608201500,M,복리,S,정액적립식,12,4,4
030300,저축은행,2026-08-31T05:51:56+00:00,202608,0012889,IBK저축은행,310042,참똑똑한IBK저축은행정기적금(비대면),"인터넷,스마트폰","- 만기경과 1개월 이내 : 약정금리와 현행고시 금리중 낮은이율

- 만기경과 1개월 초과 : 보통예금 이율",없음,1,"제한없음 (단,비거주 외국인 제외)",없음,,20260820,,202608201500,S,단리,S,정액적립식,12,4,4
030300,저축은행,2026-08-31T05:51:56+00:00,202608,0012889,IBK저축은행,310042,참똑똑한IBK저축은행정기적금(비대면),"인터넷,스마트폰","- 만기경과 1개월 이내 : 약정금리와 현행고시 금리중 낮은이율

- 만기경과 1개월 초과 : 보통예금 이율",없음,1,"제한없음 (단,비거주 외국인 제외)",없음,,20260820,,202608201500,M,복리,S,정액적립식,24,3,3
030300,저축은행,2026-08-31T05:51:56+00:00,202608,0012889,IBK저축은행,310042,참똑똑한IBK저축은행정기적금(비대면),"인터넷,스마트폰","- 만기경과 1개월 이내 : 약정금리와 현행고시 금리중 낮은이율

- 만기경과 1개월 초과 : 보통예금 이율",없음,1,"제한없음 (단,비거주 외국인 제외)",없음,,20260820,,202608201500,S,단리,S,정액적립식,24,3,3
030300,저축은행,2026-08-31T05:51:56+00:00,202608,0012889,IBK저축은행,310042,참똑똑한IBK저축은행정기적금(비대면),"인터넷,스마트폰","- 만기경과 1개월 이내 : 약정금리와 현행고시 금리중 낮은이율

- 만기경과 1개월 초과 : 보통예금 이율",없음,1,"제한없음 (단,비거주 외국인 제외)",없음,,20260820,,202608201500,M,복리,S,정액적립식,36,2.7,2.7
030300,저축은행,2026-08-31T05:51:56+00:00,202608,0012889,IBK저축은행,310042,참똑똑한IBK저축은행정기적금(비대면),"인터넷,스마트폰","- 만기경과 1개월 이내 : 약정금리와 현행고시 금리중 낮은이율

- 만기경과 1개월 초과 : 보통예금 이율",없음,1,"제한없음 (단,비거주 외국인 제외)",없음,,20260820,,202608201500,S,단리,S,정액적립식,36,2.7,2.7
030300,저축은행,2026-08-31T05:51:56+00:00,202608,0012889,IBK저축은행,310041,참똑똑한IBK저축은행정기적금정기적금(인터넷뱅킹),"인터넷,스마트폰","- 만기경과 1개월 이내 : 약정금리와 현행고시 금리중 낮은이율

- 만기경과 1개월 초과 : 보통예금 이율",없음,1,"제한없음 (단,비거주 외국인 제외)",없음,,20260820,,202608201500,S,단리,S,정액적립식,6,2.5,2.5
030300,저축은행,2026-08-31T05:51:56+00:00,202608,0012889,IBK저축은행,310041,참똑똑한IBK저축은행정기적금정기적금(인터넷뱅킹),"인터넷,스마트폰","- 만기경과 1개월 이내 : 약정금리와 현행고시 금리중 낮은이율

- 만기경과 1개월 초과 : 보통예금 이율",없음,1,"제한없음 (단,비거주 외국인 제외)",없음,,20260820,,202608201500,M,복리,S,정액적립식,6,2.5,2.5
030300,저축은행,2026-08-31T05:51:56+00:00,202608,0012889,IBK저축은행,310041,참똑똑한IBK저축은행정기적금정기적금(인터넷뱅킹),"인터넷,스마트폰","- 만기경과 1개월 이내 : 약정금리와 현행고시 금리중 낮은이율

- 만기경과 1개월 초과 : 보통예금 이율",없음,1,"제한없음 (단,비거주 외국인 제외)",없음,,20260820,,202608201500,S,단리,S,정액적립식,12,4,4
030300,저축은행,2026-08-31T05:51:56+00:00,202608,0012889,IBK저축은행,310041,참똑똑한IBK저축은행정기적금정기적금(인터넷뱅킹),"인터넷,스마트폰","- 만기경과 1개월 이내 : 약정금리와 현행고시 금리중 낮은이율

- 만기경과 1개월 초과 : 보통예금 이율",없음,1,"제한없음 (단,비거주 외국인 제외)",없음,,20260820,,202608201500,M,복리,S,정액적립식,12,4,4
030300,저축은행,2026-08-31T05:51:56+00:00,202608,0012889,IBK저축은행,310041,참똑똑한IBK저축은행정기적금정기적금(인터넷뱅킹),"인터넷,스마트폰","- 만기경과 1개월 이내 : 약정금리와 현행고시 금리중 낮은이율

- 만기경과 1개월 초과 : 보통예금 이율",없음,1,"제한없음 (단,비거주 외국인 제외)",없음,,20260820,,202608201500,S,단리,S,정액적립식,24,3,3
030300,저축은행,2026-08-31T05:51:56+00:00,202608,0012889,IBK저축은행,310041,참똑똑한IBK저축은행정기적금정기적금(인터넷뱅킹),"인터넷,스마트폰","- 만기경과 1개월 이내 : 약정금리와 현행고시 금리중 낮은이율

- 만기경과 1개월 초과 : 보통예금 이율",없음,1,"제한없음 (단,비거주 외국인 제외)",없음,,20260820,,202608201500,M,복리,S,정액적립식,24,3,3
030300,저축은행,2026-08-31T05:51:56+00:00,202608,0012889,IBK저축은행,310041,참똑똑한IBK저축은행정기적금정기적금(인터넷뱅킹),"인터넷,스마트폰","- 만기경과 1개월 이내 : 약정금리와 현행고시 금리중 낮은이율

- 만기경과 1개월 초과 : 보통예금 이율",없음,1,"제한없음 (단,비거주 외국인 제외)",없음,,20260820,,202608201500,S,단리,S,정액적립식,36,2.7,2.7
030300,저축은행,2026-08-31T05:51:56+00:00,202608,0012889,IBK저축은행,310041,참똑똑한IBK저축은행정기적금정기적금(인터넷뱅킹),"인터넷,스마트폰","- 만기경과 1개월 이내 : 약정금리와 현행고시 금리중 낮은이율

- 만기경과 1개월 초과 : 보통예금 이율",없음,1,"제한없음 (단,비거주 외국인 제외)",없음,,20260820,,202608201500,M,복리,S,정액적립식,36,2.7,2.7
030300,저축은행,2026-08-31T05:51:56+00:00,202608,0011767,JT저축은행,310010,정기적금,"영업점,인터넷,스마트폰","- 1개월 이내 : 예치시점 약정금리
- 1개월 초과 : 0.1%",없음,1,제한없음,현금IC카드 발급 불가 상품,,20260820,,202608201500,S,단리,S,정액적립식,6,2,2
030300,저축은행,2026-08-31T05:51:56+00:00,202608,0011767,JT저축은행,310010,정기적금,"영업점,인터넷,스마트폰","- 1개월 이내 : 예치시점 약정금리
- 1개월 초과 : 0.1%",없음,1,제한없음,현금IC카드 발급 불가 상품,,20260820,,202608201500,S,단리,S,정액적립식,12,2.2,2.2
030300,저축은행,2026-08-31T05:51:56+00:00,202608,0011767,JT저축은행,310010,정기적금,"영업점,인터넷,스마트폰","- 1개월 이내 : 예치시점 약정금리
- 1개월 초과 : 0.1%",없음,1,제한없음,현금IC카드 발급 불가 상품,,20260820,,202608201500,S,단리,S,정액적립식,24,2.3,2.3
030300,저축은행,2026-08-31T05:51:56+00:00,202608,0011767,JT저축은행,310010,정기적금,"영업점,인터넷,스마트폰","- 1개월 이내 : 예치시점 약정금리
- 1개월 초과 : 0.1%",없음,1,제한없음,현금IC카드 발급 불가 상품,,20260820,,202608201500,S,단리,S,정액적립식,36,2.3,2.3
030300,저축은행,2026-08-31T05:51:56+00:00,202608,0013308,JT친애저축은행,JTCSB310013,JT쩜피플러스 정기적금,영업점,"-1개월 이내 해지시 : 약정 금리 또는 만기 시 동일상품 동일계약기간의 신규 약정 금리 중 낮은 금리
-1개월 초과 이후 해지시 : 연0.1%","- 반려견을 키우는 고객대상으로 반려견과 함께 찍은 사진 제시
(스마트폰으로 확인 가능)
-본인 외 대리인 개설 불가",3,반려견을 키우는 고객,"1. 1인당 가입한도 : 월 1만원~50만원 
(1만원 단위로 가입 가능)
2. 가입기간 : 12개월 또는 24개월만 가능
3. 지점방문을 통한 상품가입만 가능
4. 반려견과 함께 찍은사진 직원 제시 필수
5. 본인 외 대리인 개설 불가",500000,20260820,,202608201500,S,단리,S,정액적립식,12,3.7,3.7
030300,저축은행,2026-08-31T05:51:56+00:00,202608,0013308,JT친애저축은행,JTCSB310013,JT쩜피플러스 정기적금,영업점,"-1개월 이내 해지시 : 약정 금리 또는 만기 시 동일상품 동일계약기간의 신규 약정 금리 중 낮은 금리
-1개월 초과 이후 해지시 : 연0.1%","- 반려견을 키우는 고객대상으로 반려견과 함께 찍은 사진 제시
(스마트폰으로 확인 가능)
-본인 외 대리인 개설 불가",3,반려견을 키우는 고객,"1. 1인당 가입한도 : 월 1만원~50만원 
(1만원 단위로 가입 가능)
2. 가입기간 : 12개월 또는 24개월만 가능
3. 지점방문을 통한 상품가입만 가능
4. 반려견과 함께 찍은사진 직원 제시 필수
5. 본인 외 대리인 개설 불가",500000,20260820,,202608201500,S,단리,S,정액적립식,24,2.7,2.7
030300,저축은행,2026-08-31T05:51:56+00:00,202608,0013308,JT친애저축은행,JTCSB310026,비대면 정기적금,"인터넷,스마트폰","-1개월 이내 해지시 : 약정 금리 또는 만기 시 동일상품 동일계약기간의 신규 약정 금리 중 낮은 금리
-1개월 초과 이후 해지시 : 연0.1%",없음,1,제한없음,없음,,20260820,,202608201500,S,단리,S,정액적립식,6,2,2
030300,저축은행,2026-08-31T05:51:56+00:00,202608,0013308,JT친애저축은행,JTCSB310026,비대면 정기적금,"인터넷,스마트폰","-1개월 이내 해지시 : 약정 금리 또는 만기 시 동일상품 동일계약기간의 신규 약정 금리 중 낮은 금리
-1개월 초과 이후 해지시 : 연0.1%",없음,1,제한없음,없음,,20260820,,202608201500,S,단리,S,정액적립식,12,3.7,3.7
030300,저축은행,2026-08-31T05:51:56+00:00,202608,0013308,JT친애저축은행,JTCSB310026,비대면 정기적금,"인터넷,스마트폰","-1개월 이내 해지시 : 약정 금리 또는 만기 시 동일상품 동일계약기간의 신규 약정 금리 중 낮은 금리
-1개월 초과 이후 해지시 : 연0.1%",없음,1,제한없음,없음,,20260820,,202608201500,S,단리,S,정액적립식,24,3.8,3.8
030300,저축은행,2026-08-31T05:51:56+00:00,202608,0013308,JT친애저축은행,JTCSB310026,비대면 정기적금,"인터넷,스마트폰","-1개월 이내 해지시 : 약정 금리 또는 만기 시 동일상품 동일계약기간의 신규 약정 금리 중 낮은 금리
-1개월 초과 이후 해지시 : 연0.1%",없음,1,제한없음,없음,,20260820,,202608201500,S,단리,S,정액적립식,36,2.8,2.8
030300,저축은행,2026-08-31T05:51:56+00:00,202608,0013308,JT친애저축은행,JTCSB310010,정기적금,영업점,"-1개월 이내 해지시 : 약정 금리 또는 만기 시 동일상품 동일계약기간의 신규 약정 금리 중 낮은 금리
-1개월 초과 이후 해지시 : 연0.1%",없음,1,제한없음,없음,,20260820,,202608201500,S,단리,S,정액적립식,6,2,2
030300,저축은행,2026-08-31T05:51:56+00:00,202608,0013308,JT친애저축은행,JTCSB310010,정기적금,영업점,"-1개월 이내 해지시 : 약정 금리 또는 만기 시 동일상품 동일계약기간의 신규 약정 금리 중 낮은 금리
-1개월 초과 이후 해지시 : 연0.1%",없음,1,제한없음,없음,,20260820,,202608201500,S,단리,S,정액적립식,12,3.6,3.6
030300,저축은행,2026-08-31T05:51:56+00:00,202608,0013308,JT친애저축은행,JTCSB310010,정기적금,영업점,"-1개월 이내 해지시 : 약정 금리 또는 만기 시 동일상품 동일계약기간의 신규 약정 금리 중 낮은 금리
-1개월 초과 이후 해지시 : 연0.1%",없음,1,제한없음,없음,,20260820,,202608201500,S,단리,S,정액적립식,24,3.7,3.7
030300,저축은행,2026-08-31T05:51:56+00:00,202608,0013308,JT친애저축은행,JTCSB310010,정기적금,영업점,"-1개월 이내 해지시 : 약정 금리 또는 만기 시 동일상품 동일계약기간의 신규 약정 금리 중 낮은 금리
-1개월 초과 이후 해지시 : 연0.1%",없음,1,제한없음,없음,,20260820,,202608201500,S,단리,S,정액적립식,36,2.7,2.7
030300,저축은행,2026-08-31T05:51:56+00:00,202608,0013127,KB저축은행,310005,KB일반e-Plus정기적금,"인터넷,스마트폰","- 1개월이내 : 신규가입일 당시 약정이율과 만기일 현재 고시이율 중 낮은 이율
- 1개월초과 : 보통예금이율","-KB스타클럽 고객 연0.1%p적용.
단, 베스트, 그랜드, VIP,VVIP등급 적용",1,제한없음,"- 12~36개월
- 가입금액: 1만원이상",,20260820,,202608201500,S,단리,S,정액적립식,12,3.1,3.2
030300,저축은행,2026-08-31T05:51:56+00:00,202608,0013127,KB저축은행,310005,KB일반e-Plus정기적금,"인터넷,스마트폰","- 1개월이내 : 신규가입일 당시 약정이율과 만기일 현재 고시이율 중 낮은 이율
- 1개월초과 : 보통예금이율","-KB스타클럽 고객 연0.1%p적용.
단, 베스트, 그랜드, VIP,VVIP등급 적용",1,제한없음,"- 12~36개월
- 가입금액: 1만원이상",,20260820,,202608201500,M,복리,S,정액적립식,12,3.1,3.2
030300,저축은행,2026-08-31T05:51:56+00:00,202608,0013127,KB저축은행,310005,KB일반e-Plus정기적금,"인터넷,스마트폰","- 1개월이내 : 신규가입일 당시 약정이율과 만기일 현재 고시이율 중 낮은 이율
- 1개월초과 : 보통예금이율","-KB스타클럽 고객 연0.1%p적용.
단, 베스트, 그랜드, VIP,VVIP등급 적용",1,제한없음,"- 12~36개월
- 가입금액: 1만원이상",,20260820,,202608201500,S,단리,S,정액적립식,24,3.2,3.3
030300,저축은행,2026-08-31T05:51:56+00:00,202608,0013127,KB저축은행,310005,KB일반e-Plus정기적금,"인터넷,스마트폰","- 1개월이내 : 신규가입일 당시 약정이율과 만기일 현재 고시이율 중 낮은 이율
- 1개월초과 : 보통예금이율","-KB스타클럽 고객 연0.1%p적용.
단, 베스트, 그랜드, VIP,VVIP등급 적용",1,제한없음,"- 12~36개월
- 가입금액: 1만원이상",,20260820,,202608201500,M,복리,S,정액적립식,24,3.2,3.3
030300,저축은행,2026-08-31T05:51:56+00:00,202608,0013127,KB저축은행,310005,KB일반e-Plus정기적금,"인터넷,스마트폰","- 1개월이내 : 신규가입일 당시 약정이율과 만기일 현재 고시이율 중 낮은 이율
- 1개월초과 : 보통예금이율","-KB스타클럽 고객 연0.1%p적용.
단, 베스트, 그랜드, VIP,VVIP등급 적용",1,제한없음,"- 12~36개월
- 가입금액: 1만원이상",,20260820,,202608201500,S,단리,S,정액적립식,36,3.3,3.4
030300,저축은행,2026-08-31T05:51:56+00:00,202608,0013127,KB저축은행,310005,KB일반e-Plus정기적금,"인터넷,스마트폰","- 1개월이내 : 신규가입일 당시 약정이율과 만기일 현재 고시이율 중 낮은 이율
- 1개월초과 : 보통예금이율","-KB스타클럽 고객 연0.1%p적용.
단, 베스트, 그랜드, VIP,VVIP등급 적용",1,제한없음,"- 12~36개월
- 가입금액: 1만원이상",,20260820,,202608201500,M,복리,S,정액적립식,36,3.3,3.4
030300,저축은행,2026-08-31T05:51:56+00:00,202608,0013127,KB저축은행,310004,KB일반정기적금,영업점,"- 1개월이내 : 신규가입일 당시 약정이율과 만기일 현재 고시이율 중 낮은 이율
- 1개월초과 : 보통예금이율","- 인터넷뱅킹 신규가입하여 출금계좌를 등록한 후 당일 창구 신규시 우대금리 연 0.1%p적용. 
단, 신규가입일 포함 14일 이내 타기관 공인인증서 미등록시 우대금리 적용해제
-KB스타클럽 고객 연0.1%p적용.
단, 베스트, 그랜드, VIP,VVIP등급 적용",1,제한없음,"- 12~36개월
- 가입금액: 1만원이상",,20260820,,202608201500,M,복리,S,정액적립식,12,3,3.2
030300,저축은행,2026-08-31T05:51:56+00:00,202608,0013127,KB저축은행,310004,KB일반정기적금,영업점,"- 1개월이내 : 신규가입일 당시 약정이율과 만기일 현재 고시이율 중 낮은 이율
- 1개월초과 : 보통예금이율","- 인터넷뱅킹 신규가입하여 출금계좌를 등록한 후 당일 창구 신규시 우대금리 연 0.1%p적용. 
단, 신규가입일 포함 14일 이내 타기관 공인인증서 미등록시 우대금리 적용해제
-KB스타클럽 고객 연0.1%p적용.
단, 베스트, 그랜드, VIP,VVIP등급 적용",1,제한없음,"- 12~36개월
- 가입금액: 1만원이상",,20260820,,202608201500,S,단리,S,정액적립식,12,3,3.2
030300,저축은행,2026-08-31T05:51:56+00:00,202608,0013127,KB저축은행,310004,KB일반정기적금,영업점,"- 1개월이내 : 신규가입일 당시 약정이율과 만기일 현재 고시이율 중 낮은 이율
- 1개월초과 : 보통예금이율","- 인터넷뱅킹 신규가입하여 출금계좌를 등록한 후 당일 창구 신규시 우대금리 연 0.1%p적용. 
단, 신규가입일 포함 14일 이내 타기관 공인인증서 미등록시 우대금리 적용해제
-KB스타클럽 고객 연0.1%p적용.
단, 베스트, 그랜드, VIP,VVIP등급 적용",1,제한없음,"- 12~36개월
- 가입금액: 1만원이상",,20260820,,202608201500,M,복리,S,정액적립식,24,3.1,3.3
030300,저축은행,2026-08-31T05:51:56+00:00,202608,0013127,KB저축은행,310004,KB일반정기적금,영업점,"- 1개월이내 : 신규가입일 당시 약정이율과 만기일 현재 고시이율 중 낮은 이율
- 1개월초과 : 보통예금이율","- 인터넷뱅킹 신규가입하여 출금계좌를 등록한 후 당일 창구 신규시 우대금리 연 0.1%p적용. 
단, 신규가입일 포함 14일 이내 타기관 공인인증서 미등록시 우대금리 적용해제
-KB스타클럽 고객 연0.1%p적용.
단, 베스트, 그랜드, VIP,VVIP등급 적용",1,제한없음,"- 12~36개월
- 가입금액: 1만원이상",,20260820,,202608201500,S,단리,S,정액적립식,24,3.1,3.3
030300,저축은행,2026-08-31T05:51:56+00:00,202608,0013127,KB저축은행,310004,KB일반정기적금,영업점,"- 1개월이내 : 신규가입일 당시 약정이율과 만기일 현재 고시이율 중 낮은 이율
- 1개월초과 : 보통예금이율","- 인터넷뱅킹 신규가입하여 출금계좌를 등록한 후 당일 창구 신규시 우대금리 연 0.1%p적용. 
단, 신규가입일 포함 14일 이내 타기관 공인인증서 미등록시 우대금리 적용해제
-KB스타클럽 고객 연0.1%p적용.
단, 베스트, 그랜드, VIP,VVIP등급 적용",1,제한없음,"- 12~36개월
- 가입금액: 1만원이상",,20260820,,202608201500,M,복리,S,정액적립식,36,3.2,3.4
030300,저축은행,2026-08-31T05:51:56+00:00,202608,0013127,KB저축은행,310004,KB일반정기적금,영업점,"- 1개월이내 : 신규가입일 당시 약정이율과 만기일 현재 고시이율 중 낮은 이율
- 1개월초과 : 보통예금이율","- 인터넷뱅킹 신규가입하여 출금계좌를 등록한 후 당일 창구 신규시 우대금리 연 0.1%p적용. 
단, 신규가입일 포함 14일 이내 타기관 공인인증서 미등록시 우대금리 적용해제
-KB스타클럽 고객 연0.1%p적용.
단, 베스트, 그랜드, VIP,VVIP등급 적용",1,제한없음,"- 12~36개월
- 가입금액: 1만원이상",,20260820,,202608201500,S,단리,S,정액적립식,36,3.2,3.4
030300,저축은행,2026-08-31T05:51:56+00:00,202608,0013127,KB저축은행,310003,KB착한e-Plus정기적금,"인터넷,스마트폰","- 1개월이내 : 신규가입일 당시 약정이율과 만기일 현재 고시이율 중 낮은 이율
- 1개월초과 : 보통예금이율","-KB스타클럽 고객 연0.1%p적용.
단, 베스트, 그랜드, VIP,VVIP등급 적용",1,제한없음,"- 12~36개월
- 가입금액: 1만원이상~100만원이하
- KB착한정기적금과 납입한도 합산 적용",1000000,20260820,,202608201500,S,단리,S,정액적립식,12,3.7,3.8
030300,저축은행,2026-08-31T05:51:56+00:00,202608,0013127,KB저축은행,310003,KB착한e-Plus정기적금,"인터넷,스마트폰","- 1개월이내 : 신규가입일 당시 약정이율과 만기일 현재 고시이율 중 낮은 이율
- 1개월초과 : 보통예금이율","-KB스타클럽 고객 연0.1%p적용.
단, 베스트, 그랜드, VIP,VVIP등급 적용",1,제한없음,"- 12~36개월
- 가입금액: 1만원이상~100만원이하
- KB착한정기적금과 납입한도 합산 적용",1000000,20260820,,202608201500,M,복리,S,정액적립식,12,3.7,3.8
030300,저축은행,2026-08-31T05:51:56+00:00,202608,0013127,KB저축은행,310003,KB착한e-Plus정기적금,"인터넷,스마트폰","- 1개월이내 : 신규가입일 당시 약정이율과 만기일 현재 고시이율 중 낮은 이율
- 1개월초과 : 보통예금이율","-KB스타클럽 고객 연0.1%p적용.
단, 베스트, 그랜드, VIP,VVIP등급 적용",1,제한없음,"- 12~36개월
- 가입금액: 1만원이상~100만원이하
- KB착한정기적금과 납입한도 합산 적용",1000000,20260820,,202608201500,S,단리,S,정액적립식,24,3.7,3.8
030300,저축은행,2026-08-31T05:51:56+00:00,202608,0013127,KB저축은행,310003,KB착한e-Plus정기적금,"인터넷,스마트폰","- 1개월이내 : 신규가입일 당시 약정이율과 만기일 현재 고시이율 중 낮은 이율
- 1개월초과 : 보통예금이율","-KB스타클럽 고객 연0.1%p적용.
단, 베스트, 그랜드, VIP,VVIP등급 적용",1,제한없음,"- 12~36개월
- 가입금액: 1만원이상~100만원이하
- KB착한정기적금과 납입한도 합산 적용",1000000,20260820,,202608201500,M,복리,S,정액적립식,24,3.7,3.8
030300,저축은행,2026-08-31T05:51:56+00:00,202608,0013127,KB저축은행,310003,KB착한e-Plus정기적금,"인터넷,스마트폰","- 1개월이내 : 신규가입일 당시 약정이율과 만기일 현재 고시이율 중 낮은 이율
- 1개월초과 : 보통예금이율","-KB스타클럽 고객 연0.1%p적용.
단, 베스트, 그랜드, VIP,VVIP등급 적용",1,제한없음,"- 12~36개월
- 가입금액: 1만원이상~100만원이하
- KB착한정기적금과 납입한도 합산 적용",1000000,20260820,,202608201500,S,단리,S,정액적립식,36,3.7,3.8
030300,저축은행,2026-08-31T05:51:56+00:00,202608,0013127,KB저축은행,310003,KB착한e-Plus정기적금,"인터넷,스마트폰","- 1개월이내 : 신규가입일 당시 약정이율과 만기일 현재 고시이율 중 낮은 이율
- 1개월초과 : 보통예금이율","-KB스타클럽 고객 연0.1%p적용.
단, 베스트, 그랜드, VIP,VVIP등급 적용",1,제한없음,"- 12~36개월
- 가입금액: 1만원이상~100만원이하
- KB착한정기적금과 납입한도 합산 적용",1000000,20260820,,202608201500,M,복리,S,정액적립식,36,3.7,3.8
030300,저축은행,2026-08-31T05:51:56+00:00,202608,0013127,KB저축은행,310006,KB착한누리적금,"영업점,인터넷,스마트폰","- 1개월이내 : 신규가입일 당시 약정이율과 만기일 현재 고시이율 중 낮은 이율
- 1개월초과 : 보통예금이율",인터넷뱅킹/모바일뱅킹으로 가입시 우대이율 연0.5% 적용,1,"기초생활수급자, 소년소녀가장, 한부모가족지원보호대상자, 새터민, 만65세이상 차상위계층, 장애인연금·장애수당·장애아동수당 대상자","-12개월 가입가능
- 가입금액:1만원이상~30만원이하
- 증빙서류제출후가입",300000,20260820,,202608201500,M,복리,S,정액적립식,12,4.5,5
030300,저축은행,2026-08-31T05:51:56+00:00,202608,0013127,KB저축은행,310006,KB착한누리적금,"영업점,인터넷,스마트폰","- 1개월이내 : 신규가입일 당시 약정이율과 만기일 현재 고시이율 중 낮은 이율
- 1개월초과 : 보통예금이율",인터넷뱅킹/모바일뱅킹으로 가입시 우대이율 연0.5% 적용,1,"기초생활수급자, 소년소녀가장, 한부모가족지원보호대상자, 새터민, 만65세이상 차상위계층, 장애인연금·장애수당·장애아동수당 대상자","-12개월 가입가능
- 가입금액:1만원이상~30만원이하
- 증빙서류제출후가입",300000,20260820,,202608201500,S,단리,S,정액적립식,12,4.5,5
030300,저축은행,2026-08-31T05:51:56+00:00,202608,0013127,KB저축은행,310002,KB착한정기적금,영업점,"- 1개월이내 : 신규가입일 당시 약정이율과 만기일 현재 고시이율 중 낮은 이율
- 1개월초과 : 보통예금이율","- 인터넷뱅킹 신규가입하여 출금계좌를 등록한 후 당일 창구 신규시 우대금리 연 0.1%p적용. 
단, 신규가입일 포함 14일 이내 타기관 공인인증서 미등록시 우대금리 적용해제
-KB스타클럽 고객 연0.1%p적용.
단, 베스트, 그랜드, VIP,VVIP등급 적용",1,제한없음,"- 12~36개월
- 가입금액: 1만원이상~100만원이하
- Kbe-Plus착한정기적금과 납입한도 합산 적용",1000000,20260820,,202608201500,M,복리,S,정액적립식,12,3.6,3.8
030300,저축은행,2026-08-31T05:51:56+00:00,202608,0013127,KB저축은행,310002,KB착한정기적금,영업점,"- 1개월이내 : 신규가입일 당시 약정이율과 만기일 현재 고시이율 중 낮은 이율
- 1개월초과 : 보통예금이율","- 인터넷뱅킹 신규가입하여 출금계좌를 등록한 후 당일 창구 신규시 우대금리 연 0.1%p적용. 
단, 신규가입일 포함 14일 이내 타기관 공인인증서 미등록시 우대금리 적용해제
-KB스타클럽 고객 연0.1%p적용.
단, 베스트, 그랜드, VIP,VVIP등급 적용",1,제한없음,"- 12~36개월
- 가입금액: 1만원이상~100만원이하
- Kbe-Plus착한정기적금과 납입한도 합산 적용",1000000,20260820,,202608201500,S,단리,S,정액적립식,12,3.6,3.8
030300,저축은행,2026-08-31T05:51:56+00:00,202608,0013127,KB저축은행,310002,KB착한정기적금,영업점,"- 1개월이내 : 신규가입일 당시 약정이율과 만기일 현재 고시이율 중 낮은 이율
- 1개월초과 : 보통예금이율","- 인터넷뱅킹 신규가입하여 출금계좌를 등록한 후 당일 창구 신규시 우대금리 연 0.1%p적용. 
단, 신규가입일 포함 14일 이내 타기관 공인인증서 미등록시 우대금리 적용해제
-KB스타클럽 고객 연0.1%p적용.
단, 베스트, 그랜드, VIP,VVIP등급 적용",1,제한없음,"- 12~36개월
- 가입금액: 1만원이상~100만원이하
- Kbe-Plus착한정기적금과 납입한도 합산 적용",1000000,20260820,,202608201500,M,복리,S,정액적립식,24,3.6,3.8
030300,저축은행,2026-08-31T05:51:56+00:00,202608,0013127,KB저축은행,310002,KB착한정기적금,영업점,"- 1개월이내 : 신규가입일 당시 약정이율과 만기일 현재 고시이율 중 낮은 이율
- 1개월초과 : 보통예금이율","- 인터넷뱅킹 신규가입하여 출금계좌를 등록한 후 당일 창구 신규시 우대금리 연 0.1%p적용. 
단, 신규가입일 포함 14일 이내 타기관 공인인증서 미등록시 우대금리 적용해제
-KB스타클럽 고객 연0.1%p적용.
단, 베스트, 그랜드, VIP,VVIP등급 적용",1,제한없음,"- 12~36개월
- 가입금액: 1만원이상~100만원이하
- Kbe-Plus착한정기적금과 납입한도 합산 적용",1000000,20260820,,202608201500,S,단리,S,정액적립식,24,3.6,3.8
030300,저축은행,2026-08-31T05:51:56+00:00,202608,0013127,KB저축은행,310002,KB착한정기적금,영업점,"- 1개월이내 : 신규가입일 당시 약정이율과 만기일 현재 고시이율 중 낮은 이율
- 1개월초과 : 보통예금이율","- 인터넷뱅킹 신규가입하여 출금계좌를 등록한 후 당일 창구 신규시 우대금리 연 0.1%p적용. 
단, 신규가입일 포함 14일 이내 타기관 공인인증서 미등록시 우대금리 적용해제
-KB스타클럽 고객 연0.1%p적용.
단, 베스트, 그랜드, VIP,VVIP등급 적용",1,제한없음,"- 12~36개월
- 가입금액: 1만원이상~100만원이하
- Kbe-Plus착한정기적금과 납입한도 합산 적용",1000000,20260820,,202608201500,M,복리,S,정액적립식,36,3.6,3.8
030300,저축은행,2026-08-31T05:51:56+00:00,202608,0013127,KB저축은행,310002,KB착한정기적금,영업점,"- 1개월이내 : 신규가입일 당시 약정이율과 만기일 현재 고시이율 중 낮은 이율
- 1개월초과 : 보통예금이율","- 인터넷뱅킹 신규가입하여 출금계좌를 등록한 후 당일 창구 신규시 우대금리 연 0.1%p적용. 
단, 신규가입일 포함 14일 이내 타기관 공인인증서 미등록시 우대금리 적용해제
-KB스타클럽 고객 연0.1%p적용.
단, 베스트, 그랜드, VIP,VVIP등급 적용",1,제한없음,"- 12~36개월
- 가입금액: 1만원이상~100만원이하
- Kbe-Plus착한정기적금과 납입한도 합산 적용",1000000,20260820,,202608201500,S,단리,S,정액적립식,36,3.6,3.8
030300,저축은행,2026-08-31T05:51:56+00:00,202608,0010439,MS저축은행,310012,아이사랑 정기적금,영업점,만기후 1개월간은 당초 약정금리와 당초 약정기간에 해당하는 현행금리 중 낮은 금리를 적용하고 만기후 1개월 경과시는 보통예금이자율,없음,3,만 19세미만 자녀 2명 이상을 둔 부모 및 자녀 (각 1인 1계좌),"①1만원 이상 30만원 이하
②12개월 이상 36개월 이하(월 단위)
③영업점 내방 전용상품",300000,20260820,,202608201500,S,단리,S,정액적립식,12,6,6
030300,저축은행,2026-08-31T05:51:56+00:00,202608,0010439,MS저축은행,310012,아이사랑 정기적금,영업점,만기후 1개월간은 당초 약정금리와 당초 약정기간에 해당하는 현행금리 중 낮은 금리를 적용하고 만기후 1개월 경과시는 보통예금이자율,없음,3,만 19세미만 자녀 2명 이상을 둔 부모 및 자녀 (각 1인 1계좌),"①1만원 이상 30만원 이하
②12개월 이상 36개월 이하(월 단위)
③영업점 내방 전용상품",300000,20260820,,202608201500,S,단리,S,정액적립식,24,5.8,5.8
030300,저축은행,2026-08-31T05:51:56+00:00,202608,0010439,MS저축은행,310012,아이사랑 정기적금,영업점,만기후 1개월간은 당초 약정금리와 당초 약정기간에 해당하는 현행금리 중 낮은 금리를 적용하고 만기후 1개월 경과시는 보통예금이자율,없음,3,만 19세미만 자녀 2명 이상을 둔 부모 및 자녀 (각 1인 1계좌),"①1만원 이상 30만원 이하
②12개월 이상 36개월 이하(월 단위)
③영업점 내방 전용상품",300000,20260820,,202608201500,S,단리,S,정액적립식,36,5.5,5.5
030300,저축은행,2026-08-31T05:51:56+00:00,202608,0010439,MS저축은행,310008,정기적금,"영업점,인터넷,스마트폰",- 만기후 1개월간은 당초 약정금리와 당초 약정기간에 해당하는 현행금리 중 낮은 금리를 적용하고 만기후 1개월 경과시는 보통예금이자율,없음,1,없음,없음,,20260820,,202608201500,S,단리,S,정액적립식,6,3.2,3.2
030300,저축은행,2026-08-31T05:51:56+00:00,202608,0010439,MS저축은행,310008,정기적금,"영업점,인터넷,스마트폰",- 만기후 1개월간은 당초 약정금리와 당초 약정기간에 해당하는 현행금리 중 낮은 금리를 적용하고 만기후 1개월 경과시는 보통예금이자율,없음,1,없음,없음,,20260820,,202608201500,S,단리,S,정액적립식,12,4,4
030300,저축은행,2026-08-31T05:51:56+00:00,202608,0010439,MS저축은행,310008,정기적금,"영업점,인터넷,스마트폰",- 만기후 1개월간은 당초 약정금리와 당초 약정기간에 해당하는 현행금리 중 낮은 금리를 적용하고 만기후 1개월 경과시는 보통예금이자율,없음,1,없음,없음,,20260820,,202608201500,S,단리,S,정액적립식,24,3.8,3.8
030300,저축은행,2026-08-31T05:51:56+00:00,202608,0010439,MS저축은행,310008,정기적금,"영업점,인터넷,스마트폰",- 만기후 1개월간은 당초 약정금리와 당초 약정기간에 해당하는 현행금리 중 낮은 금리를 적용하고 만기후 1개월 경과시는 보통예금이자율,없음,1,없음,없음,,20260820,,202608201500,S,단리,S,정액적립식,36,3.5,3.5
030300,저축은행,2026-08-31T05:51:56+00:00,202608,0013351,OK저축은행,310030,OK e-정기적금,"인터넷,스마트폰","-만기 후 1개월 이하: 약정이율 혹은 만기시점 해당상품 이율 중 낮은 이율 
-만기 후 1개월 초과: 연0.1%",없음,1,제한없음,"1. 가입금액: 1만원 이상
2. 인터넷뱅킹, 모바일뱅킹 전용상품",,20260820,,202608201500,S,단리,S,정액적립식,12,2.6,2.6
030300,저축은행,2026-08-31T05:51:56+00:00,202608,0013351,OK저축은행,310030,OK e-정기적금,"인터넷,스마트폰","-만기 후 1개월 이하: 약정이율 혹은 만기시점 해당상품 이율 중 낮은 이율 
-만기 후 1개월 초과: 연0.1%",없음,1,제한없음,"1. 가입금액: 1만원 이상
2. 인터넷뱅킹, 모바일뱅킹 전용상품",,20260820,,202608201500,S,단리,S,정액적립식,24,2.6,2.6
030300,저축은행,2026-08-31T05:51:56+00:00,202608,0013351,OK저축은행,310030,OK e-정기적금,"인터넷,스마트폰","-만기 후 1개월 이하: 약정이율 혹은 만기시점 해당상품 이율 중 낮은 이율 
-만기 후 1개월 초과: 연0.1%",없음,1,제한없음,"1. 가입금액: 1만원 이상
2. 인터넷뱅킹, 모바일뱅킹 전용상품",,20260820,,202608201500,S,단리,S,정액적립식,36,2.6,2.6
030300,저축은행,2026-08-31T05:51:56+00:00,202608,0013351,OK저축은행,310001,OK정기적금,영업점,"-만기 후 1개월 이하: 약정이율 혹은 만기시점 해당상품 이율 중 낮은 이율 
-만기 후 1개월 초과: 연0.1%",없음,1,제한없음,"1. 가입금액: 1만원 이상
2. 영업점전용상품",,20260820,,202608201500,S,단리,S,정액적립식,12,2.5,2.5
030300,저축은행,2026-08-31T05:51:56+00:00,202608,0013351,OK저축은행,310001,OK정기적금,영업점,"-만기 후 1개월 이하: 약정이율 혹은 만기시점 해당상품 이율 중 낮은 이율 
-만기 후 1개월 초과: 연0.1%",없음,1,제한없음,"1. 가입금액: 1만원 이상
2. 영업점전용상품",,20260820,,202608201500,S,단리,S,정액적립식,24,2.5,2.5
030300,저축은행,2026-08-31T05:51:56+00:00,202608,0013351,OK저축은행,310001,OK정기적금,영업점,"-만기 후 1개월 이하: 약정이율 혹은 만기시점 해당상품 이율 중 낮은 이율 
-만기 후 1개월 초과: 연0.1%",없음,1,제한없음,"1. 가입금액: 1만원 이상
2. 영업점전용상품",,20260820,,202608201500,S,단리,S,정액적립식,36,2.5,2.5
030300,저축은행,2026-08-31T05:51:56+00:00,202608,0010346,OSB저축은행,31000,정기적금,"영업점,인터넷,스마트폰","- 만기 후 1개월 이내: 가입 시 약정금리와 만기 시 동일 상품의 금리 중 낮은 금리 적용
- 만기 후 1개월 경과: 보통예금 금리(0.2%)",없음,1,제한없음,"-월 불입금 1만원 이상
-6개월 이상 ~ 60개월 까지 (월 단위 가능)
-만기시 이자지급",,20260820,,202608201500,S,단리,S,정액적립식,6,2.2,2.2
030300,저축은행,2026-08-31T05:51:56+00:00,202608,0010346,OSB저축은행,31000,정기적금,"영업점,인터넷,스마트폰","- 만기 후 1개월 이내: 가입 시 약정금리와 만기 시 동일 상품의 금리 중 낮은 금리 적용
- 만기 후 1개월 경과: 보통예금 금리(0.2%)",없음,1,제한없음,"-월 불입금 1만원 이상
-6개월 이상 ~ 60개월 까지 (월 단위 가능)
-만기시 이자지급",,20260820,,202608201500,S,단리,S,정액적립식,12,3.3,3.3
030300,저축은행,2026-08-31T05:51:56+00:00,202608,0010346,OSB저축은행,31000,정기적금,"영업점,인터넷,스마트폰","- 만기 후 1개월 이내: 가입 시 약정금리와 만기 시 동일 상품의 금리 중 낮은 금리 적용
- 만기 후 1개월 경과: 보통예금 금리(0.2%)",없음,1,제한없음,"-월 불입금 1만원 이상
-6개월 이상 ~ 60개월 까지 (월 단위 가능)
-만기시 이자지급",,20260820,,202608201500,S,단리,S,정액적립식,24,3.3,3.3
030300,저축은행,2026-08-31T05:51:56+00:00,202608,0010346,OSB저축은행,31000,정기적금,"영업점,인터넷,스마트폰","- 만기 후 1개월 이내: 가입 시 약정금리와 만기 시 동일 상품의 금리 중 낮은 금리 적용
- 만기 후 1개월 경과: 보통예금 금리(0.2%)",없음,1,제한없음,"-월 불입금 1만원 이상
-6개월 이상 ~ 60개월 까지 (월 단위 가능)
-만기시 이자지급",,20260820,,202608201500,S,단리,S,정액적립식,36,3.3,3.3
030300,저축은행,2026-08-31T05:51:56+00:00,202608,0010346,OSB저축은행,31003,프리스타일적금,"영업점,인터넷,스마트폰","- 만기 후 1개월 이내: 가입 시 약정금리와 만기 시 동일 상품의 금리 중 낮은 금리 적용
- 만기 후 1개월 경과: 보통예금 금리(0.2%)",없음,1,제한없음,"-월 불입금 1만원 이상
-12개월 이상 ~ 36개월 까지 (월 단위 가능)
-만기시 이자지급
-월중 입금액은 계약금액의 10%를 초과할 수 없으며, 만기일로부터 1개월 이내는 납입불가",,20260820,,202608201500,S,단리,F,자유적립식,12,2.7,2.7
030300,저축은행,2026-08-31T05:51:56+00:00,202608,0010346,OSB저축은행,31003,프리스타일적금,"영업점,인터넷,스마트폰","- 만기 후 1개월 이내: 가입 시 약정금리와 만기 시 동일 상품의 금리 중 낮은 금리 적용
- 만기 후 1개월 경과: 보통예금 금리(0.2%)",없음,1,제한없음,"-월 불입금 1만원 이상
-12개월 이상 ~ 36개월 까지 (월 단위 가능)
-만기시 이자지급
-월중 입금액은 계약금액의 10%를 초과할 수 없으며, 만기일로부터 1개월 이내는 납입불가",,20260820,,202608201500,S,단리,F,자유적립식,24,2.7,2.7
030300,저축은행,2026-08-31T05:51:56+00:00,202608,0010346,OSB저축은행,31003,프리스타일적금,"영업점,인터넷,스마트폰","- 만기 후 1개월 이내: 가입 시 약정금리와 만기 시 동일 상품의 금리 중 낮은 금리 적용
- 만기 후 1개월 경과: 보통예금 금리(0.2%)",없음,1,제한없음,"-월 불입금 1만원 이상
-12개월 이상 ~ 36개월 까지 (월 단위 가능)
-만기시 이자지급
-월중 입금액은 계약금액의 10%를 초과할 수 없으며, 만기일로부터 1개월 이내는 납입불가",,20260820,,202608201500,S,단리,F,자유적립식,36,2.7,2.7
030300,저축은행,2026-08-31T05:51:56+00:00,202608,0010370,SBI저축은행,310037,마이홈 정기적금,스마트폰,"- 만기 후 1개월 이하: 약정금리와 만기 시 동일상품 동일 계약기간의 기본금리 중 낮은 금리 적용

- 만기 후 1개월 초과: 연0.2%","- 세대주 우대금리 : 연0.1%

- 청년층 우대금리 : 연0.9%

- 소득취약계층 우대금리 : 연 1.0%

- 전세사기피해자 우대금리 : 연 2.0%",3,"19세 이상 주민등록증 혹은 운전면허증 보유한 무주택 개인 * 무주택이란, 가입일 현재 지방세세목별과세증명서 상 최근 과세 기준일 (매년 6월 1일) 기준 재산세(주택) 부과(고지) 사실이 없는 경우","- 매월 1천좌 한도
- 1인 1계좌 제한 
- 월납입액 최대 50만원까지 가능",6000000,20260820,,202608201500,S,단리,S,정액적립식,12,4,8
030300,저축은행,2026-08-31T05:51:56+00:00,202608,0010370,SBI저축은행,310035,아이적금,스마트폰,"- 만기 후 1개월 이하: 약정금리

- 만기 후 1개월 초과: 만기시점 보통예금 금리(연0.2%)","① 아이계좌서비스 우대금리 : 연 0.2%

② 만기 우대금리 : 연 0.5%

③ 형제자매 우대금리 : 연 2.5% (1인당 0.5%p 우대, 최대 5명까지 적용)",1,19세 미만의 실명의 개인,"- 1인 1계좌 제한 
- 월납입액 최소 10만원 ~ 최대 50만원까지 가능 
- 부모님이 본인명의 핸드폰으로 아이적금을 직접개설하거나, 미성년자 본인이 직접 가입 가능",6000000,20260820,,202608201500,S,단리,S,정액적립식,6,3,6.2
030300,저축은행,2026-08-31T05:51:56+00:00,202608,0010370,SBI저축은행,310035,아이적금,스마트폰,"- 만기 후 1개월 이하: 약정금리

- 만기 후 1개월 초과: 만기시점 보통예금 금리(연0.2%)","① 아이계좌서비스 우대금리 : 연 0.2%

② 만기 우대금리 : 연 0.5%

③ 형제자매 우대금리 : 연 2.5% (1인당 0.5%p 우대, 최대 5명까지 적용)",1,19세 미만의 실명의 개인,"- 1인 1계좌 제한 
- 월납입액 최소 10만원 ~ 최대 50만원까지 가능 
- 부모님이 본인명의 핸드폰으로 아이적금을 직접개설하거나, 미성년자 본인이 직접 가입 가능",6000000,20260820,,202608201500,S,단리,S,정액적립식,12,3.9,7.1
030300,저축은행,2026-08-31T05:51:56+00:00,202608,0010370,SBI저축은행,380008,자유적금,"인터넷,스마트폰","- 만기 후 1개월 이하: 약정금리

- 만기 후 1개월 초과: 연0.2%","- 비대면(인터넷뱅킹 또는 사이다뱅크APP)우대금리 : 연0.1%

- 자동연장 시 추가 우대금리 : 연0.05%",1,제한없음,없음,3000000,20260820,,202608201500,M,복리,F,자유적립식,3,3.7,3.8
030300,저축은행,2026-08-31T05:51:56+00:00,202608,0010370,SBI저축은행,380008,자유적금,"인터넷,스마트폰","- 만기 후 1개월 이하: 약정금리

- 만기 후 1개월 초과: 연0.2%","- 비대면(인터넷뱅킹 또는 사이다뱅크APP)우대금리 : 연0.1%

- 자동연장 시 추가 우대금리 : 연0.05%",1,제한없음,없음,3000000,20260820,,202608201500,M,복리,F,자유적립식,6,3.7,3.8
030300,저축은행,2026-08-31T05:51:56+00:00,202608,0010370,SBI저축은행,380008,자유적금,"인터넷,스마트폰","- 만기 후 1개월 이하: 약정금리

- 만기 후 1개월 초과: 연0.2%","- 비대면(인터넷뱅킹 또는 사이다뱅크APP)우대금리 : 연0.1%

- 자동연장 시 추가 우대금리 : 연0.05%",1,제한없음,없음,3000000,20260820,,202608201500,M,복리,F,자유적립식,12,3.7,3.8
030300,저축은행,2026-08-31T05:51:56+00:00,202608,0010370,SBI저축은행,380008,자유적금,"인터넷,스마트폰","- 만기 후 1개월 이하: 약정금리

- 만기 후 1개월 초과: 연0.2%","- 비대면(인터넷뱅킹 또는 사이다뱅크APP)우대금리 : 연0.1%

- 자동연장 시 추가 우대금리 : 연0.05%",1,제한없음,없음,3000000,20260820,,202608201500,M,복리,F,자유적립식,24,3.7,3.8
030300,저축은행,2026-08-31T05:51:56+00:00,202608,0010370,SBI저축은행,310000,정기적금,영업점,"- 만기 후 1개월 이하: 약정금리와 만기시 동기간 금리 중 낮은 금리

- 만기 후 1개월 초과: 보통예금이율","- 장애인 등록고객 시 : 연0.2%
* 월 1백만원 이하, 12개월 약정시

- SBI패밀리 멤버쉽 최초 가입 당일 적금 가입 시 1인 1계좌 우대금리 적용 : 연 0.1%",1,제한없음,없음,,20260820,,202608201500,S,단리,S,정액적립식,6,2.7,2.7
030300,저축은행,2026-08-31T05:51:56+00:00,202608,0010370,SBI저축은행,310000,정기적금,영업점,"- 만기 후 1개월 이하: 약정금리와 만기시 동기간 금리 중 낮은 금리

- 만기 후 1개월 초과: 보통예금이율","- 장애인 등록고객 시 : 연0.2%
* 월 1백만원 이하, 12개월 약정시

- SBI패밀리 멤버쉽 최초 가입 당일 적금 가입 시 1인 1계좌 우대금리 적용 : 연 0.1%",1,제한없음,없음,,20260820,,202608201500,S,단리,S,정액적립식,12,3.6,3.6
030300,저축은행,2026-08-31T05:51:56+00:00,202608,0010370,SBI저축은행,310000,정기적금,영업점,"- 만기 후 1개월 이하: 약정금리와 만기시 동기간 금리 중 낮은 금리

- 만기 후 1개월 초과: 보통예금이율","- 장애인 등록고객 시 : 연0.2%
* 월 1백만원 이하, 12개월 약정시

- SBI패밀리 멤버쉽 최초 가입 당일 적금 가입 시 1인 1계좌 우대금리 적용 : 연 0.1%",1,제한없음,없음,,20260820,,202608201500,S,단리,S,정액적립식,24,2.7,2.7
030300,저축은행,2026-08-31T05:51:56+00:00,202608,0010370,SBI저축은행,310000,정기적금,영업점,"- 만기 후 1개월 이하: 약정금리와 만기시 동기간 금리 중 낮은 금리

- 만기 후 1개월 초과: 보통예금이율","- 장애인 등록고객 시 : 연0.2%
* 월 1백만원 이하, 12개월 약정시

- SBI패밀리 멤버쉽 최초 가입 당일 적금 가입 시 1인 1계좌 우대금리 적용 : 연 0.1%",1,제한없음,없음,,20260820,,202608201500,S,단리,S,정액적립식,36,2.4,2.4
030300,저축은행,2026-08-31T05:51:56+00:00,202608,0010390,고려저축은행,310023,고려 든든한 첫거래 우대 정기적금,"영업점,스마트폰","-1개월이내: 당초 약정금리와 만기시 동일상품 동일계약기간의 신규약정금리 중 낮은이율
-1개월초과: 보통예금이자율(현재0.1%)","*최고우대 금리 : 3.00% 
①만기유지 시 : 1.50%
②당행 입출금통장을 이용하여 자동이체 6회이상 납입 시 : 1.00% 
③첫고객 확인 시 : 0.50%",3,"당행 첫 고객 '-당행 미등록 고객 대상 -보증인, 담보제공자,대리인 등 고객등록된 경우 가입대상 제외 -비거주 외국인 외 제한없음",-1인 1계좌 상품 (가입 후 해지 시 재가입 불가),1000000,20260820,,202608201500,S,단리,S,정액적립식,12,2,5
030300,저축은행,2026-08-31T05:51:56+00:00,202608,0010390,고려저축은행,310023,고려 든든한 첫거래 우대 정기적금,"영업점,스마트폰","-1개월이내: 당초 약정금리와 만기시 동일상품 동일계약기간의 신규약정금리 중 낮은이율
-1개월초과: 보통예금이자율(현재0.1%)","*최고우대 금리 : 3.00% 
①만기유지 시 : 1.50%
②당행 입출금통장을 이용하여 자동이체 6회이상 납입 시 : 1.00% 
③첫고객 확인 시 : 0.50%",3,"당행 첫 고객 '-당행 미등록 고객 대상 -보증인, 담보제공자,대리인 등 고객등록된 경우 가입대상 제외 -비거주 외국인 외 제한없음",-1인 1계좌 상품 (가입 후 해지 시 재가입 불가),1000000,20260820,,202608201500,S,단리,S,정액적립식,24,1.5,4.5
030300,저축은행,2026-08-31T05:51:56+00:00,202608,0010390,고려저축은행,310023,고려 든든한 첫거래 우대 정기적금,"영업점,스마트폰","-1개월이내: 당초 약정금리와 만기시 동일상품 동일계약기간의 신규약정금리 중 낮은이율
-1개월초과: 보통예금이자율(현재0.1%)","*최고우대 금리 : 3.00% 
①만기유지 시 : 1.50%
②당행 입출금통장을 이용하여 자동이체 6회이상 납입 시 : 1.00% 
③첫고객 확인 시 : 0.50%",3,"당행 첫 고객 '-당행 미등록 고객 대상 -보증인, 담보제공자,대리인 등 고객등록된 경우 가입대상 제외 -비거주 외국인 외 제한없음",-1인 1계좌 상품 (가입 후 해지 시 재가입 불가),1000000,20260820,,202608201500,S,단리,S,정액적립식,36,1,4
030300,저축은행,2026-08-31T05:51:56+00:00,202608,0010390,고려저축은행,310017,마이버킷정기적금,스마트폰,"-1개월이내:당초 약정금리와 만기시 동일상품 동일계약기간의 신규약정금리 중 낮은이율
-1개월초과:보통예금이자율(현재0.1%)","① 만기유지시 : 0.50%
② 본인명의의 당행 입출금통장을 이용하여 자동이체 6회이상 납입시 : 0.50%",1,비거주 외국인 외 제한없음,"-우대조건 중도해지시 적용 불가
-GOBANK앱 전용 상품
-1인 1계좌 제한",1000000,20260820,,202608201500,S,단리,S,정액적립식,6,2,3
030300,저축은행,2026-08-31T05:51:56+00:00,202608,0010390,고려저축은행,310017,마이버킷정기적금,스마트폰,"-1개월이내:당초 약정금리와 만기시 동일상품 동일계약기간의 신규약정금리 중 낮은이율
-1개월초과:보통예금이자율(현재0.1%)","① 만기유지시 : 0.50%
② 본인명의의 당행 입출금통장을 이용하여 자동이체 6회이상 납입시 : 0.50%",1,비거주 외국인 외 제한없음,"-우대조건 중도해지시 적용 불가
-GOBANK앱 전용 상품
-1인 1계좌 제한",1000000,20260820,,202608201500,S,단리,S,정액적립식,12,3,4
030300,저축은행,2026-08-31T05:51:56+00:00,202608,0010390,고려저축은행,310009,씨앗정기적금,영업점,"-1개월이내:당초 약정금리와 만기시 동일상품 동일계약기간의 신규약정금리 중 낮은이율
-1개월초과:보통예금이자율(현재0.1%)","① 만기유지시 : 0.50%
② 본인명의의 당행 입출금통장을 이용하여 자동이체 6회이상 납입시 : 0.50%
③ 18개월이상 가입 후 만기해지 당일 원금 전액 정기예금으로 재예치할 경우, 재예치하는 상품에 우대적용 : 0.20%",1,비거주 외국인 외 제한없음,"-우대조건 중도해지시 적용 불가
-우대조건 ③의 경우 조건충족 시 재예치하는 정기예금 상품에 적용",,20260820,,202608201500,S,단리,S,정액적립식,6,1.5,2.5
030300,저축은행,2026-08-31T05:51:56+00:00,202608,0010390,고려저축은행,310009,씨앗정기적금,영업점,"-1개월이내:당초 약정금리와 만기시 동일상품 동일계약기간의 신규약정금리 중 낮은이율
-1개월초과:보통예금이자율(현재0.1%)","① 만기유지시 : 0.50%
② 본인명의의 당행 입출금통장을 이용하여 자동이체 6회이상 납입시 : 0.50%
③ 18개월이상 가입 후 만기해지 당일 원금 전액 정기예금으로 재예치할 경우, 재예치하는 상품에 우대적용 : 0.20%",1,비거주 외국인 외 제한없음,"-우대조건 중도해지시 적용 불가
-우대조건 ③의 경우 조건충족 시 재예치하는 정기예금 상품에 적용",,20260820,,202608201500,S,단리,S,정액적립식,12,3,4
030300,저축은행,2026-08-31T05:51:56+00:00,202608,0010390,고려저축은행,310009,씨앗정기적금,영업점,"-1개월이내:당초 약정금리와 만기시 동일상품 동일계약기간의 신규약정금리 중 낮은이율
-1개월초과:보통예금이자율(현재0.1%)","① 만기유지시 : 0.50%
② 본인명의의 당행 입출금통장을 이용하여 자동이체 6회이상 납입시 : 0.50%
③ 18개월이상 가입 후 만기해지 당일 원금 전액 정기예금으로 재예치할 경우, 재예치하는 상품에 우대적용 : 0.20%",1,비거주 외국인 외 제한없음,"-우대조건 중도해지시 적용 불가
-우대조건 ③의 경우 조건충족 시 재예치하는 정기예금 상품에 적용",,20260820,,202608201500,S,단리,S,정액적립식,24,2.5,3.5
030300,저축은행,2026-08-31T05:51:56+00:00,202608,0010390,고려저축은행,310009,씨앗정기적금,영업점,"-1개월이내:당초 약정금리와 만기시 동일상품 동일계약기간의 신규약정금리 중 낮은이율
-1개월초과:보통예금이자율(현재0.1%)","① 만기유지시 : 0.50%
② 본인명의의 당행 입출금통장을 이용하여 자동이체 6회이상 납입시 : 0.50%
③ 18개월이상 가입 후 만기해지 당일 원금 전액 정기예금으로 재예치할 경우, 재예치하는 상품에 우대적용 : 0.20%",1,비거주 외국인 외 제한없음,"-우대조건 중도해지시 적용 불가
-우대조건 ③의 경우 조건충족 시 재예치하는 정기예금 상품에 적용",,20260820,,202608201500,S,단리,S,정액적립식,36,2.2,3.2
030300,저축은행,2026-08-31T05:51:56+00:00,202608,0010390,고려저축은행,310008,응답하라2030정기적금,"영업점,스마트폰","-1개월이내:당초 약정금리와 만기시 동일상품 동일계약기간의 신규약정금리 중 낮은이율
-1개월초과:보통예금이자율(현재0.1%)","① 가입당시 만20세~만39세 : 0.50%
② 만기유지시 : 0.50%
③ 본인명의의 당행 입출금통장을 이용하여 자동이체 6회이상 납입시 : 0.50%",1,가입시점 만20세~만39세만 가입가능(비거주 외국인 제외),"우대조건 ②,③의 경우 중도해지시 적용 불가",,20260820,,202608201500,S,단리,S,정액적립식,6,1.5,3
030300,저축은행,2026-08-31T05:51:56+00:00,202608,0010390,고려저축은행,310008,응답하라2030정기적금,"영업점,스마트폰","-1개월이내:당초 약정금리와 만기시 동일상품 동일계약기간의 신규약정금리 중 낮은이율
-1개월초과:보통예금이자율(현재0.1%)","① 가입당시 만20세~만39세 : 0.50%
② 만기유지시 : 0.50%
③ 본인명의의 당행 입출금통장을 이용하여 자동이체 6회이상 납입시 : 0.50%",1,가입시점 만20세~만39세만 가입가능(비거주 외국인 제외),"우대조건 ②,③의 경우 중도해지시 적용 불가",,20260820,,202608201500,S,단리,S,정액적립식,12,3,4.5
030300,저축은행,2026-08-31T05:51:56+00:00,202608,0010390,고려저축은행,310008,응답하라2030정기적금,"영업점,스마트폰","-1개월이내:당초 약정금리와 만기시 동일상품 동일계약기간의 신규약정금리 중 낮은이율
-1개월초과:보통예금이자율(현재0.1%)","① 가입당시 만20세~만39세 : 0.50%
② 만기유지시 : 0.50%
③ 본인명의의 당행 입출금통장을 이용하여 자동이체 6회이상 납입시 : 0.50%",1,가입시점 만20세~만39세만 가입가능(비거주 외국인 제외),"우대조건 ②,③의 경우 중도해지시 적용 불가",,20260820,,202608201500,S,단리,S,정액적립식,24,2.5,4
030300,저축은행,2026-08-31T05:51:56+00:00,202608,0010390,고려저축은행,310008,응답하라2030정기적금,"영업점,스마트폰","-1개월이내:당초 약정금리와 만기시 동일상품 동일계약기간의 신규약정금리 중 낮은이율
-1개월초과:보통예금이자율(현재0.1%)","① 가입당시 만20세~만39세 : 0.50%
② 만기유지시 : 0.50%
③ 본인명의의 당행 입출금통장을 이용하여 자동이체 6회이상 납입시 : 0.50%",1,가입시점 만20세~만39세만 가입가능(비거주 외국인 제외),"우대조건 ②,③의 경우 중도해지시 적용 불가",,20260820,,202608201500,S,단리,S,정액적립식,36,2.2,3.7
030300,저축은행,2026-08-31T05:51:56+00:00,202608,0010390,고려저축은행,310022,자녀와 행복 PLUS 정기 적금,영업점,"-1개월이내: 당초 약정금리와 만기시 동일상품 동일계약기간의 신규약정금리 중 낮은이율
-1개월초과: 보통예금이자율(현재0.1%)","*최고우대 금리 : 3.00% 
①만기유지 시 : 1.50%
②당행 입출금통장을 이용하여 자동이체 6회이상 납입 시 : 1.00% 
③만기 후 정기예금 재예치시 : 0.50% (재예치 금액은 해당 적금의 만기시 원금을 최소금액으로 예치 가능)
※우대금리 적용상품 : 해당 정기적금",3,-만 18세 이하 본인 -만 18세 이하 자녀를 둔 부모 -비거주 외국인 외 제한 없음,"-가입 및 해지 대면만 가능 
- 부모와 자녀 각각 1인당 최대 100만원까지 가입가능
-1인 1계좌 상품",500000,20260820,,202608201500,S,단리,S,정액적립식,12,3,6
030300,저축은행,2026-08-31T05:51:56+00:00,202608,0010390,고려저축은행,310022,자녀와 행복 PLUS 정기 적금,영업점,"-1개월이내: 당초 약정금리와 만기시 동일상품 동일계약기간의 신규약정금리 중 낮은이율
-1개월초과: 보통예금이자율(현재0.1%)","*최고우대 금리 : 3.00% 
①만기유지 시 : 1.50%
②당행 입출금통장을 이용하여 자동이체 6회이상 납입 시 : 1.00% 
③만기 후 정기예금 재예치시 : 0.50% (재예치 금액은 해당 적금의 만기시 원금을 최소금액으로 예치 가능)
※우대금리 적용상품 : 해당 정기적금",3,-만 18세 이하 본인 -만 18세 이하 자녀를 둔 부모 -비거주 외국인 외 제한 없음,"-가입 및 해지 대면만 가능 
- 부모와 자녀 각각 1인당 최대 100만원까지 가입가능
-1인 1계좌 상품",500000,20260820,,202608201500,S,단리,S,정액적립식,24,2.8,5.8
030300,저축은행,2026-08-31T05:51:56+00:00,202608,0010390,고려저축은행,310022,자녀와 행복 PLUS 정기 적금,영업점,"-1개월이내: 당초 약정금리와 만기시 동일상품 동일계약기간의 신규약정금리 중 낮은이율
-1개월초과: 보통예금이자율(현재0.1%)","*최고우대 금리 : 3.00% 
①만기유지 시 : 1.50%
②당행 입출금통장을 이용하여 자동이체 6회이상 납입 시 : 1.00% 
③만기 후 정기예금 재예치시 : 0.50% (재예치 금액은 해당 적금의 만기시 원금을 최소금액으로 예치 가능)
※우대금리 적용상품 : 해당 정기적금",3,-만 18세 이하 본인 -만 18세 이하 자녀를 둔 부모 -비거주 외국인 외 제한 없음,"-가입 및 해지 대면만 가능 
- 부모와 자녀 각각 1인당 최대 100만원까지 가입가능
-1인 1계좌 상품",500000,20260820,,202608201500,S,단리,S,정액적립식,36,2.5,5.5
030300,저축은행,2026-08-31T05:51:56+00:00,202608,0010390,고려저축은행,310025,정기적금,"영업점,인터넷,스마트폰","-1개월이내:당초 약정금리와 만기시 동일상품 동일계약기간의 신규약정금리 중 낮은이율
-1개월초과:보통예금이자율(현재0.1%)","① 만기유지시 : 0.50%
② 본인명의의 당행 입출금통장을 이용하여 자동이체 6회이상 납입시 : 0.50%",1,비거주 외국인 외 제한없음,우대조건 중도해지시 적용 불가,,20260820,,202608201500,S,단리,S,정액적립식,6,1.5,2.5
030300,저축은행,2026-08-31T05:51:56+00:00,202608,0010390,고려저축은행,310025,정기적금,"영업점,인터넷,스마트폰","-1개월이내:당초 약정금리와 만기시 동일상품 동일계약기간의 신규약정금리 중 낮은이율
-1개월초과:보통예금이자율(현재0.1%)","① 만기유지시 : 0.50%
② 본인명의의 당행 입출금통장을 이용하여 자동이체 6회이상 납입시 : 0.50%",1,비거주 외국인 외 제한없음,우대조건 중도해지시 적용 불가,,20260820,,202608201500,S,단리,S,정액적립식,12,3,4
030300,저축은행,2026-08-31T05:51:56+00:00,202608,0010390,고려저축은행,310025,정기적금,"영업점,인터넷,스마트폰","-1개월이내:당초 약정금리와 만기시 동일상품 동일계약기간의 신규약정금리 중 낮은이율
-1개월초과:보통예금이자율(현재0.1%)","① 만기유지시 : 0.50%
② 본인명의의 당행 입출금통장을 이용하여 자동이체 6회이상 납입시 : 0.50%",1,비거주 외국인 외 제한없음,우대조건 중도해지시 적용 불가,,20260820,,202608201500,S,단리,S,정액적립식,24,2.5,3.5
030300,저축은행,2026-08-31T05:51:56+00:00,202608,0010390,고려저축은행,310025,정기적금,"영업점,인터넷,스마트폰","-1개월이내:당초 약정금리와 만기시 동일상품 동일계약기간의 신규약정금리 중 낮은이율
-1개월초과:보통예금이자율(현재0.1%)","① 만기유지시 : 0.50%
② 본인명의의 당행 입출금통장을 이용하여 자동이체 6회이상 납입시 : 0.50%",1,비거주 외국인 외 제한없음,우대조건 중도해지시 적용 불가,,20260820,,202608201500,S,단리,S,정액적립식,36,2.2,3.2
030300,저축은행,2026-08-31T05:51:56+00:00,202608,0010391,국제저축은행,KJ0001B,꿈 찾아 정기적금,영업점,"만기후 1개월까지는 계약당시 금리와 만기시점 해당금리를 비교하여 낮은 금리 적용
만기후 1개월 초과 이후로는 보통예금 금리 적용",없음,1,제한없음,"만기후 1개월까지는 계약당시 금리와 만기시점 해당금리를 비교하여 낮은 금리 적용
만기후 1개월 초과 이후로는 보통예금 금리 적용",,20260820,,202608201500,S,단리,S,정액적립식,6,2.2,2.2
030300,저축은행,2026-08-31T05:51:56+00:00,202608,0010391,국제저축은행,KJ0001B,꿈 찾아 정기적금,영업점,"만기후 1개월까지는 계약당시 금리와 만기시점 해당금리를 비교하여 낮은 금리 적용
만기후 1개월 초과 이후로는 보통예금 금리 적용",없음,1,제한없음,"만기후 1개월까지는 계약당시 금리와 만기시점 해당금리를 비교하여 낮은 금리 적용
만기후 1개월 초과 이후로는 보통예금 금리 적용",,20260820,,202608201500,S,단리,S,정액적립식,12,4,4
030300,저축은행,2026-08-31T05:51:56+00:00,202608,0010391,국제저축은행,KJ0001B,꿈 찾아 정기적금,영업점,"만기후 1개월까지는 계약당시 금리와 만기시점 해당금리를 비교하여 낮은 금리 적용
만기후 1개월 초과 이후로는 보통예금 금리 적용",없음,1,제한없음,"만기후 1개월까지는 계약당시 금리와 만기시점 해당금리를 비교하여 낮은 금리 적용
만기후 1개월 초과 이후로는 보통예금 금리 적용",,20260820,,202608201500,S,단리,S,정액적립식,24,3,3
030300,저축은행,2026-08-31T05:51:56+00:00,202608,0010391,국제저축은행,KJ0004B,꿈 찾아 정기적금(비대면),스마트폰,"만기후 1개월까지는 계약당시 금리와 만기시점 해당금리를 비교하여 낮은 금리 적용
만기후 1개월 초과 이후로는 보통예금 금리 적용",없음,1,만 19세 이상의 개인,"만기후 1개월까지는 계약당시 금리와 만기시점 해당금리를 비교하여 낮은 금리 적용
만기후 1개월 초과 이후로는 보통예금 금리 적용",4000000,20260820,,202608201500,S,단리,S,정액적립식,6,2.2,2.2
030300,저축은행,2026-08-31T05:51:56+00:00,202608,0010391,국제저축은행,KJ0004B,꿈 찾아 정기적금(비대면),스마트폰,"만기후 1개월까지는 계약당시 금리와 만기시점 해당금리를 비교하여 낮은 금리 적용
만기후 1개월 초과 이후로는 보통예금 금리 적용",없음,1,만 19세 이상의 개인,"만기후 1개월까지는 계약당시 금리와 만기시점 해당금리를 비교하여 낮은 금리 적용
만기후 1개월 초과 이후로는 보통예금 금리 적용",4000000,20260820,,202608201500,S,단리,S,정액적립식,12,4,4
030300,저축은행,2026-08-31T05:51:56+00:00,202608,0010391,국제저축은행,KJ0004B,꿈 찾아 정기적금(비대면),스마트폰,"만기후 1개월까지는 계약당시 금리와 만기시점 해당금리를 비교하여 낮은 금리 적용
만기후 1개월 초과 이후로는 보통예금 금리 적용",없음,1,만 19세 이상의 개인,"만기후 1개월까지는 계약당시 금리와 만기시점 해당금리를 비교하여 낮은 금리 적용
만기후 1개월 초과 이후로는 보통예금 금리 적용",4000000,20260820,,202608201500,S,단리,S,정액적립식,24,3,3
030300,저축은행,2026-08-31T05:51:56+00:00,202608,0010421,금화저축은행,KH3101,e-정기적금,"인터넷,스마트폰","① 만기 후 1개월 이내 : 약정금리
② 만기 후 1개월 초과 : 보통예금 이율 (0.2%)",-,1,인터넷 및 모바일뱅킹 사용자,"중도해지 이율 - ① 1개월 미만 : 보통예금이율 (0.2%)
② 1개월이상~6개월미만 : 약정이율X50%
③ 6개월이상~12개월미만 : 약정이율X55%
④ 12개월이상~24개월미만 : 약정이율X60%
⑤ 24개월이상~60개월미만 : 약정이율X70%",,20260820,,202608201500,S,단리,F,자유적립식,1,1.7,1.7
030300,저축은행,2026-08-31T05:51:56+00:00,202608,0010421,금화저축은행,KH3101,e-정기적금,"인터넷,스마트폰","① 만기 후 1개월 이내 : 약정금리
② 만기 후 1개월 초과 : 보통예금 이율 (0.2%)",-,1,인터넷 및 모바일뱅킹 사용자,"중도해지 이율 - ① 1개월 미만 : 보통예금이율 (0.2%)
② 1개월이상~6개월미만 : 약정이율X50%
③ 6개월이상~12개월미만 : 약정이율X55%
④ 12개월이상~24개월미만 : 약정이율X60%
⑤ 24개월이상~60개월미만 : 약정이율X70%",,20260820,,202608201500,S,단리,F,자유적립식,3,2.2,2.2
030300,저축은행,2026-08-31T05:51:56+00:00,202608,0010421,금화저축은행,KH3101,e-정기적금,"인터넷,스마트폰","① 만기 후 1개월 이내 : 약정금리
② 만기 후 1개월 초과 : 보통예금 이율 (0.2%)",-,1,인터넷 및 모바일뱅킹 사용자,"중도해지 이율 - ① 1개월 미만 : 보통예금이율 (0.2%)
② 1개월이상~6개월미만 : 약정이율X50%
③ 6개월이상~12개월미만 : 약정이율X55%
④ 12개월이상~24개월미만 : 약정이율X60%
⑤ 24개월이상~60개월미만 : 약정이율X70%",,20260820,,202608201500,S,단리,F,자유적립식,6,3.3,3.3
030300,저축은행,2026-08-31T05:51:56+00:00,202608,0010421,금화저축은행,KH3101,e-정기적금,"인터넷,스마트폰","① 만기 후 1개월 이내 : 약정금리
② 만기 후 1개월 초과 : 보통예금 이율 (0.2%)",-,1,인터넷 및 모바일뱅킹 사용자,"중도해지 이율 - ① 1개월 미만 : 보통예금이율 (0.2%)
② 1개월이상~6개월미만 : 약정이율X50%
③ 6개월이상~12개월미만 : 약정이율X55%
④ 12개월이상~24개월미만 : 약정이율X60%
⑤ 24개월이상~60개월미만 : 약정이율X70%",,20260820,,202608201500,S,단리,S,정액적립식,6,3,3
030300,저축은행,2026-08-31T05:51:56+00:00,202608,0010421,금화저축은행,KH3101,e-정기적금,"인터넷,스마트폰","① 만기 후 1개월 이내 : 약정금리
② 만기 후 1개월 초과 : 보통예금 이율 (0.2%)",-,1,인터넷 및 모바일뱅킹 사용자,"중도해지 이율 - ① 1개월 미만 : 보통예금이율 (0.2%)
② 1개월이상~6개월미만 : 약정이율X50%
③ 6개월이상~12개월미만 : 약정이율X55%
④ 12개월이상~24개월미만 : 약정이율X60%
⑤ 24개월이상~60개월미만 : 약정이율X70%",,20260820,,202608201500,S,단리,F,자유적립식,12,3.9,3.9
030300,저축은행,2026-08-31T05:51:56+00:00,202608,0010421,금화저축은행,KH3101,e-정기적금,"인터넷,스마트폰","① 만기 후 1개월 이내 : 약정금리
② 만기 후 1개월 초과 : 보통예금 이율 (0.2%)",-,1,인터넷 및 모바일뱅킹 사용자,"중도해지 이율 - ① 1개월 미만 : 보통예금이율 (0.2%)
② 1개월이상~6개월미만 : 약정이율X50%
③ 6개월이상~12개월미만 : 약정이율X55%
④ 12개월이상~24개월미만 : 약정이율X60%
⑤ 24개월이상~60개월미만 : 약정이율X70%",,20260820,,202608201500,S,단리,S,정액적립식,12,4,4
030300,저축은행,2026-08-31T05:51:56+00:00,202608,0010421,금화저축은행,KH3101,e-정기적금,"인터넷,스마트폰","① 만기 후 1개월 이내 : 약정금리
② 만기 후 1개월 초과 : 보통예금 이율 (0.2%)",-,1,인터넷 및 모바일뱅킹 사용자,"중도해지 이율 - ① 1개월 미만 : 보통예금이율 (0.2%)
② 1개월이상~6개월미만 : 약정이율X50%
③ 6개월이상~12개월미만 : 약정이율X55%
④ 12개월이상~24개월미만 : 약정이율X60%
⑤ 24개월이상~60개월미만 : 약정이율X70%",,20260820,,202608201500,S,단리,F,자유적립식,24,3,3
030300,저축은행,2026-08-31T05:51:56+00:00,202608,0010421,금화저축은행,KH3101,e-정기적금,"인터넷,스마트폰","① 만기 후 1개월 이내 : 약정금리
② 만기 후 1개월 초과 : 보통예금 이율 (0.2%)",-,1,인터넷 및 모바일뱅킹 사용자,"중도해지 이율 - ① 1개월 미만 : 보통예금이율 (0.2%)
② 1개월이상~6개월미만 : 약정이율X50%
③ 6개월이상~12개월미만 : 약정이율X55%
④ 12개월이상~24개월미만 : 약정이율X60%
⑤ 24개월이상~60개월미만 : 약정이율X70%",,20260820,,202608201500,S,단리,S,정액적립식,24,4,4
030300,저축은행,2026-08-31T05:51:56+00:00,202608,0010421,금화저축은행,KH3101,e-정기적금,"인터넷,스마트폰","① 만기 후 1개월 이내 : 약정금리
② 만기 후 1개월 초과 : 보통예금 이율 (0.2%)",-,1,인터넷 및 모바일뱅킹 사용자,"중도해지 이율 - ① 1개월 미만 : 보통예금이율 (0.2%)
② 1개월이상~6개월미만 : 약정이율X50%
③ 6개월이상~12개월미만 : 약정이율X55%
④ 12개월이상~24개월미만 : 약정이율X60%
⑤ 24개월이상~60개월미만 : 약정이율X70%",,20260820,,202608201500,S,단리,F,자유적립식,36,3,3
030300,저축은행,2026-08-31T05:51:56+00:00,202608,0010421,금화저축은행,KH3101,e-정기적금,"인터넷,스마트폰","① 만기 후 1개월 이내 : 약정금리
② 만기 후 1개월 초과 : 보통예금 이율 (0.2%)",-,1,인터넷 및 모바일뱅킹 사용자,"중도해지 이율 - ① 1개월 미만 : 보통예금이율 (0.2%)
② 1개월이상~6개월미만 : 약정이율X50%
③ 6개월이상~12개월미만 : 약정이율X55%
④ 12개월이상~24개월미만 : 약정이율X60%
⑤ 24개월이상~60개월미만 : 약정이율X70%",,20260820,,202608201500,S,단리,S,정액적립식,36,3.5,3.5
030300,저축은행,2026-08-31T05:51:56+00:00,202608,0010421,금화저축은행,KH3102,e-행복더드림정기적금,"인터넷,스마트폰","① 만기 후 1개월 이내 : 약정금리
② 만기 후 1개월 초과 : 보통예금 이율 (0.2%)","인터넷, 모바일
전용상품",1,인터넷 및 모바일뱅킹 사용자,"① 인터넷 및 모바일뱅킹 전용 상품
② 1인당 최고 월 100만원 불입 가능
③ 중도해지이율 : 일반 정기적금과 동일",1000000,20260820,,202608201500,S,단리,S,정액적립식,12,3.5,3.5
030300,저축은행,2026-08-31T05:51:56+00:00,202608,0010421,금화저축은행,KH3102,e-행복더드림정기적금,"인터넷,스마트폰","① 만기 후 1개월 이내 : 약정금리
② 만기 후 1개월 초과 : 보통예금 이율 (0.2%)","인터넷, 모바일
전용상품",1,인터넷 및 모바일뱅킹 사용자,"① 인터넷 및 모바일뱅킹 전용 상품
② 1인당 최고 월 100만원 불입 가능
③ 중도해지이율 : 일반 정기적금과 동일",1000000,20260820,,202608201500,S,단리,S,정액적립식,24,3.5,3.5
030300,저축은행,2026-08-31T05:51:56+00:00,202608,0010421,금화저축은행,KH3102,e-행복더드림정기적금,"인터넷,스마트폰","① 만기 후 1개월 이내 : 약정금리
② 만기 후 1개월 초과 : 보통예금 이율 (0.2%)","인터넷, 모바일
전용상품",1,인터넷 및 모바일뱅킹 사용자,"① 인터넷 및 모바일뱅킹 전용 상품
② 1인당 최고 월 100만원 불입 가능
③ 중도해지이율 : 일반 정기적금과 동일",1000000,20260820,,202608201500,S,단리,S,정액적립식,36,3.5,3.5
030300,저축은행,2026-08-31T05:51:56+00:00,202608,0010421,금화저축은행,KH3103,비대면-정기적금,스마트폰,"① 만기 후 1개월 이내 : 약정금리
② 만기 후 1개월 초과 : 보통예금 이율 (0.2%)",-,1,비대면 어플사용자,"중도해지 이율 - ① 1개월 미만 : 보통예금이율 (0.2%)
② 1개월이상~6개월미만 : 약정이율X50%
③ 6개월이상~12개월미만 : 약정이율X55%
④ 12개월이상~24개월미만 : 약정이율X60%
⑤ 24개월이상~60개월미만 : 약정이율X70%",,20260820,,202608201500,S,단리,F,자유적립식,1,1.7,1.7
030300,저축은행,2026-08-31T05:51:56+00:00,202608,0010421,금화저축은행,KH3103,비대면-정기적금,스마트폰,"① 만기 후 1개월 이내 : 약정금리
② 만기 후 1개월 초과 : 보통예금 이율 (0.2%)",-,1,비대면 어플사용자,"중도해지 이율 - ① 1개월 미만 : 보통예금이율 (0.2%)
② 1개월이상~6개월미만 : 약정이율X50%
③ 6개월이상~12개월미만 : 약정이율X55%
④ 12개월이상~24개월미만 : 약정이율X60%
⑤ 24개월이상~60개월미만 : 약정이율X70%",,20260820,,202608201500,S,단리,F,자유적립식,3,2.2,2.2
030300,저축은행,2026-08-31T05:51:56+00:00,202608,0010421,금화저축은행,KH3103,비대면-정기적금,스마트폰,"① 만기 후 1개월 이내 : 약정금리
② 만기 후 1개월 초과 : 보통예금 이율 (0.2%)",-,1,비대면 어플사용자,"중도해지 이율 - ① 1개월 미만 : 보통예금이율 (0.2%)
② 1개월이상~6개월미만 : 약정이율X50%
③ 6개월이상~12개월미만 : 약정이율X55%
④ 12개월이상~24개월미만 : 약정이율X60%
⑤ 24개월이상~60개월미만 : 약정이율X70%",,20260820,,202608201500,S,단리,F,자유적립식,6,3.3,3.3
030300,저축은행,2026-08-31T05:51:56+00:00,202608,0010421,금화저축은행,KH3103,비대면-정기적금,스마트폰,"① 만기 후 1개월 이내 : 약정금리
② 만기 후 1개월 초과 : 보통예금 이율 (0.2%)",-,1,비대면 어플사용자,"중도해지 이율 - ① 1개월 미만 : 보통예금이율 (0.2%)
② 1개월이상~6개월미만 : 약정이율X50%
③ 6개월이상~12개월미만 : 약정이율X55%
④ 12개월이상~24개월미만 : 약정이율X60%
⑤ 24개월이상~60개월미만 : 약정이율X70%",,20260820,,202608201500,S,단리,S,정액적립식,6,3,3
030300,저축은행,2026-08-31T05:51:56+00:00,202608,0010421,금화저축은행,KH3103,비대면-정기적금,스마트폰,"① 만기 후 1개월 이내 : 약정금리
② 만기 후 1개월 초과 : 보통예금 이율 (0.2%)",-,1,비대면 어플사용자,"중도해지 이율 - ① 1개월 미만 : 보통예금이율 (0.2%)
② 1개월이상~6개월미만 : 약정이율X50%
③ 6개월이상~12개월미만 : 약정이율X55%
④ 12개월이상~24개월미만 : 약정이율X60%
⑤ 24개월이상~60개월미만 : 약정이율X70%",,20260820,,202608201500,S,단리,F,자유적립식,12,3.9,3.9
030300,저축은행,2026-08-31T05:51:56+00:00,202608,0010421,금화저축은행,KH3103,비대면-정기적금,스마트폰,"① 만기 후 1개월 이내 : 약정금리
② 만기 후 1개월 초과 : 보통예금 이율 (0.2%)",-,1,비대면 어플사용자,"중도해지 이율 - ① 1개월 미만 : 보통예금이율 (0.2%)
② 1개월이상~6개월미만 : 약정이율X50%
③ 6개월이상~12개월미만 : 약정이율X55%
④ 12개월이상~24개월미만 : 약정이율X60%
⑤ 24개월이상~60개월미만 : 약정이율X70%",,20260820,,202608201500,S,단리,S,정액적립식,12,4,4
030300,저축은행,2026-08-31T05:51:56+00:00,202608,0010421,금화저축은행,KH3103,비대면-정기적금,스마트폰,"① 만기 후 1개월 이내 : 약정금리
② 만기 후 1개월 초과 : 보통예금 이율 (0.2%)",-,1,비대면 어플사용자,"중도해지 이율 - ① 1개월 미만 : 보통예금이율 (0.2%)
② 1개월이상~6개월미만 : 약정이율X50%
③ 6개월이상~12개월미만 : 약정이율X55%
④ 12개월이상~24개월미만 : 약정이율X60%
⑤ 24개월이상~60개월미만 : 약정이율X70%",,20260820,,202608201500,S,단리,F,자유적립식,24,3,3
030300,저축은행,2026-08-31T05:51:56+00:00,202608,0010421,금화저축은행,KH3103,비대면-정기적금,스마트폰,"① 만기 후 1개월 이내 : 약정금리
② 만기 후 1개월 초과 : 보통예금 이율 (0.2%)",-,1,비대면 어플사용자,"중도해지 이율 - ① 1개월 미만 : 보통예금이율 (0.2%)
② 1개월이상~6개월미만 : 약정이율X50%
③ 6개월이상~12개월미만 : 약정이율X55%
④ 12개월이상~24개월미만 : 약정이율X60%
⑤ 24개월이상~60개월미만 : 약정이율X70%",,20260820,,202608201500,S,단리,S,정액적립식,24,4,4
030300,저축은행,2026-08-31T05:51:56+00:00,202608,0010421,금화저축은행,KH3103,비대면-정기적금,스마트폰,"① 만기 후 1개월 이내 : 약정금리
② 만기 후 1개월 초과 : 보통예금 이율 (0.2%)",-,1,비대면 어플사용자,"중도해지 이율 - ① 1개월 미만 : 보통예금이율 (0.2%)
② 1개월이상~6개월미만 : 약정이율X50%
③ 6개월이상~12개월미만 : 약정이율X55%
④ 12개월이상~24개월미만 : 약정이율X60%
⑤ 24개월이상~60개월미만 : 약정이율X70%",,20260820,,202608201500,S,단리,F,자유적립식,36,3,3
030300,저축은행,2026-08-31T05:51:56+00:00,202608,0010421,금화저축은행,KH3103,비대면-정기적금,스마트폰,"① 만기 후 1개월 이내 : 약정금리
② 만기 후 1개월 초과 : 보통예금 이율 (0.2%)",-,1,비대면 어플사용자,"중도해지 이율 - ① 1개월 미만 : 보통예금이율 (0.2%)
② 1개월이상~6개월미만 : 약정이율X50%
③ 6개월이상~12개월미만 : 약정이율X55%
④ 12개월이상~24개월미만 : 약정이율X60%
⑤ 24개월이상~60개월미만 : 약정이율X70%",,20260820,,202608201500,S,단리,S,정액적립식,36,3.5,3.5
030300,저축은행,2026-08-31T05:51:56+00:00,202608,0010421,금화저축은행,KH3104,자녀사랑우대적금,영업점,"① 만기 후 1개월 이내 : 기본금리
② 만기 후 1개월 초과 : 보통예금 이율 (0.2%)","1.미성년자1명일 경우 1% 2.미성년자2명일 경우 2%, 3.미성년자3명이상일 경우 3%",1,신규일기준 미성년자 본인 또는 미성년자를 둔 부모(1인1계좌),"중도해지 이율 - ① 1개월 미만 : 보통예금이율 (0.2%)
② 1개월이상~6개월미만 : 약정이율X50%
③ 6개월이상~12개월미만 : 약정이율X55%
④ 12개월이상~24개월미만 : 약정이율X60%
⑤ 24개월이상~36개월미만 : 약정이율X70%",300000,20260820,,202608201500,S,단리,S,정액적립식,12,3.5,3.5
030300,저축은행,2026-08-31T05:51:56+00:00,202608,0010421,금화저축은행,KH3104,자녀사랑우대적금,영업점,"① 만기 후 1개월 이내 : 기본금리
② 만기 후 1개월 초과 : 보통예금 이율 (0.2%)","1.미성년자1명일 경우 1% 2.미성년자2명일 경우 2%, 3.미성년자3명이상일 경우 3%",1,신규일기준 미성년자 본인 또는 미성년자를 둔 부모(1인1계좌),"중도해지 이율 - ① 1개월 미만 : 보통예금이율 (0.2%)
② 1개월이상~6개월미만 : 약정이율X50%
③ 6개월이상~12개월미만 : 약정이율X55%
④ 12개월이상~24개월미만 : 약정이율X60%
⑤ 24개월이상~36개월미만 : 약정이율X70%",300000,20260820,,202608201500,S,단리,S,정액적립식,24,3.5,3.5
030300,저축은행,2026-08-31T05:51:56+00:00,202608,0010421,금화저축은행,KH3104,자녀사랑우대적금,영업점,"① 만기 후 1개월 이내 : 기본금리
② 만기 후 1개월 초과 : 보통예금 이율 (0.2%)","1.미성년자1명일 경우 1% 2.미성년자2명일 경우 2%, 3.미성년자3명이상일 경우 3%",1,신규일기준 미성년자 본인 또는 미성년자를 둔 부모(1인1계좌),"중도해지 이율 - ① 1개월 미만 : 보통예금이율 (0.2%)
② 1개월이상~6개월미만 : 약정이율X50%
③ 6개월이상~12개월미만 : 약정이율X55%
④ 12개월이상~24개월미만 : 약정이율X60%
⑤ 24개월이상~36개월미만 : 약정이율X70%",300000,20260820,,202608201500,S,단리,S,정액적립식,36,3.5,3.5
030300,저축은행,2026-08-31T05:51:56+00:00,202608,0010421,금화저축은행,KH3100,정기적금,영업점,"① 만기 후 1개월 이내 : 약정금리
② 만기 후 1개월 초과 : 보통예금 이율 (0.2%)",창구전용상품,1,제한없음,"중도해지 이율 - ① 1개월 미만 : 보통예금이율 (0.2%)
② 1개월이상~6개월미만 : 약정이율X50%
③ 6개월이상~12개월미만 : 약정이율X55%
④ 12개월이상~24개월미만 : 약정이율X60%
⑤ 24개월이상~60개월미만 : 약정이율X70%",,20260820,,202608201500,S,단리,F,자유적립식,1,1.7,1.7
030300,저축은행,2026-08-31T05:51:56+00:00,202608,0010421,금화저축은행,KH3100,정기적금,영업점,"① 만기 후 1개월 이내 : 약정금리
② 만기 후 1개월 초과 : 보통예금 이율 (0.2%)",창구전용상품,1,제한없음,"중도해지 이율 - ① 1개월 미만 : 보통예금이율 (0.2%)
② 1개월이상~6개월미만 : 약정이율X50%
③ 6개월이상~12개월미만 : 약정이율X55%
④ 12개월이상~24개월미만 : 약정이율X60%
⑤ 24개월이상~60개월미만 : 약정이율X70%",,20260820,,202608201500,S,단리,F,자유적립식,3,2.2,2.2
030300,저축은행,2026-08-31T05:51:56+00:00,202608,0010421,금화저축은행,KH3100,정기적금,영업점,"① 만기 후 1개월 이내 : 약정금리
② 만기 후 1개월 초과 : 보통예금 이율 (0.2%)",창구전용상품,1,제한없음,"중도해지 이율 - ① 1개월 미만 : 보통예금이율 (0.2%)
② 1개월이상~6개월미만 : 약정이율X50%
③ 6개월이상~12개월미만 : 약정이율X55%
④ 12개월이상~24개월미만 : 약정이율X60%
⑤ 24개월이상~60개월미만 : 약정이율X70%",,20260820,,202608201500,S,단리,F,자유적립식,6,3.3,3.3
030300,저축은행,2026-08-31T05:51:56+00:00,202608,0010421,금화저축은행,KH3100,정기적금,영업점,"① 만기 후 1개월 이내 : 약정금리
② 만기 후 1개월 초과 : 보통예금 이율 (0.2%)",창구전용상품,1,제한없음,"중도해지 이율 - ① 1개월 미만 : 보통예금이율 (0.2%)
② 1개월이상~6개월미만 : 약정이율X50%
③ 6개월이상~12개월미만 : 약정이율X55%
④ 12개월이상~24개월미만 : 약정이율X60%
⑤ 24개월이상~60개월미만 : 약정이율X70%",,20260820,,202608201500,S,단리,S,정액적립식,6,3,3
030300,저축은행,2026-08-31T05:51:56+00:00,202608,0010421,금화저축은행,KH3100,정기적금,영업점,"① 만기 후 1개월 이내 : 약정금리
② 만기 후 1개월 초과 : 보통예금 이율 (0.2%)",창구전용상품,1,제한없음,"중도해지 이율 - ① 1개월 미만 : 보통예금이율 (0.2%)
② 1개월이상~6개월미만 : 약정이율X50%
③ 6개월이상~12개월미만 : 약정이율X55%
④ 12개월이상~24개월미만 : 약정이율X60%
⑤ 24개월이상~60개월미만 : 약정이율X70%",,20260820,,202608201500,S,단리,F,자유적립식,12,3.9,3.9
030300,저축은행,2026-08-31T05:51:56+00:00,202608,0010421,금화저축은행,KH3100,정기적금,영업점,"① 만기 후 1개월 이내 : 약정금리
② 만기 후 1개월 초과 : 보통예금 이율 (0.2%)",창구전용상품,1,제한없음,"중도해지 이율 - ① 1개월 미만 : 보통예금이율 (0.2%)
② 1개월이상~6개월미만 : 약정이율X50%
③ 6개월이상~12개월미만 : 약정이율X55%
④ 12개월이상~24개월미만 : 약정이율X60%
⑤ 24개월이상~60개월미만 : 약정이율X70%",,20260820,,202608201500,S,단리,S,정액적립식,12,4,4
030300,저축은행,2026-08-31T05:51:56+00:00,202608,0010421,금화저축은행,KH3100,정기적금,영업점,"① 만기 후 1개월 이내 : 약정금리
② 만기 후 1개월 초과 : 보통예금 이율 (0.2%)",창구전용상품,1,제한없음,"중도해지 이율 - ① 1개월 미만 : 보통예금이율 (0.2%)
② 1개월이상~6개월미만 : 약정이율X50%
③ 6개월이상~12개월미만 : 약정이율X55%
④ 12개월이상~24개월미만 : 약정이율X60%
⑤ 24개월이상~60개월미만 : 약정이율X70%",,20260820,,202608201500,S,단리,F,자유적립식,24,3,3
030300,저축은행,2026-08-31T05:51:56+00:00,202608,0010421,금화저축은행,KH3100,정기적금,영업점,"① 만기 후 1개월 이내 : 약정금리
② 만기 후 1개월 초과 : 보통예금 이율 (0.2%)",창구전용상품,1,제한없음,"중도해지 이율 - ① 1개월 미만 : 보통예금이율 (0.2%)
② 1개월이상~6개월미만 : 약정이율X50%
③ 6개월이상~12개월미만 : 약정이율X55%
④ 12개월이상~24개월미만 : 약정이율X60%
⑤ 24개월이상~60개월미만 : 약정이율X70%",,20260820,,202608201500,S,단리,S,정액적립식,24,4,4
030300,저축은행,2026-08-31T05:51:56+00:00,202608,0010421,금화저축은행,KH3100,정기적금,영업점,"① 만기 후 1개월 이내 : 약정금리
② 만기 후 1개월 초과 : 보통예금 이율 (0.2%)",창구전용상품,1,제한없음,"중도해지 이율 - ① 1개월 미만 : 보통예금이율 (0.2%)
② 1개월이상~6개월미만 : 약정이율X50%
③ 6개월이상~12개월미만 : 약정이율X55%
④ 12개월이상~24개월미만 : 약정이율X60%
⑤ 24개월이상~60개월미만 : 약정이율X70%",,20260820,,202608201500,S,단리,F,자유적립식,36,3,3
030300,저축은행,2026-08-31T05:51:56+00:00,202608,0010421,금화저축은행,KH3100,정기적금,영업점,"① 만기 후 1개월 이내 : 약정금리
② 만기 후 1개월 초과 : 보통예금 이율 (0.2%)",창구전용상품,1,제한없음,"중도해지 이율 - ① 1개월 미만 : 보통예금이율 (0.2%)
② 1개월이상~6개월미만 : 약정이율X50%
③ 6개월이상~12개월미만 : 약정이율X55%
④ 12개월이상~24개월미만 : 약정이율X60%
⑤ 24개월이상~60개월미만 : 약정이율X70%",,20260820,,202608201500,S,단리,S,정액적립식,36,3.5,3.5
030300,저축은행,2026-08-31T05:51:56+00:00,202608,0010449,남양저축은행,NY310007,e-정기적금,"인터넷,스마트폰","만기 후 한 달까지 약정금리-현행금리 비교하여 낮은 금리 적용, 이후 0.1%",없음,1,제한없음,"중도해지 이율 : 1개월미만 : 계약일의 보통예금 금리, 1개월이상 6개월미만 : 약정이율의 50%, 6개월이상 12개월미만 : 약정이율의 55%. 12개월 이상 : 약정이율의 65%",,20260820,,202608201500,S,단리,S,정액적립식,6,3,3
030300,저축은행,2026-08-31T05:51:56+00:00,202608,0010449,남양저축은행,NY310007,e-정기적금,"인터넷,스마트폰","만기 후 한 달까지 약정금리-현행금리 비교하여 낮은 금리 적용, 이후 0.1%",없음,1,제한없음,"중도해지 이율 : 1개월미만 : 계약일의 보통예금 금리, 1개월이상 6개월미만 : 약정이율의 50%, 6개월이상 12개월미만 : 약정이율의 55%. 12개월 이상 : 약정이율의 65%",,20260820,,202608201500,S,단리,S,정액적립식,12,4,4
030300,저축은행,2026-08-31T05:51:56+00:00,202608,0010449,남양저축은행,NY310007,e-정기적금,"인터넷,스마트폰","만기 후 한 달까지 약정금리-현행금리 비교하여 낮은 금리 적용, 이후 0.1%",없음,1,제한없음,"중도해지 이율 : 1개월미만 : 계약일의 보통예금 금리, 1개월이상 6개월미만 : 약정이율의 50%, 6개월이상 12개월미만 : 약정이율의 55%. 12개월 이상 : 약정이율의 65%",,20260820,,202608201500,S,단리,S,정액적립식,24,4.1,4.1
030300,저축은행,2026-08-31T05:51:56+00:00,202608,0010449,남양저축은행,NY310007,e-정기적금,"인터넷,스마트폰","만기 후 한 달까지 약정금리-현행금리 비교하여 낮은 금리 적용, 이후 0.1%",없음,1,제한없음,"중도해지 이율 : 1개월미만 : 계약일의 보통예금 금리, 1개월이상 6개월미만 : 약정이율의 50%, 6개월이상 12개월미만 : 약정이율의 55%. 12개월 이상 : 약정이율의 65%",,20260820,,202608201500,S,단리,S,정액적립식,36,4.2,4.2
030300,저축은행,2026-08-31T05:51:56+00:00,202608,0010449,남양저축은행,NY310009,비대면-정기적금,스마트폰,"만기 후 한 달까지 약정금리-현행금리 비교하여 낮은 금리 적용, 이후 0.1%",없음,1,"만19세이상 내국인 개인고객, 본인 스마트폰 소지자, 신분증(주민등록증 또는 운전면허증)소지자, 미국인 납세자에 해당하지 않는 고객","중도해지 이율 : 1개월미만 : 계약일의 보통예금 금리, 1개월이상 6개월미만 : 약정이율의 50%, 6개월이상 12개월미만 : 약정이율의 55%. 12개월 이상 : 약정이율의 65%",,20260820,,202608201500,S,단리,S,정액적립식,6,3,3
030300,저축은행,2026-08-31T05:51:56+00:00,202608,0010449,남양저축은행,NY310009,비대면-정기적금,스마트폰,"만기 후 한 달까지 약정금리-현행금리 비교하여 낮은 금리 적용, 이후 0.1%",없음,1,"만19세이상 내국인 개인고객, 본인 스마트폰 소지자, 신분증(주민등록증 또는 운전면허증)소지자, 미국인 납세자에 해당하지 않는 고객","중도해지 이율 : 1개월미만 : 계약일의 보통예금 금리, 1개월이상 6개월미만 : 약정이율의 50%, 6개월이상 12개월미만 : 약정이율의 55%. 12개월 이상 : 약정이율의 65%",,20260820,,202608201500,S,단리,S,정액적립식,12,4,4
030300,저축은행,2026-08-31T05:51:56+00:00,202608,0010449,남양저축은행,NY310009,비대면-정기적금,스마트폰,"만기 후 한 달까지 약정금리-현행금리 비교하여 낮은 금리 적용, 이후 0.1%",없음,1,"만19세이상 내국인 개인고객, 본인 스마트폰 소지자, 신분증(주민등록증 또는 운전면허증)소지자, 미국인 납세자에 해당하지 않는 고객","중도해지 이율 : 1개월미만 : 계약일의 보통예금 금리, 1개월이상 6개월미만 : 약정이율의 50%, 6개월이상 12개월미만 : 약정이율의 55%. 12개월 이상 : 약정이율의 65%",,20260820,,202608201500,S,단리,S,정액적립식,24,4.1,4.1
030300,저축은행,2026-08-31T05:51:56+00:00,202608,0010449,남양저축은행,NY310009,비대면-정기적금,스마트폰,"만기 후 한 달까지 약정금리-현행금리 비교하여 낮은 금리 적용, 이후 0.1%",없음,1,"만19세이상 내국인 개인고객, 본인 스마트폰 소지자, 신분증(주민등록증 또는 운전면허증)소지자, 미국인 납세자에 해당하지 않는 고객","중도해지 이율 : 1개월미만 : 계약일의 보통예금 금리, 1개월이상 6개월미만 : 약정이율의 50%, 6개월이상 12개월미만 : 약정이율의 55%. 12개월 이상 : 약정이율의 65%",,20260820,,202608201500,S,단리,S,정액적립식,36,4.2,4.2
030300,저축은행,2026-08-31T05:51:56+00:00,202608,0010449,남양저축은행,NY310006,정기적금,영업점,"만기 후 한 달까지 약정금리-현행금리 비교하여 낮은 금리 적용, 이후 0.1%",없음,1,제한없음,"중도해지 이율 : 1개월미만 : 계약일의 보통예금 금리, 1개월이상 6개월미만 : 약정이율의 50%, 6개월이상 12개월미만 : 약정이율의 55%. 12개월 이상 : 약정이율의 65%",,20260820,,202608201500,S,단리,S,정액적립식,6,3,3
030300,저축은행,2026-08-31T05:51:56+00:00,202608,0010449,남양저축은행,NY310006,정기적금,영업점,"만기 후 한 달까지 약정금리-현행금리 비교하여 낮은 금리 적용, 이후 0.1%",없음,1,제한없음,"중도해지 이율 : 1개월미만 : 계약일의 보통예금 금리, 1개월이상 6개월미만 : 약정이율의 50%, 6개월이상 12개월미만 : 약정이율의 55%. 12개월 이상 : 약정이율의 65%",,20260820,,202608201500,S,단리,S,정액적립식,12,4,4
030300,저축은행,2026-08-31T05:51:56+00:00,202608,0010449,남양저축은행,NY310006,정기적금,영업점,"만기 후 한 달까지 약정금리-현행금리 비교하여 낮은 금리 적용, 이후 0.1%",없음,1,제한없음,"중도해지 이율 : 1개월미만 : 계약일의 보통예금 금리, 1개월이상 6개월미만 : 약정이율의 50%, 6개월이상 12개월미만 : 약정이율의 55%. 12개월 이상 : 약정이율의 65%",,20260820,,202608201500,S,단리,S,정액적립식,24,4.1,4.1
030300,저축은행,2026-08-31T05:51:56+00:00,202608,0010449,남양저축은행,NY310006,정기적금,영업점,"만기 후 한 달까지 약정금리-현행금리 비교하여 낮은 금리 적용, 이후 0.1%",없음,1,제한없음,"중도해지 이율 : 1개월미만 : 계약일의 보통예금 금리, 1개월이상 6개월미만 : 약정이율의 50%, 6개월이상 12개월미만 : 약정이율의 55%. 12개월 이상 : 약정이율의 65%",,20260820,,202608201500,S,단리,S,정액적립식,36,4.2,4.2
030300,저축은행,2026-08-31T05:51:56+00:00,202608,0010388,다올저축은행,310024,Fi 시드머니 적금,,"- 1개월 까지 : 당초 약정이율과 만기시점 고시이율을 비교하여 낮은 금리 적용
- 1개월 초과 : 연0.1%",없음,1,제한없음,"- 해당상품은 가입플랜별 가입기간 및 가입금액이 상이
- 판매채널 : 영업점, 모바일뱅킹(다올디지털뱅크 Fi(파이))",,20260820,,202608201500,S,단리,S,정액적립식,6,4,4
030300,저축은행,2026-08-31T05:51:56+00:00,202608,0010388,다올저축은행,310024,Fi 시드머니 적금,,"- 1개월 까지 : 당초 약정이율과 만기시점 고시이율을 비교하여 낮은 금리 적용
- 1개월 초과 : 연0.1%",없음,1,제한없음,"- 해당상품은 가입플랜별 가입기간 및 가입금액이 상이
- 판매채널 : 영업점, 모바일뱅킹(다올디지털뱅크 Fi(파이))",,20260820,,202608201500,S,단리,S,정액적립식,12,4,4
030300,저축은행,2026-08-31T05:51:56+00:00,202608,0010388,다올저축은행,310018,Fi 정기적금 (대면),영업점,"- 1개월 까지 : 당초 약정이율과 만기시점 고시이율을 비교하여 낮은 금리 적용
- 1개월 초과 : 연0.1%",없음,1,제한없음,"* 중도해지이율 (입금액마다 경과기간별 차등 적용)
- 1개월미만 : 가입일의 보통예금 금리
- 6개월미만 : 약정이율X50%
- 9개월미만 : 약정이율X55%
- 12개월미만 : 약정이율X60%
- 12개월이상 : 약정이율X70%",,20260820,,202608201500,S,단리,S,정액적립식,6,3.3,3.3
030300,저축은행,2026-08-31T05:51:56+00:00,202608,0010388,다올저축은행,310018,Fi 정기적금 (대면),영업점,"- 1개월 까지 : 당초 약정이율과 만기시점 고시이율을 비교하여 낮은 금리 적용
- 1개월 초과 : 연0.1%",없음,1,제한없음,"* 중도해지이율 (입금액마다 경과기간별 차등 적용)
- 1개월미만 : 가입일의 보통예금 금리
- 6개월미만 : 약정이율X50%
- 9개월미만 : 약정이율X55%
- 12개월미만 : 약정이율X60%
- 12개월이상 : 약정이율X70%",,20260820,,202608201500,S,단리,S,정액적립식,12,3.8,3.8
030300,저축은행,2026-08-31T05:51:56+00:00,202608,0010388,다올저축은행,310018,Fi 정기적금 (대면),영업점,"- 1개월 까지 : 당초 약정이율과 만기시점 고시이율을 비교하여 낮은 금리 적용
- 1개월 초과 : 연0.1%",없음,1,제한없음,"* 중도해지이율 (입금액마다 경과기간별 차등 적용)
- 1개월미만 : 가입일의 보통예금 금리
- 6개월미만 : 약정이율X50%
- 9개월미만 : 약정이율X55%
- 12개월미만 : 약정이율X60%
- 12개월이상 : 약정이율X70%",,20260820,,202608201500,S,단리,S,정액적립식,24,3.8,3.8
030300,저축은행,2026-08-31T05:51:56+00:00,202608,0010388,다올저축은행,310018,Fi 정기적금 (대면),영업점,"- 1개월 까지 : 당초 약정이율과 만기시점 고시이율을 비교하여 낮은 금리 적용
- 1개월 초과 : 연0.1%",없음,1,제한없음,"* 중도해지이율 (입금액마다 경과기간별 차등 적용)
- 1개월미만 : 가입일의 보통예금 금리
- 6개월미만 : 약정이율X50%
- 9개월미만 : 약정이율X55%
- 12개월미만 : 약정이율X60%
- 12개월이상 : 약정이율X70%",,20260820,,202608201500,S,단리,S,정액적립식,36,3.8,3.8
030300,저축은행,2026-08-31T05:51:56+00:00,202608,0010388,다올저축은행,310019,Fi 정기적금 (비대면),"인터넷,스마트폰","- 1개월 까지 : 당초 약정이율과 만기시점 고시이율을 비교하여 낮은 금리 적용
- 1개월 초과 : 연0.1%",없음,1,제한없음,"* 중도해지이율 (입금액마다 경과기간별 차등 적용)
- 1개월미만 : 가입일의 보통예금 금리
- 6개월미만 : 약정이율X50%
- 9개월미만 : 약정이율X55%
- 12개월미만 : 약정이율X60%
- 12개월이상 : 약정이율X70%",,20260820,,202608201500,S,단리,S,정액적립식,6,3.3,3.3
030300,저축은행,2026-08-31T05:51:56+00:00,202608,0010388,다올저축은행,310019,Fi 정기적금 (비대면),"인터넷,스마트폰","- 1개월 까지 : 당초 약정이율과 만기시점 고시이율을 비교하여 낮은 금리 적용
- 1개월 초과 : 연0.1%",없음,1,제한없음,"* 중도해지이율 (입금액마다 경과기간별 차등 적용)
- 1개월미만 : 가입일의 보통예금 금리
- 6개월미만 : 약정이율X50%
- 9개월미만 : 약정이율X55%
- 12개월미만 : 약정이율X60%
- 12개월이상 : 약정이율X70%",,20260820,,202608201500,S,단리,S,정액적립식,12,3.8,3.8
030300,저축은행,2026-08-31T05:51:56+00:00,202608,0010388,다올저축은행,310019,Fi 정기적금 (비대면),"인터넷,스마트폰","- 1개월 까지 : 당초 약정이율과 만기시점 고시이율을 비교하여 낮은 금리 적용
- 1개월 초과 : 연0.1%",없음,1,제한없음,"* 중도해지이율 (입금액마다 경과기간별 차등 적용)
- 1개월미만 : 가입일의 보통예금 금리
- 6개월미만 : 약정이율X50%
- 9개월미만 : 약정이율X55%
- 12개월미만 : 약정이율X60%
- 12개월이상 : 약정이율X70%",,20260820,,202608201500,S,단리,S,정액적립식,24,3.8,3.8
030300,저축은행,2026-08-31T05:51:56+00:00,202608,0010388,다올저축은행,310019,Fi 정기적금 (비대면),"인터넷,스마트폰","- 1개월 까지 : 당초 약정이율과 만기시점 고시이율을 비교하여 낮은 금리 적용
- 1개월 초과 : 연0.1%",없음,1,제한없음,"* 중도해지이율 (입금액마다 경과기간별 차등 적용)
- 1개월미만 : 가입일의 보통예금 금리
- 6개월미만 : 약정이율X50%
- 9개월미만 : 약정이율X55%
- 12개월미만 : 약정이율X60%
- 12개월이상 : 약정이율X70%",,20260820,,202608201500,S,단리,S,정액적립식,36,3.8,3.8
030300,저축은행,2026-08-31T05:51:56+00:00,202608,0010388,다올저축은행,310006,직장인YES 정기적금,영업점,* - 1개월 까지 : 당초 약정이율과 만기 시 약정이율을 비교하여 낮은 금리 적용 - 1개월 초과 : 연0.1%,[※유의사항] -가입대상: 직장인 (증빙서류 제출) -1인 1계좌 / 영업점 전용상품 -인터넷뱅킹가입 필수 -가입금액: 최대 월 불입액 30만원,3,개인 (직장인),* 중도해지이율 (입금액마다 경과기간별 차등 적용) - 1개월미만 : 가입일의 보통예금 금리 - 6개월미만 : 약정이율X50% - 9개월미만 : 약정이율X55% - 12개월미만 : 약정이율X60% - 12개월이상 : 약정이율X70%,300000,20260820,,202608201500,S,단리,S,정액적립식,12,3,3
030300,저축은행,2026-08-31T05:51:56+00:00,202608,0010388,다올저축은행,310012,직장인YES 정기적금,영업점,* - 1개월 까지 : 당초 약정이율과 만기 시 약정이율을 비교하여 낮은 금리 적용 - 1개월 초과 : 연0.1%,[※유의사항] -가입대상: 직장인 (증빙서류 제출) -1인 1계좌 / 영업점 전용상품 -인터넷뱅킹가입 필수 -가입금액: 최대 월 불입액 30만원,3,개인 (직장인),* 중도해지이율 (입금액마다 경과기간별 차등 적용) - 1개월미만 : 가입일의 보통예금 금리 - 6개월미만 : 약정이율X50% - 9개월미만 : 약정이율X55% - 12개월미만 : 약정이율X60% - 12개월이상 : 약정이율X70%,300000,20260820,,202608201500,S,단리,S,정액적립식,12,3,3
030300,저축은행,2026-08-31T05:51:56+00:00,202608,0010388,다올저축은행,310006,직장인YES 정기적금,영업점,* - 1개월 까지 : 당초 약정이율과 만기 시 약정이율을 비교하여 낮은 금리 적용 - 1개월 초과 : 연0.1%,[※유의사항] -가입대상: 직장인 (증빙서류 제출) -1인 1계좌 / 영업점 전용상품 -인터넷뱅킹가입 필수 -가입금액: 최대 월 불입액 30만원,3,개인 (직장인),* 중도해지이율 (입금액마다 경과기간별 차등 적용) - 1개월미만 : 가입일의 보통예금 금리 - 6개월미만 : 약정이율X50% - 9개월미만 : 약정이율X55% - 12개월미만 : 약정이율X60% - 12개월이상 : 약정이율X70%,300000,20260820,,202608201500,S,단리,S,정액적립식,24,3,3
030300,저축은행,2026-08-31T05:51:56+00:00,202608,0010388,다올저축은행,310012,직장인YES 정기적금,영업점,* - 1개월 까지 : 당초 약정이율과 만기 시 약정이율을 비교하여 낮은 금리 적용 - 1개월 초과 : 연0.1%,[※유의사항] -가입대상: 직장인 (증빙서류 제출) -1인 1계좌 / 영업점 전용상품 -인터넷뱅킹가입 필수 -가입금액: 최대 월 불입액 30만원,3,개인 (직장인),* 중도해지이율 (입금액마다 경과기간별 차등 적용) - 1개월미만 : 가입일의 보통예금 금리 - 6개월미만 : 약정이율X50% - 9개월미만 : 약정이율X55% - 12개월미만 : 약정이율X60% - 12개월이상 : 약정이율X70%,300000,20260820,,202608201500,S,단리,S,정액적립식,24,3,3
030300,저축은행,2026-08-31T05:51:56+00:00,202608,0010388,다올저축은행,310006,직장인YES 정기적금,영업점,* - 1개월 까지 : 당초 약정이율과 만기 시 약정이율을 비교하여 낮은 금리 적용 - 1개월 초과 : 연0.1%,[※유의사항] -가입대상: 직장인 (증빙서류 제출) -1인 1계좌 / 영업점 전용상품 -인터넷뱅킹가입 필수 -가입금액: 최대 월 불입액 30만원,3,개인 (직장인),* 중도해지이율 (입금액마다 경과기간별 차등 적용) - 1개월미만 : 가입일의 보통예금 금리 - 6개월미만 : 약정이율X50% - 9개월미만 : 약정이율X55% - 12개월미만 : 약정이율X60% - 12개월이상 : 약정이율X70%,300000,20260820,,202608201500,S,단리,S,정액적립식,36,3,3
030300,저축은행,2026-08-31T05:51:56+00:00,202608,0010388,다올저축은행,310012,직장인YES 정기적금,영업점,* - 1개월 까지 : 당초 약정이율과 만기 시 약정이율을 비교하여 낮은 금리 적용 - 1개월 초과 : 연0.1%,[※유의사항] -가입대상: 직장인 (증빙서류 제출) -1인 1계좌 / 영업점 전용상품 -인터넷뱅킹가입 필수 -가입금액: 최대 월 불입액 30만원,3,개인 (직장인),* 중도해지이율 (입금액마다 경과기간별 차등 적용) - 1개월미만 : 가입일의 보통예금 금리 - 6개월미만 : 약정이율X50% - 9개월미만 : 약정이율X55% - 12개월미만 : 약정이율X60% - 12개월이상 : 약정이율X70%,300000,20260820,,202608201500,S,단리,S,정액적립식,36,3,3
030300,저축은행,2026-08-31T05:51:56+00:00,202608,0010388,다올저축은행,310005,퍼스트유 정기적금,영업점,* - 1개월 까지 : 당초 약정이율과 만기 시 약정이율을 비교하여 낮은 금리 적용 - 1개월 초과 : 연0.1%,"[※유의사항] -가입대상: 만7세 이하 미성년자 -1인 1계좌 / 영업점 전용상품 (부모님 내방) -필요서류: 자녀 명의 가족관계서류, 기본증명서, 도장, 부모신분증 -부모님 인터넷뱅킹가입 필수 -가입금액: 최대 월 불입액 10만원",3,개인 (만 7세 이하 미성년자),* 중도해지이율 (입금액마다 경과기간별 차등 적용) - 1개월미만 : 가입일의 보통예금 금리 - 6개월미만 : 약정이율X50% - 9개월미만 : 약정이율X55% - 12개월미만 : 약정이율X60% - 12개월이상 : 약정이율X70%,100000,20260820,,202608201500,S,단리,S,정액적립식,12,3,3
030300,저축은행,2026-08-31T05:51:56+00:00,202608,0010388,다올저축은행,310011,퍼스트유 정기적금,영업점,* - 1개월 까지 : 당초 약정이율과 만기 시 약정이율을 비교하여 낮은 금리 적용 - 1개월 초과 : 연0.1%,"[※유의사항] -가입대상: 만7세 이하 미성년자 -1인 1계좌 / 영업점 전용상품 (부모님 내방) -필요서류: 자녀 명의 가족관계서류, 기본증명서, 도장, 부모신분증 -부모님 인터넷뱅킹가입 필수 -가입금액: 최대 월 불입액 10만원",3,개인 (만 7세 이하 미성년자),* 중도해지이율 (입금액마다 경과기간별 차등 적용) - 1개월미만 : 가입일의 보통예금 금리 - 6개월미만 : 약정이율X50% - 9개월미만 : 약정이율X55% - 12개월미만 : 약정이율X60% - 12개월이상 : 약정이율X70%,100000,20260820,,202608201500,S,단리,S,정액적립식,12,3,3
030300,저축은행,2026-08-31T05:51:56+00:00,202608,0010388,다올저축은행,310005,퍼스트유 정기적금,영업점,* - 1개월 까지 : 당초 약정이율과 만기 시 약정이율을 비교하여 낮은 금리 적용 - 1개월 초과 : 연0.1%,"[※유의사항] -가입대상: 만7세 이하 미성년자 -1인 1계좌 / 영업점 전용상품 (부모님 내방) -필요서류: 자녀 명의 가족관계서류, 기본증명서, 도장, 부모신분증 -부모님 인터넷뱅킹가입 필수 -가입금액: 최대 월 불입액 10만원",3,개인 (만 7세 이하 미성년자),* 중도해지이율 (입금액마다 경과기간별 차등 적용) - 1개월미만 : 가입일의 보통예금 금리 - 6개월미만 : 약정이율X50% - 9개월미만 : 약정이율X55% - 12개월미만 : 약정이율X60% - 12개월이상 : 약정이율X70%,100000,20260820,,202608201500,S,단리,S,정액적립식,24,3,3
030300,저축은행,2026-08-31T05:51:56+00:00,202608,0010388,다올저축은행,310011,퍼스트유 정기적금,영업점,* - 1개월 까지 : 당초 약정이율과 만기 시 약정이율을 비교하여 낮은 금리 적용 - 1개월 초과 : 연0.1%,"[※유의사항] -가입대상: 만7세 이하 미성년자 -1인 1계좌 / 영업점 전용상품 (부모님 내방) -필요서류: 자녀 명의 가족관계서류, 기본증명서, 도장, 부모신분증 -부모님 인터넷뱅킹가입 필수 -가입금액: 최대 월 불입액 10만원",3,개인 (만 7세 이하 미성년자),* 중도해지이율 (입금액마다 경과기간별 차등 적용) - 1개월미만 : 가입일의 보통예금 금리 - 6개월미만 : 약정이율X50% - 9개월미만 : 약정이율X55% - 12개월미만 : 약정이율X60% - 12개월이상 : 약정이율X70%,100000,20260820,,202608201500,S,단리,S,정액적립식,24,3,3
030300,저축은행,2026-08-31T05:51:56+00:00,202608,0010388,다올저축은행,310005,퍼스트유 정기적금,영업점,* - 1개월 까지 : 당초 약정이율과 만기 시 약정이율을 비교하여 낮은 금리 적용 - 1개월 초과 : 연0.1%,"[※유의사항] -가입대상: 만7세 이하 미성년자 -1인 1계좌 / 영업점 전용상품 (부모님 내방) -필요서류: 자녀 명의 가족관계서류, 기본증명서, 도장, 부모신분증 -부모님 인터넷뱅킹가입 필수 -가입금액: 최대 월 불입액 10만원",3,개인 (만 7세 이하 미성년자),* 중도해지이율 (입금액마다 경과기간별 차등 적용) - 1개월미만 : 가입일의 보통예금 금리 - 6개월미만 : 약정이율X50% - 9개월미만 : 약정이율X55% - 12개월미만 : 약정이율X60% - 12개월이상 : 약정이율X70%,100000,20260820,,202608201500,S,단리,S,정액적립식,36,3,3
030300,저축은행,2026-08-31T05:51:56+00:00,202608,0010388,다올저축은행,310011,퍼스트유 정기적금,영업점,* - 1개월 까지 : 당초 약정이율과 만기 시 약정이율을 비교하여 낮은 금리 적용 - 1개월 초과 : 연0.1%,"[※유의사항] -가입대상: 만7세 이하 미성년자 -1인 1계좌 / 영업점 전용상품 (부모님 내방) -필요서류: 자녀 명의 가족관계서류, 기본증명서, 도장, 부모신분증 -부모님 인터넷뱅킹가입 필수 -가입금액: 최대 월 불입액 10만원",3,개인 (만 7세 이하 미성년자),* 중도해지이율 (입금액마다 경과기간별 차등 적용) - 1개월미만 : 가입일의 보통예금 금리 - 6개월미만 : 약정이율X50% - 9개월미만 : 약정이율X55% - 12개월미만 : 약정이율X60% - 12개월이상 : 약정이율X70%,100000,20260820,,202608201500,S,단리,S,정액적립식,36,3,3
030300,저축은행,2026-08-31T05:51:56+00:00,202608,0010485,대명상호저축은행,310002,더 드림 정기적금,영업점,"- 만기 후 1개월 이하: 약정금리와 동일한 금리 적용
- 만기 후 1개월 초과: 보통예금이율",없음,1,누구나가입가능,월 불입액 최대 500만원,,20260820,,202608201500,S,단리,S,정액적립식,12,2.95,2.95
030300,저축은행,2026-08-31T05:51:56+00:00,202608,0010485,대명상호저축은행,310002,더 드림 정기적금,영업점,"- 만기 후 1개월 이하: 약정금리와 동일한 금리 적용
- 만기 후 1개월 초과: 보통예금이율",없음,1,누구나가입가능,월 불입액 최대 500만원,,20260820,,202608201500,M,복리,S,정액적립식,12,2.95,2.95
030300,저축은행,2026-08-31T05:51:56+00:00,202608,0010485,대명상호저축은행,310002,더 드림 정기적금,영업점,"- 만기 후 1개월 이하: 약정금리와 동일한 금리 적용
- 만기 후 1개월 초과: 보통예금이율",없음,1,누구나가입가능,월 불입액 최대 500만원,,20260820,,202608201500,S,단리,S,정액적립식,24,3,3
030300,저축은행,2026-08-31T05:51:56+00:00,202608,0010485,대명상호저축은행,310002,더 드림 정기적금,영업점,"- 만기 후 1개월 이하: 약정금리와 동일한 금리 적용
- 만기 후 1개월 초과: 보통예금이율",없음,1,누구나가입가능,월 불입액 최대 500만원,,20260820,,202608201500,M,복리,S,정액적립식,24,3,3
030300,저축은행,2026-08-31T05:51:56+00:00,202608,0010485,대명상호저축은행,310002,더 드림 정기적금,영업점,"- 만기 후 1개월 이하: 약정금리와 동일한 금리 적용
- 만기 후 1개월 초과: 보통예금이율",없음,1,누구나가입가능,월 불입액 최대 500만원,,20260820,,202608201500,S,단리,S,정액적립식,36,3.05,3.05
030300,저축은행,2026-08-31T05:51:56+00:00,202608,0010485,대명상호저축은행,310002,더 드림 정기적금,영업점,"- 만기 후 1개월 이하: 약정금리와 동일한 금리 적용
- 만기 후 1개월 초과: 보통예금이율",없음,1,누구나가입가능,월 불입액 최대 500만원,,20260820,,202608201500,M,복리,S,정액적립식,36,3.05,3.05
030300,저축은행,2026-08-31T05:51:56+00:00,202608,0010485,대명상호저축은행,310009,자유적립식예금,영업점,"- 만기 후 1개월 이하: 약정금리와 동일한 금리 적용
- 만기 후 1개월 초과: 보통예금이율",없음,1,누구나가입가능,자유적립식,50000000,20260820,,202608201500,M,복리,F,자유적립식,12,4.1,4.1
030300,저축은행,2026-08-31T05:51:56+00:00,202608,0010485,대명상호저축은행,310009,자유적립식예금,영업점,"- 만기 후 1개월 이하: 약정금리와 동일한 금리 적용
- 만기 후 1개월 초과: 보통예금이율",없음,1,누구나가입가능,자유적립식,50000000,20260820,,202608201500,S,단리,F,자유적립식,12,4.1,4.1
030300,저축은행,2026-08-31T05:51:56+00:00,202608,0010485,대명상호저축은행,401003,정기적금,영업점,"- 만기 후 1개월 이하: 약정금리와 동일한 금리 적용
- 만기 후 1개월 초과: 보통예금이율",없음,1,누구나가입가능,없음,,20260820,,202608201500,S,단리,F,자유적립식,12,2.75,2.75
030300,저축은행,2026-08-31T05:51:56+00:00,202608,0010485,대명상호저축은행,401003,정기적금,영업점,"- 만기 후 1개월 이하: 약정금리와 동일한 금리 적용
- 만기 후 1개월 초과: 보통예금이율",없음,1,누구나가입가능,없음,,20260820,,202608201500,M,복리,F,자유적립식,12,2.75,2.75
030300,저축은행,2026-08-31T05:51:56+00:00,202608,0010485,대명상호저축은행,401003,정기적금,영업점,"- 만기 후 1개월 이하: 약정금리와 동일한 금리 적용
- 만기 후 1개월 초과: 보통예금이율",없음,1,누구나가입가능,없음,,20260820,,202608201500,S,단리,S,정액적립식,12,2.9,2.9
030300,저축은행,2026-08-31T05:51:56+00:00,202608,0010485,대명상호저축은행,401003,정기적금,영업점,"- 만기 후 1개월 이하: 약정금리와 동일한 금리 적용
- 만기 후 1개월 초과: 보통예금이율",없음,1,누구나가입가능,없음,,20260820,,202608201500,M,복리,S,정액적립식,12,2.9,2.9
030300,저축은행,2026-08-31T05:51:56+00:00,202608,0010485,대명상호저축은행,401003,정기적금,영업점,"- 만기 후 1개월 이하: 약정금리와 동일한 금리 적용
- 만기 후 1개월 초과: 보통예금이율",없음,1,누구나가입가능,없음,,20260820,,202608201500,S,단리,S,정액적립식,24,2.95,2.95
030300,저축은행,2026-08-31T05:51:56+00:00,202608,0010485,대명상호저축은행,401003,정기적금,영업점,"- 만기 후 1개월 이하: 약정금리와 동일한 금리 적용
- 만기 후 1개월 초과: 보통예금이율",없음,1,누구나가입가능,없음,,20260820,,202608201500,M,복리,S,정액적립식,24,2.95,2.95
030300,저축은행,2026-08-31T05:51:56+00:00,202608,0010485,대명상호저축은행,401003,정기적금,영업점,"- 만기 후 1개월 이하: 약정금리와 동일한 금리 적용
- 만기 후 1개월 초과: 보통예금이율",없음,1,누구나가입가능,없음,,20260820,,202608201500,S,단리,S,정액적립식,36,3,3
030300,저축은행,2026-08-31T05:51:56+00:00,202608,0010485,대명상호저축은행,401003,정기적금,영업점,"- 만기 후 1개월 이하: 약정금리와 동일한 금리 적용
- 만기 후 1개월 초과: 보통예금이율",없음,1,누구나가입가능,없음,,20260820,,202608201500,M,복리,S,정액적립식,36,3,3
030300,저축은행,2026-08-31T05:51:56+00:00,202608,0010437,대백저축은행,310003,꿈나무정기적금,영업점,"*1개월이내-약정이율과 현행이율중 낮은이율 
*1개월 초과-보통예금이율(0.2%)",해당없음,1,만13세 미만어린이,해당없음,,20260820,,202608201500,S,단리,S,정액적립식,12,3.7,3.7
030300,저축은행,2026-08-31T05:51:56+00:00,202608,0010437,대백저축은행,310006,꿈나무정기적금,영업점,"1개월이내-약정이율과 현행이율중 낮은이율
1개월 초과-보통예금이율(0.2%)",해당없음,3,만13세미만어린이,해당없음,,20260820,,202608201500,S,단리,S,정액적립식,12,3.7,3.7
030300,저축은행,2026-08-31T05:51:56+00:00,202608,0010437,대백저축은행,310003,꿈나무정기적금,영업점,"*1개월이내-약정이율과 현행이율중 낮은이율 
*1개월 초과-보통예금이율(0.2%)",해당없음,1,만13세 미만어린이,해당없음,,20260820,,202608201500,S,단리,S,정액적립식,24,3.8,3.8
030300,저축은행,2026-08-31T05:51:56+00:00,202608,0010437,대백저축은행,310006,꿈나무정기적금,영업점,"1개월이내-약정이율과 현행이율중 낮은이율
1개월 초과-보통예금이율(0.2%)",해당없음,3,만13세미만어린이,해당없음,,20260820,,202608201500,S,단리,S,정액적립식,24,3.8,3.8
030300,저축은행,2026-08-31T05:51:56+00:00,202608,0010437,대백저축은행,310003,꿈나무정기적금,영업점,"*1개월이내-약정이율과 현행이율중 낮은이율 
*1개월 초과-보통예금이율(0.2%)",해당없음,1,만13세 미만어린이,해당없음,,20260820,,202608201500,S,단리,S,정액적립식,36,3.9,3.9
030300,저축은행,2026-08-31T05:51:56+00:00,202608,0010437,대백저축은행,310006,꿈나무정기적금,영업점,"1개월이내-약정이율과 현행이율중 낮은이율
1개월 초과-보통예금이율(0.2%)",해당없음,3,만13세미만어린이,해당없음,,20260820,,202608201500,S,단리,S,정액적립식,36,3.9,3.9
030300,저축은행,2026-08-31T05:51:56+00:00,202608,0010437,대백저축은행,310007,애플정기적금,"인터넷,스마트폰","1개월이내-약정이율과 현행이율중 낮은이율
1개월 초과-보통예금이율(0.2%)",해당없음,1,제한없음,해당없음,,20260820,,202608201500,S,단리,S,정액적립식,6,3.5,3.5
030300,저축은행,2026-08-31T05:51:56+00:00,202608,0010437,대백저축은행,310007,애플정기적금,"인터넷,스마트폰","1개월이내-약정이율과 현행이율중 낮은이율
1개월 초과-보통예금이율(0.2%)",해당없음,1,제한없음,해당없음,,20260820,,202608201500,S,단리,S,정액적립식,12,4,4
030300,저축은행,2026-08-31T05:51:56+00:00,202608,0010437,대백저축은행,310007,애플정기적금,"인터넷,스마트폰","1개월이내-약정이율과 현행이율중 낮은이율
1개월 초과-보통예금이율(0.2%)",해당없음,1,제한없음,해당없음,,20260820,,202608201500,S,단리,S,정액적립식,24,4,4
030300,저축은행,2026-08-31T05:51:56+00:00,202608,0010437,대백저축은행,310000,한마음정기적금,영업점,보통예금이율(0.2%),해당없음,1,제한없음,해당없음,,20260820,,202608201500,S,단리,S,정액적립식,6,1.7,1.7
030300,저축은행,2026-08-31T05:51:56+00:00,202608,0010437,대백저축은행,310005,한마음정기적금,영업점,"1개월이내-약정이율과 현행이율중 낮은이율
1개월 초과-보통예금이율(0.2%)",해당없음,1,제한없음,해당없음,,20260820,,202608201500,S,단리,S,정액적립식,6,3.5,3.5
030300,저축은행,2026-08-31T05:51:56+00:00,202608,0010437,대백저축은행,310000,한마음정기적금,영업점,보통예금이율(0.2%),해당없음,1,제한없음,해당없음,,20260820,,202608201500,S,단리,S,정액적립식,12,2.3,2.3
030300,저축은행,2026-08-31T05:51:56+00:00,202608,0010437,대백저축은행,310005,한마음정기적금,영업점,"1개월이내-약정이율과 현행이율중 낮은이율
1개월 초과-보통예금이율(0.2%)",해당없음,1,제한없음,해당없음,,20260820,,202608201500,S,단리,S,정액적립식,12,4,4
030300,저축은행,2026-08-31T05:51:56+00:00,202608,0010437,대백저축은행,310000,한마음정기적금,영업점,보통예금이율(0.2%),해당없음,1,제한없음,해당없음,,20260820,,202608201500,S,단리,S,정액적립식,24,2.4,2.4
030300,저축은행,2026-08-31T05:51:56+00:00,202608,0010437,대백저축은행,310005,한마음정기적금,영업점,"1개월이내-약정이율과 현행이율중 낮은이율
1개월 초과-보통예금이율(0.2%)",해당없음,1,제한없음,해당없음,,20260820,,202608201500,S,단리,S,정액적립식,24,4,4
030300,저축은행,2026-08-31T05:51:56+00:00,202608,0010437,대백저축은행,310000,한마음정기적금,영업점,보통예금이율(0.2%),해당없음,1,제한없음,해당없음,,20260820,,202608201500,S,단리,S,정액적립식,36,2.5,2.5
030300,저축은행,2026-08-31T05:51:56+00:00,202608,0010437,대백저축은행,310005,한마음정기적금,영업점,"1개월이내-약정이율과 현행이율중 낮은이율
1개월 초과-보통예금이율(0.2%)",해당없음,1,제한없음,해당없음,,20260820,,202608201500,S,단리,S,정액적립식,36,3.5,3.5
030300,저축은행,2026-08-31T05:51:56+00:00,202608,0012840,대신저축은행,JJ05,스마트정기적금,스마트폰,"* 만기후 1개월이내: 당초 약정이율과 만기시점 해당상품 신규 약정이율 중 낮은이율
* 만기후 1개월초과: 만기시점 보통예금 이율 (현재 0.1%)",없음,1,스마트뱅크 가입고객,가입채널 제한 (모바일앱전용상품),,20260820,,202608201500,M,복리,S,정액적립식,12,4.1,4.1
030300,저축은행,2026-08-31T05:51:56+00:00,202608,0012840,대신저축은행,JJ05,스마트정기적금,스마트폰,"* 만기후 1개월이내: 당초 약정이율과 만기시점 해당상품 신규 약정이율 중 낮은이율
* 만기후 1개월초과: 만기시점 보통예금 이율 (현재 0.1%)",없음,1,스마트뱅크 가입고객,가입채널 제한 (모바일앱전용상품),,20260820,,202608201500,S,단리,S,정액적립식,12,4.1,4.1
030300,저축은행,2026-08-31T05:51:56+00:00,202608,0012840,대신저축은행,JJ05,스마트정기적금,스마트폰,"* 만기후 1개월이내: 당초 약정이율과 만기시점 해당상품 신규 약정이율 중 낮은이율
* 만기후 1개월초과: 만기시점 보통예금 이율 (현재 0.1%)",없음,1,스마트뱅크 가입고객,가입채널 제한 (모바일앱전용상품),,20260820,,202608201500,M,복리,S,정액적립식,24,3,3
030300,저축은행,2026-08-31T05:51:56+00:00,202608,0012840,대신저축은행,JJ05,스마트정기적금,스마트폰,"* 만기후 1개월이내: 당초 약정이율과 만기시점 해당상품 신규 약정이율 중 낮은이율
* 만기후 1개월초과: 만기시점 보통예금 이율 (현재 0.1%)",없음,1,스마트뱅크 가입고객,가입채널 제한 (모바일앱전용상품),,20260820,,202608201500,S,단리,S,정액적립식,24,3,3
030300,저축은행,2026-08-31T05:51:56+00:00,202608,0012840,대신저축은행,JJ05,스마트정기적금,스마트폰,"* 만기후 1개월이내: 당초 약정이율과 만기시점 해당상품 신규 약정이율 중 낮은이율
* 만기후 1개월초과: 만기시점 보통예금 이율 (현재 0.1%)",없음,1,스마트뱅크 가입고객,가입채널 제한 (모바일앱전용상품),,20260820,,202608201500,M,복리,S,정액적립식,36,3,3
030300,저축은행,2026-08-31T05:51:56+00:00,202608,0012840,대신저축은행,JJ05,스마트정기적금,스마트폰,"* 만기후 1개월이내: 당초 약정이율과 만기시점 해당상품 신규 약정이율 중 낮은이율
* 만기후 1개월초과: 만기시점 보통예금 이율 (현재 0.1%)",없음,1,스마트뱅크 가입고객,가입채널 제한 (모바일앱전용상품),,20260820,,202608201500,S,단리,S,정액적립식,36,3,3
030300,저축은행,2026-08-31T05:51:56+00:00,202608,0012840,대신저축은행,JJ,정기적금,"영업점,인터넷","* 만기후 1개월이내: 당초 약정이율과 만기시점 해당상품 신규 약정이율 중 낮은이율
* 만기후 1개월초과: 만기시점 보통예금 이율 (현재 0.1%)",없음,1,모든고객,없음,,20260820,,202608201500,S,단리,S,정액적립식,12,4,4
030300,저축은행,2026-08-31T05:51:56+00:00,202608,0012840,대신저축은행,JJ,정기적금,"영업점,인터넷","* 만기후 1개월이내: 당초 약정이율과 만기시점 해당상품 신규 약정이율 중 낮은이율
* 만기후 1개월초과: 만기시점 보통예금 이율 (현재 0.1%)",없음,1,모든고객,없음,,20260820,,202608201500,M,복리,S,정액적립식,12,4,4
030300,저축은행,2026-08-31T05:51:56+00:00,202608,0012840,대신저축은행,JJ09,정기적금,"영업점,인터넷","* 만기후 1개월이내: 당초 약정이율과 만기시점 해당상품 신규 약정이율 중 낮은이율
* 만기후 1개월초과: 만기시점 보통예금 이율 (현재 0.1%)",-,1,모든고객,없음,,20260820,,202608201500,S,단리,S,정액적립식,12,4,4
030300,저축은행,2026-08-31T05:51:56+00:00,202608,0012840,대신저축은행,JJ,정기적금,"영업점,인터넷","* 만기후 1개월이내: 당초 약정이율과 만기시점 해당상품 신규 약정이율 중 낮은이율
* 만기후 1개월초과: 만기시점 보통예금 이율 (현재 0.1%)",없음,1,모든고객,없음,,20260820,,202608201500,S,단리,S,정액적립식,24,3,3
030300,저축은행,2026-08-31T05:51:56+00:00,202608,0012840,대신저축은행,JJ,정기적금,"영업점,인터넷","* 만기후 1개월이내: 당초 약정이율과 만기시점 해당상품 신규 약정이율 중 낮은이율
* 만기후 1개월초과: 만기시점 보통예금 이율 (현재 0.1%)",없음,1,모든고객,없음,,20260820,,202608201500,M,복리,S,정액적립식,24,3,3
030300,저축은행,2026-08-31T05:51:56+00:00,202608,0012840,대신저축은행,JJ09,정기적금,"영업점,인터넷","* 만기후 1개월이내: 당초 약정이율과 만기시점 해당상품 신규 약정이율 중 낮은이율
* 만기후 1개월초과: 만기시점 보통예금 이율 (현재 0.1%)",-,1,모든고객,없음,,20260820,,202608201500,S,단리,S,정액적립식,24,4,4
030300,저축은행,2026-08-31T05:51:56+00:00,202608,0012840,대신저축은행,JJ,정기적금,"영업점,인터넷","* 만기후 1개월이내: 당초 약정이율과 만기시점 해당상품 신규 약정이율 중 낮은이율
* 만기후 1개월초과: 만기시점 보통예금 이율 (현재 0.1%)",없음,1,모든고객,없음,,20260820,,202608201500,S,단리,S,정액적립식,36,3,3
030300,저축은행,2026-08-31T05:51:56+00:00,202608,0012840,대신저축은행,JJ,정기적금,"영업점,인터넷","* 만기후 1개월이내: 당초 약정이율과 만기시점 해당상품 신규 약정이율 중 낮은이율
* 만기후 1개월초과: 만기시점 보통예금 이율 (현재 0.1%)",없음,1,모든고객,없음,,20260820,,202608201500,M,복리,S,정액적립식,36,3,3
030300,저축은행,2026-08-31T05:51:56+00:00,202608,0012840,대신저축은행,JJ09,정기적금,"영업점,인터넷","* 만기후 1개월이내: 당초 약정이율과 만기시점 해당상품 신규 약정이율 중 낮은이율
* 만기후 1개월초과: 만기시점 보통예금 이율 (현재 0.1%)",-,1,모든고객,없음,,20260820,,202608201500,S,단리,S,정액적립식,36,4,4
030300,저축은행,2026-08-31T05:51:56+00:00,202608,0012840,대신저축은행,JJ10,정기적금(자유식),"영업점,인터넷,스마트폰","* 만기후 1개월이내: 당초 약정이율과 만기시점 해당상품 신규 약정이율 중 낮은이율
* 만기후 1개월초과: 만기시점 보통예금 이율 (현재 0.1%)",없음,1,모든고객,없음,,20260820,,202608201500,S,단리,F,자유적립식,12,2.75,2.75
030300,저축은행,2026-08-31T05:51:56+00:00,202608,0012840,대신저축은행,JJ10,정기적금(자유식),"영업점,인터넷,스마트폰","* 만기후 1개월이내: 당초 약정이율과 만기시점 해당상품 신규 약정이율 중 낮은이율
* 만기후 1개월초과: 만기시점 보통예금 이율 (현재 0.1%)",없음,1,모든고객,없음,,20260820,,202608201500,S,단리,F,자유적립식,24,2,2
030300,저축은행,2026-08-31T05:51:56+00:00,202608,0012840,대신저축은행,JJ10,정기적금(자유식),"영업점,인터넷,스마트폰","* 만기후 1개월이내: 당초 약정이율과 만기시점 해당상품 신규 약정이율 중 낮은이율
* 만기후 1개월초과: 만기시점 보통예금 이율 (현재 0.1%)",없음,1,모든고객,없음,,20260820,,202608201500,S,단리,F,자유적립식,36,2,2
030300,저축은행,2026-08-31T05:51:56+00:00,202608,0010553,대아상호저축은행,310003,정기적금,영업점,"- 만기후 1개월 이내 : 당초 약정금리 또는 만기시 동일상품 동일계약기간의 신규 약정금리 중 낮은 이율
- 만기후 1개월 초과 : 보통예금 이율",없음,1,제한없음,"예금자보호법에 따라 예금보험공사가 보호하되, 원금과 소정의 이자를 합하여 1인당 ""최고 5천만원""이며, 5천만원을 초과하는 나머지 금액은 보호하지 않습니다.",,20260820,,202608201500,S,단리,F,자유적립식,12,3,3
030300,저축은행,2026-08-31T05:51:56+00:00,202608,0010553,대아상호저축은행,310003,정기적금,영업점,"- 만기후 1개월 이내 : 당초 약정금리 또는 만기시 동일상품 동일계약기간의 신규 약정금리 중 낮은 이율
- 만기후 1개월 초과 : 보통예금 이율",없음,1,제한없음,"예금자보호법에 따라 예금보험공사가 보호하되, 원금과 소정의 이자를 합하여 1인당 ""최고 5천만원""이며, 5천만원을 초과하는 나머지 금액은 보호하지 않습니다.",,20260820,,202608201500,M,복리,F,자유적립식,12,3,3
030300,저축은행,2026-08-31T05:51:56+00:00,202608,0010553,대아상호저축은행,310003,정기적금,영업점,"- 만기후 1개월 이내 : 당초 약정금리 또는 만기시 동일상품 동일계약기간의 신규 약정금리 중 낮은 이율
- 만기후 1개월 초과 : 보통예금 이율",없음,1,제한없음,"예금자보호법에 따라 예금보험공사가 보호하되, 원금과 소정의 이자를 합하여 1인당 ""최고 5천만원""이며, 5천만원을 초과하는 나머지 금액은 보호하지 않습니다.",,20260820,,202608201500,S,단리,S,정액적립식,12,3,3
030300,저축은행,2026-08-31T05:51:56+00:00,202608,0010553,대아상호저축은행,310003,정기적금,영업점,"- 만기후 1개월 이내 : 당초 약정금리 또는 만기시 동일상품 동일계약기간의 신규 약정금리 중 낮은 이율
- 만기후 1개월 초과 : 보통예금 이율",없음,1,제한없음,"예금자보호법에 따라 예금보험공사가 보호하되, 원금과 소정의 이자를 합하여 1인당 ""최고 5천만원""이며, 5천만원을 초과하는 나머지 금액은 보호하지 않습니다.",,20260820,,202608201500,M,복리,S,정액적립식,12,3,3
030300,저축은행,2026-08-31T05:51:56+00:00,202608,0010553,대아상호저축은행,310003,정기적금,영업점,"- 만기후 1개월 이내 : 당초 약정금리 또는 만기시 동일상품 동일계약기간의 신규 약정금리 중 낮은 이율
- 만기후 1개월 초과 : 보통예금 이율",없음,1,제한없음,"예금자보호법에 따라 예금보험공사가 보호하되, 원금과 소정의 이자를 합하여 1인당 ""최고 5천만원""이며, 5천만원을 초과하는 나머지 금액은 보호하지 않습니다.",,20260820,,202608201500,S,단리,F,자유적립식,24,3,3
030300,저축은행,2026-08-31T05:51:56+00:00,202608,0010553,대아상호저축은행,310003,정기적금,영업점,"- 만기후 1개월 이내 : 당초 약정금리 또는 만기시 동일상품 동일계약기간의 신규 약정금리 중 낮은 이율
- 만기후 1개월 초과 : 보통예금 이율",없음,1,제한없음,"예금자보호법에 따라 예금보험공사가 보호하되, 원금과 소정의 이자를 합하여 1인당 ""최고 5천만원""이며, 5천만원을 초과하는 나머지 금액은 보호하지 않습니다.",,20260820,,202608201500,M,복리,F,자유적립식,24,3,3
030300,저축은행,2026-08-31T05:51:56+00:00,202608,0010553,대아상호저축은행,310003,정기적금,영업점,"- 만기후 1개월 이내 : 당초 약정금리 또는 만기시 동일상품 동일계약기간의 신규 약정금리 중 낮은 이율
- 만기후 1개월 초과 : 보통예금 이율",없음,1,제한없음,"예금자보호법에 따라 예금보험공사가 보호하되, 원금과 소정의 이자를 합하여 1인당 ""최고 5천만원""이며, 5천만원을 초과하는 나머지 금액은 보호하지 않습니다.",,20260820,,202608201500,S,단리,S,정액적립식,24,3,3
030300,저축은행,2026-08-31T05:51:56+00:00,202608,0010553,대아상호저축은행,310003,정기적금,영업점,"- 만기후 1개월 이내 : 당초 약정금리 또는 만기시 동일상품 동일계약기간의 신규 약정금리 중 낮은 이율
- 만기후 1개월 초과 : 보통예금 이율",없음,1,제한없음,"예금자보호법에 따라 예금보험공사가 보호하되, 원금과 소정의 이자를 합하여 1인당 ""최고 5천만원""이며, 5천만원을 초과하는 나머지 금액은 보호하지 않습니다.",,20260820,,202608201500,M,복리,S,정액적립식,24,3,3
030300,저축은행,2026-08-31T05:51:56+00:00,202608,0010553,대아상호저축은행,310003,정기적금,영업점,"- 만기후 1개월 이내 : 당초 약정금리 또는 만기시 동일상품 동일계약기간의 신규 약정금리 중 낮은 이율
- 만기후 1개월 초과 : 보통예금 이율",없음,1,제한없음,"예금자보호법에 따라 예금보험공사가 보호하되, 원금과 소정의 이자를 합하여 1인당 ""최고 5천만원""이며, 5천만원을 초과하는 나머지 금액은 보호하지 않습니다.",,20260820,,202608201500,S,단리,F,자유적립식,36,3,3
030300,저축은행,2026-08-31T05:51:56+00:00,202608,0010553,대아상호저축은행,310003,정기적금,영업점,"- 만기후 1개월 이내 : 당초 약정금리 또는 만기시 동일상품 동일계약기간의 신규 약정금리 중 낮은 이율
- 만기후 1개월 초과 : 보통예금 이율",없음,1,제한없음,"예금자보호법에 따라 예금보험공사가 보호하되, 원금과 소정의 이자를 합하여 1인당 ""최고 5천만원""이며, 5천만원을 초과하는 나머지 금액은 보호하지 않습니다.",,20260820,,202608201500,M,복리,F,자유적립식,36,3,3
030300,저축은행,2026-08-31T05:51:56+00:00,202608,0010553,대아상호저축은행,310003,정기적금,영업점,"- 만기후 1개월 이내 : 당초 약정금리 또는 만기시 동일상품 동일계약기간의 신규 약정금리 중 낮은 이율
- 만기후 1개월 초과 : 보통예금 이율",없음,1,제한없음,"예금자보호법에 따라 예금보험공사가 보호하되, 원금과 소정의 이자를 합하여 1인당 ""최고 5천만원""이며, 5천만원을 초과하는 나머지 금액은 보호하지 않습니다.",,20260820,,202608201500,S,단리,S,정액적립식,36,3,3
030300,저축은행,2026-08-31T05:51:56+00:00,202608,0010553,대아상호저축은행,310003,정기적금,영업점,"- 만기후 1개월 이내 : 당초 약정금리 또는 만기시 동일상품 동일계약기간의 신규 약정금리 중 낮은 이율
- 만기후 1개월 초과 : 보통예금 이율",없음,1,제한없음,"예금자보호법에 따라 예금보험공사가 보호하되, 원금과 소정의 이자를 합하여 1인당 ""최고 5천만원""이며, 5천만원을 초과하는 나머지 금액은 보호하지 않습니다.",,20260820,,202608201500,M,복리,S,정액적립식,36,3,3
030300,저축은행,2026-08-31T05:51:56+00:00,202608,0010568,대원저축은행,310001,정기적금,영업점,연 0.1%,없음,1,제한없음,"예금자보호법에 따라 예금보험공사가 보호하되, 원금과 소정의 이자를 합하여 1인당 ""최고 5천만원""이며 , 5천만원을 초과하는 나머지 금액은 보호하지 않습니다.",,20260820,,202608201500,S,단리,F,자유적립식,6,0.7,0.7
030300,저축은행,2026-08-31T05:51:56+00:00,202608,0010568,대원저축은행,310001,정기적금,영업점,연 0.1%,없음,1,제한없음,"예금자보호법에 따라 예금보험공사가 보호하되, 원금과 소정의 이자를 합하여 1인당 ""최고 5천만원""이며 , 5천만원을 초과하는 나머지 금액은 보호하지 않습니다.",,20260820,,202608201500,S,단리,F,자유적립식,12,1.2,1.2
030300,저축은행,2026-08-31T05:51:56+00:00,202608,0010568,대원저축은행,310001,정기적금,영업점,연 0.1%,없음,1,제한없음,"예금자보호법에 따라 예금보험공사가 보호하되, 원금과 소정의 이자를 합하여 1인당 ""최고 5천만원""이며 , 5천만원을 초과하는 나머지 금액은 보호하지 않습니다.",,20260820,,202608201500,S,단리,S,정액적립식,12,1,1
030300,저축은행,2026-08-31T05:51:56+00:00,202608,0010568,대원저축은행,310001,정기적금,영업점,연 0.1%,없음,1,제한없음,"예금자보호법에 따라 예금보험공사가 보호하되, 원금과 소정의 이자를 합하여 1인당 ""최고 5천만원""이며 , 5천만원을 초과하는 나머지 금액은 보호하지 않습니다.",,20260820,,202608201500,S,단리,F,자유적립식,24,1.1,1.1
030300,저축은행,2026-08-31T05:51:56+00:00,202608,0010568,대원저축은행,310001,정기적금,영업점,연 0.1%,없음,1,제한없음,"예금자보호법에 따라 예금보험공사가 보호하되, 원금과 소정의 이자를 합하여 1인당 ""최고 5천만원""이며 , 5천만원을 초과하는 나머지 금액은 보호하지 않습니다.",,20260820,,202608201500,S,단리,S,정액적립식,24,1,1
030300,저축은행,2026-08-31T05:51:56+00:00,202608,0010568,대원저축은행,310001,정기적금,영업점,연 0.1%,없음,1,제한없음,"예금자보호법에 따라 예금보험공사가 보호하되, 원금과 소정의 이자를 합하여 1인당 ""최고 5천만원""이며 , 5천만원을 초과하는 나머지 금액은 보호하지 않습니다.",,20260820,,202608201500,S,단리,F,자유적립식,36,1.1,1.1
030300,저축은행,2026-08-31T05:51:56+00:00,202608,0010568,대원저축은행,310001,정기적금,영업점,연 0.1%,없음,1,제한없음,"예금자보호법에 따라 예금보험공사가 보호하되, 원금과 소정의 이자를 합하여 1인당 ""최고 5천만원""이며 , 5천만원을 초과하는 나머지 금액은 보호하지 않습니다.",,20260820,,202608201500,S,단리,S,정액적립식,36,1,1
030300,저축은행,2026-08-31T05:51:56+00:00,202608,0010526,대한저축은행,310008,장학적금자유식,영업점,"- 만기후 1개월이내 : 가입당시 약정금리와 현재금리 비교 후 낮은 금리 
- 만기후 1개월초과 : 보통예금 금리",없음,3,만19세 미만의 청소년만 가입가능,창구에서만 가입가능,30000000,20260820,,202608201500,S,단리,F,자유적립식,6,2.1,2.1
030300,저축은행,2026-08-31T05:51:56+00:00,202608,0010526,대한저축은행,310008,장학적금자유식,영업점,"- 만기후 1개월이내 : 가입당시 약정금리와 현재금리 비교 후 낮은 금리 
- 만기후 1개월초과 : 보통예금 금리",없음,3,만19세 미만의 청소년만 가입가능,창구에서만 가입가능,30000000,20260820,,202608201500,S,단리,F,자유적립식,12,3.5,3.5
030300,저축은행,2026-08-31T05:51:56+00:00,202608,0010526,대한저축은행,310008,장학적금자유식,영업점,"- 만기후 1개월이내 : 가입당시 약정금리와 현재금리 비교 후 낮은 금리 
- 만기후 1개월초과 : 보통예금 금리",없음,3,만19세 미만의 청소년만 가입가능,창구에서만 가입가능,30000000,20260820,,202608201500,S,단리,F,자유적립식,24,3.6,3.6
030300,저축은행,2026-08-31T05:51:56+00:00,202608,0010526,대한저축은행,310008,장학적금자유식,영업점,"- 만기후 1개월이내 : 가입당시 약정금리와 현재금리 비교 후 낮은 금리 
- 만기후 1개월초과 : 보통예금 금리",없음,3,만19세 미만의 청소년만 가입가능,창구에서만 가입가능,30000000,20260820,,202608201500,S,단리,F,자유적립식,36,3.6,3.6
030300,저축은행,2026-08-31T05:51:56+00:00,202608,0010526,대한저축은행,310007,정기적금,영업점,"- 만기후 1개월이내 : 가입당시 약정금리와 현재금리 비교 후 낮은 금리

- 만기후 1개월초과 : 보통예금 금리",없음,1,제한없음,해당없음,,20260820,,202608201500,S,단리,F,자유적립식,6,1.7,1.7
030300,저축은행,2026-08-31T05:51:56+00:00,202608,0010526,대한저축은행,310007,정기적금,영업점,"- 만기후 1개월이내 : 가입당시 약정금리와 현재금리 비교 후 낮은 금리

- 만기후 1개월초과 : 보통예금 금리",없음,1,제한없음,해당없음,,20260820,,202608201500,S,단리,S,정액적립식,6,2.1,2.1
030300,저축은행,2026-08-31T05:51:56+00:00,202608,0010526,대한저축은행,310007,정기적금,영업점,"- 만기후 1개월이내 : 가입당시 약정금리와 현재금리 비교 후 낮은 금리

- 만기후 1개월초과 : 보통예금 금리",없음,1,제한없음,해당없음,,20260820,,202608201500,S,단리,F,자유적립식,12,1.9,1.9
030300,저축은행,2026-08-31T05:51:56+00:00,202608,0010526,대한저축은행,310007,정기적금,영업점,"- 만기후 1개월이내 : 가입당시 약정금리와 현재금리 비교 후 낮은 금리

- 만기후 1개월초과 : 보통예금 금리",없음,1,제한없음,해당없음,,20260820,,202608201500,S,단리,S,정액적립식,12,4,4
030300,저축은행,2026-08-31T05:51:56+00:00,202608,0010526,대한저축은행,310007,정기적금,영업점,"- 만기후 1개월이내 : 가입당시 약정금리와 현재금리 비교 후 낮은 금리

- 만기후 1개월초과 : 보통예금 금리",없음,1,제한없음,해당없음,,20260820,,202608201500,S,단리,F,자유적립식,24,2,2
030300,저축은행,2026-08-31T05:51:56+00:00,202608,0010526,대한저축은행,310007,정기적금,영업점,"- 만기후 1개월이내 : 가입당시 약정금리와 현재금리 비교 후 낮은 금리

- 만기후 1개월초과 : 보통예금 금리",없음,1,제한없음,해당없음,,20260820,,202608201500,S,단리,S,정액적립식,24,4,4
030300,저축은행,2026-08-31T05:51:56+00:00,202608,0010526,대한저축은행,310007,정기적금,영업점,"- 만기후 1개월이내 : 가입당시 약정금리와 현재금리 비교 후 낮은 금리

- 만기후 1개월초과 : 보통예금 금리",없음,1,제한없음,해당없음,,20260820,,202608201500,S,단리,F,자유적립식,36,2,2
030300,저축은행,2026-08-31T05:51:56+00:00,202608,0010526,대한저축은행,310007,정기적금,영업점,"- 만기후 1개월이내 : 가입당시 약정금리와 현재금리 비교 후 낮은 금리

- 만기후 1개월초과 : 보통예금 금리",없음,1,제한없음,해당없음,,20260820,,202608201500,S,단리,S,정액적립식,36,3.6,3.6
030300,저축은행,2026-08-31T05:51:56+00:00,202608,0010526,대한저축은행,310010,정기적금-인터넷,"인터넷,스마트폰","- 만기후 1개월이내 : 가입당시 약정금리와 현재금리 비교 후 낮은 금리

- 만기후 1개월초과 : 보통예금 금리",없음,1,제한없음,해당없음,,20260820,,202608201500,S,단리,F,자유적립식,6,1.7,1.7
030300,저축은행,2026-08-31T05:51:56+00:00,202608,0010526,대한저축은행,310010,정기적금-인터넷,"인터넷,스마트폰","- 만기후 1개월이내 : 가입당시 약정금리와 현재금리 비교 후 낮은 금리

- 만기후 1개월초과 : 보통예금 금리",없음,1,제한없음,해당없음,,20260820,,202608201500,S,단리,S,정액적립식,6,2.1,2.1
030300,저축은행,2026-08-31T05:51:56+00:00,202608,0010526,대한저축은행,310010,정기적금-인터넷,"인터넷,스마트폰","- 만기후 1개월이내 : 가입당시 약정금리와 현재금리 비교 후 낮은 금리

- 만기후 1개월초과 : 보통예금 금리",없음,1,제한없음,해당없음,,20260820,,202608201500,S,단리,F,자유적립식,12,1.9,1.9
030300,저축은행,2026-08-31T05:51:56+00:00,202608,0010526,대한저축은행,310010,정기적금-인터넷,"인터넷,스마트폰","- 만기후 1개월이내 : 가입당시 약정금리와 현재금리 비교 후 낮은 금리

- 만기후 1개월초과 : 보통예금 금리",없음,1,제한없음,해당없음,,20260820,,202608201500,S,단리,S,정액적립식,12,4,4
030300,저축은행,2026-08-31T05:51:56+00:00,202608,0010526,대한저축은행,310010,정기적금-인터넷,"인터넷,스마트폰","- 만기후 1개월이내 : 가입당시 약정금리와 현재금리 비교 후 낮은 금리

- 만기후 1개월초과 : 보통예금 금리",없음,1,제한없음,해당없음,,20260820,,202608201500,S,단리,F,자유적립식,24,2,2
030300,저축은행,2026-08-31T05:51:56+00:00,202608,0010526,대한저축은행,310010,정기적금-인터넷,"인터넷,스마트폰","- 만기후 1개월이내 : 가입당시 약정금리와 현재금리 비교 후 낮은 금리

- 만기후 1개월초과 : 보통예금 금리",없음,1,제한없음,해당없음,,20260820,,202608201500,S,단리,S,정액적립식,24,4,4
030300,저축은행,2026-08-31T05:51:56+00:00,202608,0010526,대한저축은행,310010,정기적금-인터넷,"인터넷,스마트폰","- 만기후 1개월이내 : 가입당시 약정금리와 현재금리 비교 후 낮은 금리

- 만기후 1개월초과 : 보통예금 금리",없음,1,제한없음,해당없음,,20260820,,202608201500,S,단리,F,자유적립식,36,2,2
030300,저축은행,2026-08-31T05:51:56+00:00,202608,0010526,대한저축은행,310010,정기적금-인터넷,"인터넷,스마트폰","- 만기후 1개월이내 : 가입당시 약정금리와 현재금리 비교 후 낮은 금리

- 만기후 1개월초과 : 보통예금 금리",없음,1,제한없음,해당없음,,20260820,,202608201500,S,단리,S,정액적립식,36,3.6,3.6
030300,저축은행,2026-08-31T05:51:56+00:00,202608,0010528,더블저축은행,310011,정기적금,영업점,"*만기경과 1개월이내 : 
- 해당 약정기간 정기적금 현행이율
*만기경과 1개월이후 : 보통예금 이율",없음,1,제한없음,예금자보호한도외 기타사항 없음,,20260820,,202608201500,S,단리,S,정액적립식,6,2.5,2.5
030300,저축은행,2026-08-31T05:51:56+00:00,202608,0010528,더블저축은행,310011,정기적금,영업점,"*만기경과 1개월이내 : 
- 해당 약정기간 정기적금 현행이율
*만기경과 1개월이후 : 보통예금 이율",없음,1,제한없음,예금자보호한도외 기타사항 없음,,20260820,,202608201500,S,단리,S,정액적립식,12,3.8,3.8
030300,저축은행,2026-08-31T05:51:56+00:00,202608,0010528,더블저축은행,310011,정기적금,영업점,"*만기경과 1개월이내 : 
- 해당 약정기간 정기적금 현행이율
*만기경과 1개월이후 : 보통예금 이율",없음,1,제한없음,예금자보호한도외 기타사항 없음,,20260820,,202608201500,S,단리,S,정액적립식,24,3.5,3.5
030300,저축은행,2026-08-31T05:51:56+00:00,202608,0010528,더블저축은행,310011,정기적금,영업점,"*만기경과 1개월이내 : 
- 해당 약정기간 정기적금 현행이율
*만기경과 1개월이후 : 보통예금 이율",없음,1,제한없음,예금자보호한도외 기타사항 없음,,20260820,,202608201500,S,단리,S,정액적립식,36,3.2,3.2
030300,저축은행,2026-08-31T05:51:56+00:00,202608,0010528,더블저축은행,310012,"정기적금(인터넷뱅킹,비대면)",인터넷,"*만기경과 1개월이내 : 
- 해당 약정기간 정기적금 현행이율
*만기경과 1개월이후 : 보통예금 이율",없음,1,제한없음,예금자보호한도외 기타사항 없음,,20260820,,202608201500,S,단리,S,정액적립식,6,2.5,2.5
030300,저축은행,2026-08-31T05:51:56+00:00,202608,0010528,더블저축은행,310012,"정기적금(인터넷뱅킹,비대면)",인터넷,"*만기경과 1개월이내 : 
- 해당 약정기간 정기적금 현행이율
*만기경과 1개월이후 : 보통예금 이율",없음,1,제한없음,예금자보호한도외 기타사항 없음,,20260820,,202608201500,S,단리,S,정액적립식,12,3.8,3.8
030300,저축은행,2026-08-31T05:51:56+00:00,202608,0010528,더블저축은행,310012,"정기적금(인터넷뱅킹,비대면)",인터넷,"*만기경과 1개월이내 : 
- 해당 약정기간 정기적금 현행이율
*만기경과 1개월이후 : 보통예금 이율",없음,1,제한없음,예금자보호한도외 기타사항 없음,,20260820,,202608201500,S,단리,S,정액적립식,24,3.5,3.5
030300,저축은행,2026-08-31T05:51:56+00:00,202608,0010528,더블저축은행,310012,"정기적금(인터넷뱅킹,비대면)",인터넷,"*만기경과 1개월이내 : 
- 해당 약정기간 정기적금 현행이율
*만기경과 1개월이후 : 보통예금 이율",없음,1,제한없음,예금자보호한도외 기타사항 없음,,20260820,,202608201500,S,단리,S,정액적립식,36,3.2,3.2
030300,저축은행,2026-08-31T05:51:56+00:00,202608,0010363,더케이저축은행,310028,e-정기적금,"인터넷,스마트폰","-30일 이내 : 약정금리와 현행 고시금리중 낮은 이율
-30일 이후 : 보통예금 이율",없음,1,제한없음,"-인터넷뱅킹, 스마트폰뱅킹 전용",,20260820,,202608201500,S,단리,S,정액적립식,6,2.1,2.1
030300,저축은행,2026-08-31T05:51:56+00:00,202608,0010363,더케이저축은행,310028,e-정기적금,"인터넷,스마트폰","-30일 이내 : 약정금리와 현행 고시금리중 낮은 이율
-30일 이후 : 보통예금 이율",없음,1,제한없음,"-인터넷뱅킹, 스마트폰뱅킹 전용",,20260820,,202608201500,S,단리,S,정액적립식,12,3.2,3.2
030300,저축은행,2026-08-31T05:51:56+00:00,202608,0010363,더케이저축은행,310028,e-정기적금,"인터넷,스마트폰","-30일 이내 : 약정금리와 현행 고시금리중 낮은 이율
-30일 이후 : 보통예금 이율",없음,1,제한없음,"-인터넷뱅킹, 스마트폰뱅킹 전용",,20260820,,202608201500,S,단리,S,정액적립식,24,3.3,3.3
030300,저축은행,2026-08-31T05:51:56+00:00,202608,0010363,더케이저축은행,310028,e-정기적금,"인터넷,스마트폰","-30일 이내 : 약정금리와 현행 고시금리중 낮은 이율
-30일 이후 : 보통예금 이율",없음,1,제한없음,"-인터넷뱅킹, 스마트폰뱅킹 전용",,20260820,,202608201500,S,단리,S,정액적립식,36,3.4,3.4
030300,저축은행,2026-08-31T05:51:56+00:00,202608,0010363,더케이저축은행,310027,정기적금,"영업점,인터넷,스마트폰","-30일 이내 : 약정금리와 현행 고시금리중 낮은 이율
-30일 이후 : 보통예금 이율",없음,1,제한없음,없음,,20260820,,202608201500,S,단리,S,정액적립식,6,2.1,2.1
030300,저축은행,2026-08-31T05:51:56+00:00,202608,0010363,더케이저축은행,310027,정기적금,"영업점,인터넷,스마트폰","-30일 이내 : 약정금리와 현행 고시금리중 낮은 이율
-30일 이후 : 보통예금 이율",없음,1,제한없음,없음,,20260820,,202608201500,S,단리,S,정액적립식,12,3.1,3.1
030300,저축은행,2026-08-31T05:51:56+00:00,202608,0010363,더케이저축은행,310027,정기적금,"영업점,인터넷,스마트폰","-30일 이내 : 약정금리와 현행 고시금리중 낮은 이율
-30일 이후 : 보통예금 이율",없음,1,제한없음,없음,,20260820,,202608201500,S,단리,S,정액적립식,24,3.2,3.2
030300,저축은행,2026-08-31T05:51:56+00:00,202608,0010363,더케이저축은행,310027,정기적금,"영업점,인터넷,스마트폰","-30일 이내 : 약정금리와 현행 고시금리중 낮은 이율
-30일 이후 : 보통예금 이율",없음,1,제한없음,없음,,20260820,,202608201500,S,단리,S,정액적립식,36,3.3,3.3
030300,저축은행,2026-08-31T05:51:56+00:00,202608,0010527,동양저축은행,310006,정기적금,영업점,"1개월내: 가입 당시 이율과 만기시점 해당 계약기간 이율과 비교하여 낮은 금리적용
1개월후: 보통예금 금리와 동일",없음,1,제한없음,없음,,20260820,,202608201500,M,복리,S,정액적립식,6,2.5,2.5
030300,저축은행,2026-08-31T05:51:56+00:00,202608,0010527,동양저축은행,310006,정기적금,영업점,"1개월내: 가입 당시 이율과 만기시점 해당 계약기간 이율과 비교하여 낮은 금리적용
1개월후: 보통예금 금리와 동일",없음,1,제한없음,없음,,20260820,,202608201500,S,단리,S,정액적립식,6,2.5,2.5
030300,저축은행,2026-08-31T05:51:56+00:00,202608,0010527,동양저축은행,310006,정기적금,영업점,"1개월내: 가입 당시 이율과 만기시점 해당 계약기간 이율과 비교하여 낮은 금리적용
1개월후: 보통예금 금리와 동일",없음,1,제한없음,없음,,20260820,,202608201500,M,복리,S,정액적립식,12,3.8,3.8
030300,저축은행,2026-08-31T05:51:56+00:00,202608,0010527,동양저축은행,310006,정기적금,영업점,"1개월내: 가입 당시 이율과 만기시점 해당 계약기간 이율과 비교하여 낮은 금리적용
1개월후: 보통예금 금리와 동일",없음,1,제한없음,없음,,20260820,,202608201500,S,단리,S,정액적립식,12,3.8,3.8
030300,저축은행,2026-08-31T05:51:56+00:00,202608,0010527,동양저축은행,310006,정기적금,영업점,"1개월내: 가입 당시 이율과 만기시점 해당 계약기간 이율과 비교하여 낮은 금리적용
1개월후: 보통예금 금리와 동일",없음,1,제한없음,없음,,20260820,,202608201500,M,복리,S,정액적립식,24,3.6,3.6
030300,저축은행,2026-08-31T05:51:56+00:00,202608,0010527,동양저축은행,310006,정기적금,영업점,"1개월내: 가입 당시 이율과 만기시점 해당 계약기간 이율과 비교하여 낮은 금리적용
1개월후: 보통예금 금리와 동일",없음,1,제한없음,없음,,20260820,,202608201500,S,단리,S,정액적립식,24,3.6,3.6
030300,저축은행,2026-08-31T05:51:56+00:00,202608,0010527,동양저축은행,310006,정기적금,영업점,"1개월내: 가입 당시 이율과 만기시점 해당 계약기간 이율과 비교하여 낮은 금리적용
1개월후: 보통예금 금리와 동일",없음,1,제한없음,없음,,20260820,,202608201500,M,복리,S,정액적립식,36,3.3,3.3
030300,저축은행,2026-08-31T05:51:56+00:00,202608,0010527,동양저축은행,310006,정기적금,영업점,"1개월내: 가입 당시 이율과 만기시점 해당 계약기간 이율과 비교하여 낮은 금리적용
1개월후: 보통예금 금리와 동일",없음,1,제한없음,없음,,20260820,,202608201500,S,단리,S,정액적립식,36,3.3,3.3
030300,저축은행,2026-08-31T05:51:56+00:00,202608,0010527,동양저축은행,310007,"정기적금(비대면,인터넷뱅킹,스마트폰뱅킹)","인터넷,스마트폰","1개월내: 가입 당시 이율과 만기시점 해당 계약기간 이율과 비교하여 낮은 금리적용
1개월후: 보통예금 금리와 동일",없음,1,제한없음,없음,,20260820,,202608201500,S,단리,S,정액적립식,6,2.5,2.5
030300,저축은행,2026-08-31T05:51:56+00:00,202608,0010527,동양저축은행,310007,"정기적금(비대면,인터넷뱅킹,스마트폰뱅킹)","인터넷,스마트폰","1개월내: 가입 당시 이율과 만기시점 해당 계약기간 이율과 비교하여 낮은 금리적용
1개월후: 보통예금 금리와 동일",없음,1,제한없음,없음,,20260820,,202608201500,M,복리,S,정액적립식,6,2.5,2.5
030300,저축은행,2026-08-31T05:51:56+00:00,202608,0010527,동양저축은행,310007,"정기적금(비대면,인터넷뱅킹,스마트폰뱅킹)","인터넷,스마트폰","1개월내: 가입 당시 이율과 만기시점 해당 계약기간 이율과 비교하여 낮은 금리적용
1개월후: 보통예금 금리와 동일",없음,1,제한없음,없음,,20260820,,202608201500,S,단리,S,정액적립식,12,3.8,3.8
030300,저축은행,2026-08-31T05:51:56+00:00,202608,0010527,동양저축은행,310007,"정기적금(비대면,인터넷뱅킹,스마트폰뱅킹)","인터넷,스마트폰","1개월내: 가입 당시 이율과 만기시점 해당 계약기간 이율과 비교하여 낮은 금리적용
1개월후: 보통예금 금리와 동일",없음,1,제한없음,없음,,20260820,,202608201500,M,복리,S,정액적립식,12,3.8,3.8
030300,저축은행,2026-08-31T05:51:56+00:00,202608,0010527,동양저축은행,310007,"정기적금(비대면,인터넷뱅킹,스마트폰뱅킹)","인터넷,스마트폰","1개월내: 가입 당시 이율과 만기시점 해당 계약기간 이율과 비교하여 낮은 금리적용
1개월후: 보통예금 금리와 동일",없음,1,제한없음,없음,,20260820,,202608201500,S,단리,S,정액적립식,24,3.6,3.6
030300,저축은행,2026-08-31T05:51:56+00:00,202608,0010527,동양저축은행,310007,"정기적금(비대면,인터넷뱅킹,스마트폰뱅킹)","인터넷,스마트폰","1개월내: 가입 당시 이율과 만기시점 해당 계약기간 이율과 비교하여 낮은 금리적용
1개월후: 보통예금 금리와 동일",없음,1,제한없음,없음,,20260820,,202608201500,M,복리,S,정액적립식,24,3.6,3.6
030300,저축은행,2026-08-31T05:51:56+00:00,202608,0010527,동양저축은행,310007,"정기적금(비대면,인터넷뱅킹,스마트폰뱅킹)","인터넷,스마트폰","1개월내: 가입 당시 이율과 만기시점 해당 계약기간 이율과 비교하여 낮은 금리적용
1개월후: 보통예금 금리와 동일",없음,1,제한없음,없음,,20260820,,202608201500,S,단리,S,정액적립식,36,3.3,3.3
030300,저축은행,2026-08-31T05:51:56+00:00,202608,0010527,동양저축은행,310007,"정기적금(비대면,인터넷뱅킹,스마트폰뱅킹)","인터넷,스마트폰","1개월내: 가입 당시 이율과 만기시점 해당 계약기간 이율과 비교하여 낮은 금리적용
1개월후: 보통예금 금리와 동일",없음,1,제한없음,없음,,20260820,,202608201500,M,복리,S,정액적립식,36,3.3,3.3
030300,저축은행,2026-08-31T05:51:56+00:00,202608,0010574,동원제일저축은행,310004,정기적금,영업점,-만기 후 1개월 까지: 최종약정이율과 현재이율 중 낮은금리 적용 -만기 후 1개월 초과: 보통예금 금리 적용,없음,1,제한없음,없음,,20260820,,202608201500,S,단리,S,정액적립식,6,3,3
030300,저축은행,2026-08-31T05:51:56+00:00,202608,0010574,동원제일저축은행,310004,정기적금,영업점,-만기 후 1개월 까지: 최종약정이율과 현재이율 중 낮은금리 적용 -만기 후 1개월 초과: 보통예금 금리 적용,없음,1,제한없음,없음,,20260820,,202608201500,M,복리,S,정액적립식,6,3,3
030300,저축은행,2026-08-31T05:51:56+00:00,202608,0010574,동원제일저축은행,310004,정기적금,영업점,-만기 후 1개월 까지: 최종약정이율과 현재이율 중 낮은금리 적용 -만기 후 1개월 초과: 보통예금 금리 적용,없음,1,제한없음,없음,,20260820,,202608201500,S,단리,S,정액적립식,12,3.7,3.7
030300,저축은행,2026-08-31T05:51:56+00:00,202608,0010574,동원제일저축은행,310004,정기적금,영업점,-만기 후 1개월 까지: 최종약정이율과 현재이율 중 낮은금리 적용 -만기 후 1개월 초과: 보통예금 금리 적용,없음,1,제한없음,없음,,20260820,,202608201500,M,복리,S,정액적립식,12,3.7,3.7
030300,저축은행,2026-08-31T05:51:56+00:00,202608,0010574,동원제일저축은행,310004,정기적금,영업점,-만기 후 1개월 까지: 최종약정이율과 현재이율 중 낮은금리 적용 -만기 후 1개월 초과: 보통예금 금리 적용,없음,1,제한없음,없음,,20260820,,202608201500,S,단리,S,정액적립식,24,3.7,3.7
030300,저축은행,2026-08-31T05:51:56+00:00,202608,0010574,동원제일저축은행,310004,정기적금,영업점,-만기 후 1개월 까지: 최종약정이율과 현재이율 중 낮은금리 적용 -만기 후 1개월 초과: 보통예금 금리 적용,없음,1,제한없음,없음,,20260820,,202608201500,M,복리,S,정액적립식,24,3.7,3.7
030300,저축은행,2026-08-31T05:51:56+00:00,202608,0010574,동원제일저축은행,310004,정기적금,영업점,-만기 후 1개월 까지: 최종약정이율과 현재이율 중 낮은금리 적용 -만기 후 1개월 초과: 보통예금 금리 적용,없음,1,제한없음,없음,,20260820,,202608201500,S,단리,S,정액적립식,36,3.7,3.7
030300,저축은행,2026-08-31T05:51:56+00:00,202608,0010574,동원제일저축은행,310004,정기적금,영업점,-만기 후 1개월 까지: 최종약정이율과 현재이율 중 낮은금리 적용 -만기 후 1개월 초과: 보통예금 금리 적용,없음,1,제한없음,없음,,20260820,,202608201500,M,복리,S,정액적립식,36,3.7,3.7
030300,저축은행,2026-08-31T05:51:56+00:00,202608,0010574,동원제일저축은행,310005,정기적금(비대면),"인터넷,스마트폰",-만기 후 1개월 까지: 최종약정이율과 현재이율 중 낮은금리 적용 -만기 후 1개월 초과: 보통예금 금리 적용,없음,1,제한없음,월 최대 불입금: 100만원,1000000,20260820,,202608201500,S,단리,S,정액적립식,6,3,3
030300,저축은행,2026-08-31T05:51:56+00:00,202608,0010574,동원제일저축은행,310005,정기적금(비대면),"인터넷,스마트폰",-만기 후 1개월 까지: 최종약정이율과 현재이율 중 낮은금리 적용 -만기 후 1개월 초과: 보통예금 금리 적용,없음,1,제한없음,월 최대 불입금: 100만원,1000000,20260820,,202608201500,M,복리,S,정액적립식,6,3,3
030300,저축은행,2026-08-31T05:51:56+00:00,202608,0010574,동원제일저축은행,310005,정기적금(비대면),"인터넷,스마트폰",-만기 후 1개월 까지: 최종약정이율과 현재이율 중 낮은금리 적용 -만기 후 1개월 초과: 보통예금 금리 적용,없음,1,제한없음,월 최대 불입금: 100만원,1000000,20260820,,202608201500,S,단리,S,정액적립식,12,3,3
030300,저축은행,2026-08-31T05:51:56+00:00,202608,0010574,동원제일저축은행,310005,정기적금(비대면),"인터넷,스마트폰",-만기 후 1개월 까지: 최종약정이율과 현재이율 중 낮은금리 적용 -만기 후 1개월 초과: 보통예금 금리 적용,없음,1,제한없음,월 최대 불입금: 100만원,1000000,20260820,,202608201500,M,복리,S,정액적립식,12,3,3
030300,저축은행,2026-08-31T05:51:56+00:00,202608,0010574,동원제일저축은행,310005,정기적금(비대면),"인터넷,스마트폰",-만기 후 1개월 까지: 최종약정이율과 현재이율 중 낮은금리 적용 -만기 후 1개월 초과: 보통예금 금리 적용,없음,1,제한없음,월 최대 불입금: 100만원,1000000,20260820,,202608201500,S,단리,S,정액적립식,24,3,3
030300,저축은행,2026-08-31T05:51:56+00:00,202608,0010574,동원제일저축은행,310005,정기적금(비대면),"인터넷,스마트폰",-만기 후 1개월 까지: 최종약정이율과 현재이율 중 낮은금리 적용 -만기 후 1개월 초과: 보통예금 금리 적용,없음,1,제한없음,월 최대 불입금: 100만원,1000000,20260820,,202608201500,M,복리,S,정액적립식,24,3,3
030300,저축은행,2026-08-31T05:51:56+00:00,202608,0010574,동원제일저축은행,310005,정기적금(비대면),"인터넷,스마트폰",-만기 후 1개월 까지: 최종약정이율과 현재이율 중 낮은금리 적용 -만기 후 1개월 초과: 보통예금 금리 적용,없음,1,제한없음,월 최대 불입금: 100만원,1000000,20260820,,202608201500,S,단리,S,정액적립식,36,3,3
030300,저축은행,2026-08-31T05:51:56+00:00,202608,0010574,동원제일저축은행,310005,정기적금(비대면),"인터넷,스마트폰",-만기 후 1개월 까지: 최종약정이율과 현재이율 중 낮은금리 적용 -만기 후 1개월 초과: 보통예금 금리 적용,없음,1,제한없음,월 최대 불입금: 100만원,1000000,20260820,,202608201500,M,복리,S,정액적립식,36,3,3
030300,저축은행,2026-08-31T05:51:56+00:00,202608,0010551,드림저축은행,310012,인터넷정기적금,인터넷,"-1개월 이내: 공시이율과 
약정이율 중 낮은 이율
-1개월 초과: 보통예금 금리",-,1,-제한없음,-인터넷 전용,,20260820,,202608201500,S,단리,F,자유적립식,1,1.5,1.5
030300,저축은행,2026-08-31T05:51:56+00:00,202608,0010551,드림저축은행,310012,인터넷정기적금,인터넷,"-1개월 이내: 공시이율과 
약정이율 중 낮은 이율
-1개월 초과: 보통예금 금리",-,1,-제한없음,-인터넷 전용,,20260820,,202608201500,M,복리,F,자유적립식,1,1.5,1.5
030300,저축은행,2026-08-31T05:51:56+00:00,202608,0010551,드림저축은행,310012,인터넷정기적금,인터넷,"-1개월 이내: 공시이율과 
약정이율 중 낮은 이율
-1개월 초과: 보통예금 금리",-,1,-제한없음,-인터넷 전용,,20260820,,202608201500,S,단리,S,정액적립식,1,1.5,1.5
030300,저축은행,2026-08-31T05:51:56+00:00,202608,0010551,드림저축은행,310012,인터넷정기적금,인터넷,"-1개월 이내: 공시이율과 
약정이율 중 낮은 이율
-1개월 초과: 보통예금 금리",-,1,-제한없음,-인터넷 전용,,20260820,,202608201500,M,복리,S,정액적립식,1,1.5,1.5
030300,저축은행,2026-08-31T05:51:56+00:00,202608,0010551,드림저축은행,310012,인터넷정기적금,인터넷,"-1개월 이내: 공시이율과 
약정이율 중 낮은 이율
-1개월 초과: 보통예금 금리",-,1,-제한없음,-인터넷 전용,,20260820,,202608201500,S,단리,F,자유적립식,3,2.5,2.5
030300,저축은행,2026-08-31T05:51:56+00:00,202608,0010551,드림저축은행,310012,인터넷정기적금,인터넷,"-1개월 이내: 공시이율과 
약정이율 중 낮은 이율
-1개월 초과: 보통예금 금리",-,1,-제한없음,-인터넷 전용,,20260820,,202608201500,M,복리,F,자유적립식,3,2.5,2.5
030300,저축은행,2026-08-31T05:51:56+00:00,202608,0010551,드림저축은행,310012,인터넷정기적금,인터넷,"-1개월 이내: 공시이율과 
약정이율 중 낮은 이율
-1개월 초과: 보통예금 금리",-,1,-제한없음,-인터넷 전용,,20260820,,202608201500,S,단리,S,정액적립식,3,2.5,2.5
030300,저축은행,2026-08-31T05:51:56+00:00,202608,0010551,드림저축은행,310012,인터넷정기적금,인터넷,"-1개월 이내: 공시이율과 
약정이율 중 낮은 이율
-1개월 초과: 보통예금 금리",-,1,-제한없음,-인터넷 전용,,20260820,,202608201500,M,복리,S,정액적립식,3,2.5,2.5
030300,저축은행,2026-08-31T05:51:56+00:00,202608,0010551,드림저축은행,310012,인터넷정기적금,인터넷,"-1개월 이내: 공시이율과 
약정이율 중 낮은 이율
-1개월 초과: 보통예금 금리",-,1,-제한없음,-인터넷 전용,,20260820,,202608201500,S,단리,F,자유적립식,6,3,3
030300,저축은행,2026-08-31T05:51:56+00:00,202608,0010551,드림저축은행,310012,인터넷정기적금,인터넷,"-1개월 이내: 공시이율과 
약정이율 중 낮은 이율
-1개월 초과: 보통예금 금리",-,1,-제한없음,-인터넷 전용,,20260820,,202608201500,M,복리,F,자유적립식,6,3,3
030300,저축은행,2026-08-31T05:51:56+00:00,202608,0010551,드림저축은행,310012,인터넷정기적금,인터넷,"-1개월 이내: 공시이율과 
약정이율 중 낮은 이율
-1개월 초과: 보통예금 금리",-,1,-제한없음,-인터넷 전용,,20260820,,202608201500,S,단리,S,정액적립식,6,3,3
030300,저축은행,2026-08-31T05:51:56+00:00,202608,0010551,드림저축은행,310012,인터넷정기적금,인터넷,"-1개월 이내: 공시이율과 
약정이율 중 낮은 이율
-1개월 초과: 보통예금 금리",-,1,-제한없음,-인터넷 전용,,20260820,,202608201500,M,복리,S,정액적립식,6,3,3
030300,저축은행,2026-08-31T05:51:56+00:00,202608,0010551,드림저축은행,310012,인터넷정기적금,인터넷,"-1개월 이내: 공시이율과 
약정이율 중 낮은 이율
-1개월 초과: 보통예금 금리",-,1,-제한없음,-인터넷 전용,,20260820,,202608201500,S,단리,F,자유적립식,12,4,4
030300,저축은행,2026-08-31T05:51:56+00:00,202608,0010551,드림저축은행,310012,인터넷정기적금,인터넷,"-1개월 이내: 공시이율과 
약정이율 중 낮은 이율
-1개월 초과: 보통예금 금리",-,1,-제한없음,-인터넷 전용,,20260820,,202608201500,M,복리,F,자유적립식,12,4,4
030300,저축은행,2026-08-31T05:51:56+00:00,202608,0010551,드림저축은행,310012,인터넷정기적금,인터넷,"-1개월 이내: 공시이율과 
약정이율 중 낮은 이율
-1개월 초과: 보통예금 금리",-,1,-제한없음,-인터넷 전용,,20260820,,202608201500,S,단리,S,정액적립식,12,4,4
030300,저축은행,2026-08-31T05:51:56+00:00,202608,0010551,드림저축은행,310012,인터넷정기적금,인터넷,"-1개월 이내: 공시이율과 
약정이율 중 낮은 이율
-1개월 초과: 보통예금 금리",-,1,-제한없음,-인터넷 전용,,20260820,,202608201500,M,복리,S,정액적립식,12,4,4
030300,저축은행,2026-08-31T05:51:56+00:00,202608,0010551,드림저축은행,310012,인터넷정기적금,인터넷,"-1개월 이내: 공시이율과 
약정이율 중 낮은 이율
-1개월 초과: 보통예금 금리",-,1,-제한없음,-인터넷 전용,,20260820,,202608201500,S,단리,F,자유적립식,24,4,4
030300,저축은행,2026-08-31T05:51:56+00:00,202608,0010551,드림저축은행,310012,인터넷정기적금,인터넷,"-1개월 이내: 공시이율과 
약정이율 중 낮은 이율
-1개월 초과: 보통예금 금리",-,1,-제한없음,-인터넷 전용,,20260820,,202608201500,M,복리,F,자유적립식,24,4,4
030300,저축은행,2026-08-31T05:51:56+00:00,202608,0010551,드림저축은행,310012,인터넷정기적금,인터넷,"-1개월 이내: 공시이율과 
약정이율 중 낮은 이율
-1개월 초과: 보통예금 금리",-,1,-제한없음,-인터넷 전용,,20260820,,202608201500,S,단리,S,정액적립식,24,4,4
030300,저축은행,2026-08-31T05:51:56+00:00,202608,0010551,드림저축은행,310012,인터넷정기적금,인터넷,"-1개월 이내: 공시이율과 
약정이율 중 낮은 이율
-1개월 초과: 보통예금 금리",-,1,-제한없음,-인터넷 전용,,20260820,,202608201500,M,복리,S,정액적립식,24,4,4
030300,저축은행,2026-08-31T05:51:56+00:00,202608,0010551,드림저축은행,310012,인터넷정기적금,인터넷,"-1개월 이내: 공시이율과 
약정이율 중 낮은 이율
-1개월 초과: 보통예금 금리",-,1,-제한없음,-인터넷 전용,,20260820,,202608201500,S,단리,F,자유적립식,36,3.5,3.5
030300,저축은행,2026-08-31T05:51:56+00:00,202608,0010551,드림저축은행,310012,인터넷정기적금,인터넷,"-1개월 이내: 공시이율과 
약정이율 중 낮은 이율
-1개월 초과: 보통예금 금리",-,1,-제한없음,-인터넷 전용,,20260820,,202608201500,M,복리,F,자유적립식,36,3.5,3.5
030300,저축은행,2026-08-31T05:51:56+00:00,202608,0010551,드림저축은행,310012,인터넷정기적금,인터넷,"-1개월 이내: 공시이율과 
약정이율 중 낮은 이율
-1개월 초과: 보통예금 금리",-,1,-제한없음,-인터넷 전용,,20260820,,202608201500,S,단리,S,정액적립식,36,3.5,3.5
030300,저축은행,2026-08-31T05:51:56+00:00,202608,0010551,드림저축은행,310012,인터넷정기적금,인터넷,"-1개월 이내: 공시이율과 
약정이율 중 낮은 이율
-1개월 초과: 보통예금 금리",-,1,-제한없음,-인터넷 전용,,20260820,,202608201500,M,복리,S,정액적립식,36,3.5,3.5
030300,저축은행,2026-08-31T05:51:56+00:00,202608,0010551,드림저축은행,310020,정기적금,영업점,"-1개월 이내: 공시이율과 
약정이율 중 낮은 이율
-1개월 초과: 보통예금 금리",-,1,-제한없음,-창구방문,,20260820,,202608201500,S,단리,F,자유적립식,1,1.5,1.5
030300,저축은행,2026-08-31T05:51:56+00:00,202608,0010551,드림저축은행,310020,정기적금,영업점,"-1개월 이내: 공시이율과 
약정이율 중 낮은 이율
-1개월 초과: 보통예금 금리",-,1,-제한없음,-창구방문,,20260820,,202608201500,M,복리,F,자유적립식,1,1.5,1.5
030300,저축은행,2026-08-31T05:51:56+00:00,202608,0010551,드림저축은행,310020,정기적금,영업점,"-1개월 이내: 공시이율과 
약정이율 중 낮은 이율
-1개월 초과: 보통예금 금리",-,1,-제한없음,-창구방문,,20260820,,202608201500,S,단리,S,정액적립식,1,1.5,1.5
030300,저축은행,2026-08-31T05:51:56+00:00,202608,0010551,드림저축은행,310020,정기적금,영업점,"-1개월 이내: 공시이율과 
약정이율 중 낮은 이율
-1개월 초과: 보통예금 금리",-,1,-제한없음,-창구방문,,20260820,,202608201500,M,복리,S,정액적립식,1,1.5,1.5
030300,저축은행,2026-08-31T05:51:56+00:00,202608,0010551,드림저축은행,310020,정기적금,영업점,"-1개월 이내: 공시이율과 
약정이율 중 낮은 이율
-1개월 초과: 보통예금 금리",-,1,-제한없음,-창구방문,,20260820,,202608201500,S,단리,F,자유적립식,3,2.5,2.5
030300,저축은행,2026-08-31T05:51:56+00:00,202608,0010551,드림저축은행,310020,정기적금,영업점,"-1개월 이내: 공시이율과 
약정이율 중 낮은 이율
-1개월 초과: 보통예금 금리",-,1,-제한없음,-창구방문,,20260820,,202608201500,M,복리,F,자유적립식,3,2.5,2.5
030300,저축은행,2026-08-31T05:51:56+00:00,202608,0010551,드림저축은행,310020,정기적금,영업점,"-1개월 이내: 공시이율과 
약정이율 중 낮은 이율
-1개월 초과: 보통예금 금리",-,1,-제한없음,-창구방문,,20260820,,202608201500,S,단리,S,정액적립식,3,2.5,2.5
030300,저축은행,2026-08-31T05:51:56+00:00,202608,0010551,드림저축은행,310020,정기적금,영업점,"-1개월 이내: 공시이율과 
약정이율 중 낮은 이율
-1개월 초과: 보통예금 금리",-,1,-제한없음,-창구방문,,20260820,,202608201500,M,복리,S,정액적립식,3,2.5,2.5
030300,저축은행,2026-08-31T05:51:56+00:00,202608,0010551,드림저축은행,310020,정기적금,영업점,"-1개월 이내: 공시이율과 
약정이율 중 낮은 이율
-1개월 초과: 보통예금 금리",-,1,-제한없음,-창구방문,,20260820,,202608201500,S,단리,F,자유적립식,6,3,3
030300,저축은행,2026-08-31T05:51:56+00:00,202608,0010551,드림저축은행,310020,정기적금,영업점,"-1개월 이내: 공시이율과 
약정이율 중 낮은 이율
-1개월 초과: 보통예금 금리",-,1,-제한없음,-창구방문,,20260820,,202608201500,M,복리,F,자유적립식,6,3,3
030300,저축은행,2026-08-31T05:51:56+00:00,202608,0010551,드림저축은행,310020,정기적금,영업점,"-1개월 이내: 공시이율과 
약정이율 중 낮은 이율
-1개월 초과: 보통예금 금리",-,1,-제한없음,-창구방문,,20260820,,202608201500,S,단리,S,정액적립식,6,3,3
030300,저축은행,2026-08-31T05:51:56+00:00,202608,0010551,드림저축은행,310020,정기적금,영업점,"-1개월 이내: 공시이율과 
약정이율 중 낮은 이율
-1개월 초과: 보통예금 금리",-,1,-제한없음,-창구방문,,20260820,,202608201500,M,복리,S,정액적립식,6,3,3
030300,저축은행,2026-08-31T05:51:56+00:00,202608,0010551,드림저축은행,310020,정기적금,영업점,"-1개월 이내: 공시이율과 
약정이율 중 낮은 이율
-1개월 초과: 보통예금 금리",-,1,-제한없음,-창구방문,,20260820,,202608201500,S,단리,F,자유적립식,12,4,4
030300,저축은행,2026-08-31T05:51:56+00:00,202608,0010551,드림저축은행,310020,정기적금,영업점,"-1개월 이내: 공시이율과 
약정이율 중 낮은 이율
-1개월 초과: 보통예금 금리",-,1,-제한없음,-창구방문,,20260820,,202608201500,M,복리,F,자유적립식,12,4,4
030300,저축은행,2026-08-31T05:51:56+00:00,202608,0010551,드림저축은행,310020,정기적금,영업점,"-1개월 이내: 공시이율과 
약정이율 중 낮은 이율
-1개월 초과: 보통예금 금리",-,1,-제한없음,-창구방문,,20260820,,202608201500,S,단리,S,정액적립식,12,4,4
030300,저축은행,2026-08-31T05:51:56+00:00,202608,0010551,드림저축은행,310020,정기적금,영업점,"-1개월 이내: 공시이율과 
약정이율 중 낮은 이율
-1개월 초과: 보통예금 금리",-,1,-제한없음,-창구방문,,20260820,,202608201500,M,복리,S,정액적립식,12,4,4
030300,저축은행,2026-08-31T05:51:56+00:00,202608,0010551,드림저축은행,310020,정기적금,영업점,"-1개월 이내: 공시이율과 
약정이율 중 낮은 이율
-1개월 초과: 보통예금 금리",-,1,-제한없음,-창구방문,,20260820,,202608201500,S,단리,F,자유적립식,24,4,4
030300,저축은행,2026-08-31T05:51:56+00:00,202608,0010551,드림저축은행,310020,정기적금,영업점,"-1개월 이내: 공시이율과 
약정이율 중 낮은 이율
-1개월 초과: 보통예금 금리",-,1,-제한없음,-창구방문,,20260820,,202608201500,M,복리,F,자유적립식,24,4,4
030300,저축은행,2026-08-31T05:51:56+00:00,202608,0010551,드림저축은행,310020,정기적금,영업점,"-1개월 이내: 공시이율과 
약정이율 중 낮은 이율
-1개월 초과: 보통예금 금리",-,1,-제한없음,-창구방문,,20260820,,202608201500,S,단리,S,정액적립식,24,4,4
030300,저축은행,2026-08-31T05:51:56+00:00,202608,0010551,드림저축은행,310020,정기적금,영업점,"-1개월 이내: 공시이율과 
약정이율 중 낮은 이율
-1개월 초과: 보통예금 금리",-,1,-제한없음,-창구방문,,20260820,,202608201500,M,복리,S,정액적립식,24,4,4
030300,저축은행,2026-08-31T05:51:56+00:00,202608,0010551,드림저축은행,310020,정기적금,영업점,"-1개월 이내: 공시이율과 
약정이율 중 낮은 이율
-1개월 초과: 보통예금 금리",-,1,-제한없음,-창구방문,,20260820,,202608201500,S,단리,F,자유적립식,36,3.5,3.5
030300,저축은행,2026-08-31T05:51:56+00:00,202608,0010551,드림저축은행,310020,정기적금,영업점,"-1개월 이내: 공시이율과 
약정이율 중 낮은 이율
-1개월 초과: 보통예금 금리",-,1,-제한없음,-창구방문,,20260820,,202608201500,M,복리,F,자유적립식,36,3.5,3.5
030300,저축은행,2026-08-31T05:51:56+00:00,202608,0010551,드림저축은행,310020,정기적금,영업점,"-1개월 이내: 공시이율과 
약정이율 중 낮은 이율
-1개월 초과: 보통예금 금리",-,1,-제한없음,-창구방문,,20260820,,202608201500,S,단리,S,정액적립식,36,3.5,3.5
030300,저축은행,2026-08-31T05:51:56+00:00,202608,0010551,드림저축은행,310020,정기적금,영업점,"-1개월 이내: 공시이율과 
약정이율 중 낮은 이율
-1개월 초과: 보통예금 금리",-,1,-제한없음,-창구방문,,20260820,,202608201500,M,복리,S,정액적립식,36,3.5,3.5
030300,저축은행,2026-08-31T05:51:56+00:00,202608,0010551,드림저축은행,310018,톡톡정기적금(비대면),스마트폰,"-1개월 이내: 공시이율과 
약정이율 중 낮은 이율
-1개월 초과: 보통예금 금리",-,1,-제한없음,-스마트폰 전용,,20260820,,202608201500,S,단리,F,자유적립식,1,1.5,1.5
030300,저축은행,2026-08-31T05:51:56+00:00,202608,0010551,드림저축은행,310018,톡톡정기적금(비대면),스마트폰,"-1개월 이내: 공시이율과 
약정이율 중 낮은 이율
-1개월 초과: 보통예금 금리",-,1,-제한없음,-스마트폰 전용,,20260820,,202608201500,M,복리,F,자유적립식,1,1.5,1.5
030300,저축은행,2026-08-31T05:51:56+00:00,202608,0010551,드림저축은행,310018,톡톡정기적금(비대면),스마트폰,"-1개월 이내: 공시이율과 
약정이율 중 낮은 이율
-1개월 초과: 보통예금 금리",-,1,-제한없음,-스마트폰 전용,,20260820,,202608201500,S,단리,S,정액적립식,1,1.5,1.5
030300,저축은행,2026-08-31T05:51:56+00:00,202608,0010551,드림저축은행,310018,톡톡정기적금(비대면),스마트폰,"-1개월 이내: 공시이율과 
약정이율 중 낮은 이율
-1개월 초과: 보통예금 금리",-,1,-제한없음,-스마트폰 전용,,20260820,,202608201500,M,복리,S,정액적립식,1,1.5,1.5
030300,저축은행,2026-08-31T05:51:56+00:00,202608,0010551,드림저축은행,310018,톡톡정기적금(비대면),스마트폰,"-1개월 이내: 공시이율과 
약정이율 중 낮은 이율
-1개월 초과: 보통예금 금리",-,1,-제한없음,-스마트폰 전용,,20260820,,202608201500,S,단리,F,자유적립식,3,2.5,2.5
030300,저축은행,2026-08-31T05:51:56+00:00,202608,0010551,드림저축은행,310018,톡톡정기적금(비대면),스마트폰,"-1개월 이내: 공시이율과 
약정이율 중 낮은 이율
-1개월 초과: 보통예금 금리",-,1,-제한없음,-스마트폰 전용,,20260820,,202608201500,M,복리,F,자유적립식,3,2.5,2.5
030300,저축은행,2026-08-31T05:51:56+00:00,202608,0010551,드림저축은행,310018,톡톡정기적금(비대면),스마트폰,"-1개월 이내: 공시이율과 
약정이율 중 낮은 이율
-1개월 초과: 보통예금 금리",-,1,-제한없음,-스마트폰 전용,,20260820,,202608201500,S,단리,S,정액적립식,3,2.5,2.5
030300,저축은행,2026-08-31T05:51:56+00:00,202608,0010551,드림저축은행,310018,톡톡정기적금(비대면),스마트폰,"-1개월 이내: 공시이율과 
약정이율 중 낮은 이율
-1개월 초과: 보통예금 금리",-,1,-제한없음,-스마트폰 전용,,20260820,,202608201500,M,복리,S,정액적립식,3,2.5,2.5
030300,저축은행,2026-08-31T05:51:56+00:00,202608,0010551,드림저축은행,310018,톡톡정기적금(비대면),스마트폰,"-1개월 이내: 공시이율과 
약정이율 중 낮은 이율
-1개월 초과: 보통예금 금리",-,1,-제한없음,-스마트폰 전용,,20260820,,202608201500,S,단리,F,자유적립식,6,3,3
030300,저축은행,2026-08-31T05:51:56+00:00,202608,0010551,드림저축은행,310018,톡톡정기적금(비대면),스마트폰,"-1개월 이내: 공시이율과 
약정이율 중 낮은 이율
-1개월 초과: 보통예금 금리",-,1,-제한없음,-스마트폰 전용,,20260820,,202608201500,M,복리,F,자유적립식,6,3,3
030300,저축은행,2026-08-31T05:51:56+00:00,202608,0010551,드림저축은행,310018,톡톡정기적금(비대면),스마트폰,"-1개월 이내: 공시이율과 
약정이율 중 낮은 이율
-1개월 초과: 보통예금 금리",-,1,-제한없음,-스마트폰 전용,,20260820,,202608201500,S,단리,S,정액적립식,6,3,3
030300,저축은행,2026-08-31T05:51:56+00:00,202608,0010551,드림저축은행,310018,톡톡정기적금(비대면),스마트폰,"-1개월 이내: 공시이율과 
약정이율 중 낮은 이율
-1개월 초과: 보통예금 금리",-,1,-제한없음,-스마트폰 전용,,20260820,,202608201500,M,복리,S,정액적립식,6,3,3
030300,저축은행,2026-08-31T05:51:56+00:00,202608,0010551,드림저축은행,310018,톡톡정기적금(비대면),스마트폰,"-1개월 이내: 공시이율과 
약정이율 중 낮은 이율
-1개월 초과: 보통예금 금리",-,1,-제한없음,-스마트폰 전용,,20260820,,202608201500,S,단리,F,자유적립식,12,4,4
030300,저축은행,2026-08-31T05:51:56+00:00,202608,0010551,드림저축은행,310018,톡톡정기적금(비대면),스마트폰,"-1개월 이내: 공시이율과 
약정이율 중 낮은 이율
-1개월 초과: 보통예금 금리",-,1,-제한없음,-스마트폰 전용,,20260820,,202608201500,M,복리,F,자유적립식,12,4,4
030300,저축은행,2026-08-31T05:51:56+00:00,202608,0010551,드림저축은행,310018,톡톡정기적금(비대면),스마트폰,"-1개월 이내: 공시이율과 
약정이율 중 낮은 이율
-1개월 초과: 보통예금 금리",-,1,-제한없음,-스마트폰 전용,,20260820,,202608201500,S,단리,S,정액적립식,12,4,4
030300,저축은행,2026-08-31T05:51:56+00:00,202608,0010551,드림저축은행,310018,톡톡정기적금(비대면),스마트폰,"-1개월 이내: 공시이율과 
약정이율 중 낮은 이율
-1개월 초과: 보통예금 금리",-,1,-제한없음,-스마트폰 전용,,20260820,,202608201500,M,복리,S,정액적립식,12,4,4
030300,저축은행,2026-08-31T05:51:56+00:00,202608,0010551,드림저축은행,310018,톡톡정기적금(비대면),스마트폰,"-1개월 이내: 공시이율과 
약정이율 중 낮은 이율
-1개월 초과: 보통예금 금리",-,1,-제한없음,-스마트폰 전용,,20260820,,202608201500,S,단리,F,자유적립식,24,4,4
030300,저축은행,2026-08-31T05:51:56+00:00,202608,0010551,드림저축은행,310018,톡톡정기적금(비대면),스마트폰,"-1개월 이내: 공시이율과 
약정이율 중 낮은 이율
-1개월 초과: 보통예금 금리",-,1,-제한없음,-스마트폰 전용,,20260820,,202608201500,M,복리,F,자유적립식,24,4,4
030300,저축은행,2026-08-31T05:51:56+00:00,202608,0010551,드림저축은행,310018,톡톡정기적금(비대면),스마트폰,"-1개월 이내: 공시이율과 
약정이율 중 낮은 이율
-1개월 초과: 보통예금 금리",-,1,-제한없음,-스마트폰 전용,,20260820,,202608201500,S,단리,S,정액적립식,24,4,4
030300,저축은행,2026-08-31T05:51:56+00:00,202608,0010551,드림저축은행,310018,톡톡정기적금(비대면),스마트폰,"-1개월 이내: 공시이율과 
약정이율 중 낮은 이율
-1개월 초과: 보통예금 금리",-,1,-제한없음,-스마트폰 전용,,20260820,,202608201500,M,복리,S,정액적립식,24,4,4
030300,저축은행,2026-08-31T05:51:56+00:00,202608,0010551,드림저축은행,310018,톡톡정기적금(비대면),스마트폰,"-1개월 이내: 공시이율과 
약정이율 중 낮은 이율
-1개월 초과: 보통예금 금리",-,1,-제한없음,-스마트폰 전용,,20260820,,202608201500,S,단리,F,자유적립식,36,3.5,3.5
030300,저축은행,2026-08-31T05:51:56+00:00,202608,0010551,드림저축은행,310018,톡톡정기적금(비대면),스마트폰,"-1개월 이내: 공시이율과 
약정이율 중 낮은 이율
-1개월 초과: 보통예금 금리",-,1,-제한없음,-스마트폰 전용,,20260820,,202608201500,M,복리,F,자유적립식,36,3.5,3.5
030300,저축은행,2026-08-31T05:51:56+00:00,202608,0010551,드림저축은행,310018,톡톡정기적금(비대면),스마트폰,"-1개월 이내: 공시이율과 
약정이율 중 낮은 이율
-1개월 초과: 보통예금 금리",-,1,-제한없음,-스마트폰 전용,,20260820,,202608201500,S,단리,S,정액적립식,36,3.5,3.5
030300,저축은행,2026-08-31T05:51:56+00:00,202608,0010551,드림저축은행,310018,톡톡정기적금(비대면),스마트폰,"-1개월 이내: 공시이율과 
약정이율 중 낮은 이율
-1개월 초과: 보통예금 금리",-,1,-제한없음,-스마트폰 전용,,20260820,,202608201500,M,복리,S,정액적립식,36,3.5,3.5
030300,저축은행,2026-08-31T05:51:56+00:00,202608,0010349,디비저축은행,310820,DB행복씨앗적금,영업점,"1개월 이하: 신규 당시 약정이율 또는 만기시점 동일상품 동일계약기간의 신규 고시금리 중 낮은 이율
1개월 초과: 0.1%","*최고우대금리 : 2.0%
1. 목표다짐 선택 +0.5%
2. 해당상품 만기해지 시 +0.5%
3. 당사 마케팅 전체 동의 +0.5%
4. 가입기간 내 결혼, 임신, 출산 중 한 가지 이상 충족 +0.25%
5. 다자녀 가정 +0.25%",1,만19세 이상 실명의 개인,"1. 1인1계좌
2. 가입금액 : 월1만원~50만원이하",500000,20260820,,202608201500,M,복리,S,정액적립식,12,4,6
030300,저축은행,2026-08-31T05:51:56+00:00,202608,0010349,디비저축은행,310820,DB행복씨앗적금,영업점,"1개월 이하: 신규 당시 약정이율 또는 만기시점 동일상품 동일계약기간의 신규 고시금리 중 낮은 이율
1개월 초과: 0.1%","*최고우대금리 : 2.0%
1. 목표다짐 선택 +0.5%
2. 해당상품 만기해지 시 +0.5%
3. 당사 마케팅 전체 동의 +0.5%
4. 가입기간 내 결혼, 임신, 출산 중 한 가지 이상 충족 +0.25%
5. 다자녀 가정 +0.25%",1,만19세 이상 실명의 개인,"1. 1인1계좌
2. 가입금액 : 월1만원~50만원이하",500000,20260820,,202608201500,S,단리,S,정액적립식,12,4,6
030300,저축은행,2026-08-31T05:51:56+00:00,202608,0010349,디비저축은행,310007,E-정기적금,인터넷,"신규가입일 당시 영업점 및 인터넷 홈페이지에 고시한 경과기간별 만기 후 이자율 적용

-1개월 이하 : 신규 당시 약정이율 또는 만기시점 동일상품 동일계약기간의 신규 고시금리 중 낮은 이율
-1개월 초과 : 0.1%","인터넷뱅킹으로 가입 시 기본이율* + 0.1%

*기본이율 : 신규일의 일반 정기적금 고시이율(모든 우대금리 제외)",1,개인 / 개인사업자 / 법인,최소가입금액 : 1만원 이상,,20260820,,202608201500,M,복리,S,정액적립식,6,2.4,2.4
030300,저축은행,2026-08-31T05:51:56+00:00,202608,0010349,디비저축은행,310007,E-정기적금,인터넷,"신규가입일 당시 영업점 및 인터넷 홈페이지에 고시한 경과기간별 만기 후 이자율 적용

-1개월 이하 : 신규 당시 약정이율 또는 만기시점 동일상품 동일계약기간의 신규 고시금리 중 낮은 이율
-1개월 초과 : 0.1%","인터넷뱅킹으로 가입 시 기본이율* + 0.1%

*기본이율 : 신규일의 일반 정기적금 고시이율(모든 우대금리 제외)",1,개인 / 개인사업자 / 법인,최소가입금액 : 1만원 이상,,20260820,,202608201500,S,단리,S,정액적립식,6,2.4,2.4
030300,저축은행,2026-08-31T05:51:56+00:00,202608,0010349,디비저축은행,310007,E-정기적금,인터넷,"신규가입일 당시 영업점 및 인터넷 홈페이지에 고시한 경과기간별 만기 후 이자율 적용

-1개월 이하 : 신규 당시 약정이율 또는 만기시점 동일상품 동일계약기간의 신규 고시금리 중 낮은 이율
-1개월 초과 : 0.1%","인터넷뱅킹으로 가입 시 기본이율* + 0.1%

*기본이율 : 신규일의 일반 정기적금 고시이율(모든 우대금리 제외)",1,개인 / 개인사업자 / 법인,최소가입금액 : 1만원 이상,,20260820,,202608201500,M,복리,S,정액적립식,12,3.6,3.6
030300,저축은행,2026-08-31T05:51:56+00:00,202608,0010349,디비저축은행,310007,E-정기적금,인터넷,"신규가입일 당시 영업점 및 인터넷 홈페이지에 고시한 경과기간별 만기 후 이자율 적용

-1개월 이하 : 신규 당시 약정이율 또는 만기시점 동일상품 동일계약기간의 신규 고시금리 중 낮은 이율
-1개월 초과 : 0.1%","인터넷뱅킹으로 가입 시 기본이율* + 0.1%

*기본이율 : 신규일의 일반 정기적금 고시이율(모든 우대금리 제외)",1,개인 / 개인사업자 / 법인,최소가입금액 : 1만원 이상,,20260820,,202608201500,S,단리,S,정액적립식,12,3.6,3.6
030300,저축은행,2026-08-31T05:51:56+00:00,202608,0010349,디비저축은행,310007,E-정기적금,인터넷,"신규가입일 당시 영업점 및 인터넷 홈페이지에 고시한 경과기간별 만기 후 이자율 적용

-1개월 이하 : 신규 당시 약정이율 또는 만기시점 동일상품 동일계약기간의 신규 고시금리 중 낮은 이율
-1개월 초과 : 0.1%","인터넷뱅킹으로 가입 시 기본이율* + 0.1%

*기본이율 : 신규일의 일반 정기적금 고시이율(모든 우대금리 제외)",1,개인 / 개인사업자 / 법인,최소가입금액 : 1만원 이상,,20260820,,202608201500,M,복리,S,정액적립식,24,3.2,3.2
030300,저축은행,2026-08-31T05:51:56+00:00,202608,0010349,디비저축은행,310007,E-정기적금,인터넷,"신규가입일 당시 영업점 및 인터넷 홈페이지에 고시한 경과기간별 만기 후 이자율 적용

-1개월 이하 : 신규 당시 약정이율 또는 만기시점 동일상품 동일계약기간의 신규 고시금리 중 낮은 이율
-1개월 초과 : 0.1%","인터넷뱅킹으로 가입 시 기본이율* + 0.1%

*기본이율 : 신규일의 일반 정기적금 고시이율(모든 우대금리 제외)",1,개인 / 개인사업자 / 법인,최소가입금액 : 1만원 이상,,20260820,,202608201500,S,단리,S,정액적립식,24,3.2,3.2
030300,저축은행,2026-08-31T05:51:56+00:00,202608,0010349,디비저축은행,310007,E-정기적금,인터넷,"신규가입일 당시 영업점 및 인터넷 홈페이지에 고시한 경과기간별 만기 후 이자율 적용

-1개월 이하 : 신규 당시 약정이율 또는 만기시점 동일상품 동일계약기간의 신규 고시금리 중 낮은 이율
-1개월 초과 : 0.1%","인터넷뱅킹으로 가입 시 기본이율* + 0.1%

*기본이율 : 신규일의 일반 정기적금 고시이율(모든 우대금리 제외)",1,개인 / 개인사업자 / 법인,최소가입금액 : 1만원 이상,,20260820,,202608201500,M,복리,S,정액적립식,36,3.2,3.2
030300,저축은행,2026-08-31T05:51:56+00:00,202608,0010349,디비저축은행,310007,E-정기적금,인터넷,"신규가입일 당시 영업점 및 인터넷 홈페이지에 고시한 경과기간별 만기 후 이자율 적용

-1개월 이하 : 신규 당시 약정이율 또는 만기시점 동일상품 동일계약기간의 신규 고시금리 중 낮은 이율
-1개월 초과 : 0.1%","인터넷뱅킹으로 가입 시 기본이율* + 0.1%

*기본이율 : 신규일의 일반 정기적금 고시이율(모든 우대금리 제외)",1,개인 / 개인사업자 / 법인,최소가입금액 : 1만원 이상,,20260820,,202608201500,S,단리,S,정액적립식,36,3.2,3.2
030300,저축은행,2026-08-31T05:51:56+00:00,202608,0010349,디비저축은행,310821,M-DB행복씨앗적금,스마트폰,"1개월 이하: 신규 당시 약정이율 또는 만기시점 동일상품 동일계약기간의 신규 고시금리 중 낮은 이율
1개월 초과: 0.1%","*최고우대금리 : 2.0%
1. 목표다짐 선택 +0.5%
2. 해당상품 만기해지 시 +0.5%
3. 당사 마케팅 전체 동의 +0.5%
4. 가입기간 내 결혼, 임신, 출산 중 한 가지 이상 충족 +0.25%
5. 다자녀 가정 +0.25%",1,만19세 이상 실명의 개인,"1. 1인1계좌
2. 가입금액 : 월1만원~50만원이하",500000,20260820,,202608201500,M,복리,S,정액적립식,12,4,6
030300,저축은행,2026-08-31T05:51:56+00:00,202608,0010349,디비저축은행,310821,M-DB행복씨앗적금,스마트폰,"1개월 이하: 신규 당시 약정이율 또는 만기시점 동일상품 동일계약기간의 신규 고시금리 중 낮은 이율
1개월 초과: 0.1%","*최고우대금리 : 2.0%
1. 목표다짐 선택 +0.5%
2. 해당상품 만기해지 시 +0.5%
3. 당사 마케팅 전체 동의 +0.5%
4. 가입기간 내 결혼, 임신, 출산 중 한 가지 이상 충족 +0.25%
5. 다자녀 가정 +0.25%",1,만19세 이상 실명의 개인,"1. 1인1계좌
2. 가입금액 : 월1만원~50만원이하",500000,20260820,,202608201500,S,단리,S,정액적립식,12,4,6
030300,저축은행,2026-08-31T05:51:56+00:00,202608,0010349,디비저축은행,0803,M-Dream Big 자유적금 (모바일),스마트폰,"- 1개월 이하: 기본이율
- 1개월 초과: 0.5% 
기본이율: 신규일 당시 고시이율(단, 우대이율 제외)",* 우대이율: 만기 유지시 만기축하 이율 연 0.40% 적용 - 기본이율 3.60% + 우대이율 0.40% ※ 우대이율은 중도해지시에는 적용되지 않습니다. - 자세한 내용은 당사 모바일뱅킹 APP을 통해 확인하여 주시기 바랍니다.,1,만 19세 이상 실명의 개인고객 (1인 1계좌 한정),"- 최소가입금액: 1,000원 이상 
- 한도: 분기당 50만원(연 2백만원) * 분기 예) 1~3월, 4~6월, 7~9월, 10~12월",2000000,20260820,,202608201500,M,복리,F,자유적립식,12,3.6,4
030300,저축은행,2026-08-31T05:51:56+00:00,202608,0010349,디비저축은행,310806,M-정기적금,스마트폰,"신규가입일 당시 영업점 및 인터넷 홈페이지에 고시한 경과기간별 만기 후 이자율 적용

-1개월 이하 : 신규 당시 약정이율 또는 만기시점 동일상품 동일계약기간의 신규 고시금리 중 낮은 이율
-1개월 초과 : 0.1%","모바일뱅킹으로 가입 시 기본이율* + 0.2%

*기본이율 : 신규일의 일반 정기적금 고시이율(모든 우대금리 제외)",1,개인 / 개인사업자,최소가입금액 : 1만원 이상,,20260820,,202608201500,S,단리,S,정액적립식,6,2.5,2.5
030300,저축은행,2026-08-31T05:51:56+00:00,202608,0010349,디비저축은행,310806,M-정기적금,스마트폰,"신규가입일 당시 영업점 및 인터넷 홈페이지에 고시한 경과기간별 만기 후 이자율 적용

-1개월 이하 : 신규 당시 약정이율 또는 만기시점 동일상품 동일계약기간의 신규 고시금리 중 낮은 이율
-1개월 초과 : 0.1%","모바일뱅킹으로 가입 시 기본이율* + 0.2%

*기본이율 : 신규일의 일반 정기적금 고시이율(모든 우대금리 제외)",1,개인 / 개인사업자,최소가입금액 : 1만원 이상,,20260820,,202608201500,M,복리,S,정액적립식,6,2.5,2.5
030300,저축은행,2026-08-31T05:51:56+00:00,202608,0010349,디비저축은행,310806,M-정기적금,스마트폰,"신규가입일 당시 영업점 및 인터넷 홈페이지에 고시한 경과기간별 만기 후 이자율 적용

-1개월 이하 : 신규 당시 약정이율 또는 만기시점 동일상품 동일계약기간의 신규 고시금리 중 낮은 이율
-1개월 초과 : 0.1%","모바일뱅킹으로 가입 시 기본이율* + 0.2%

*기본이율 : 신규일의 일반 정기적금 고시이율(모든 우대금리 제외)",1,개인 / 개인사업자,최소가입금액 : 1만원 이상,,20260820,,202608201500,S,단리,S,정액적립식,12,3.7,3.7
030300,저축은행,2026-08-31T05:51:56+00:00,202608,0010349,디비저축은행,310806,M-정기적금,스마트폰,"신규가입일 당시 영업점 및 인터넷 홈페이지에 고시한 경과기간별 만기 후 이자율 적용

-1개월 이하 : 신규 당시 약정이율 또는 만기시점 동일상품 동일계약기간의 신규 고시금리 중 낮은 이율
-1개월 초과 : 0.1%","모바일뱅킹으로 가입 시 기본이율* + 0.2%

*기본이율 : 신규일의 일반 정기적금 고시이율(모든 우대금리 제외)",1,개인 / 개인사업자,최소가입금액 : 1만원 이상,,20260820,,202608201500,M,복리,S,정액적립식,12,3.7,3.7
030300,저축은행,2026-08-31T05:51:56+00:00,202608,0010349,디비저축은행,310806,M-정기적금,스마트폰,"신규가입일 당시 영업점 및 인터넷 홈페이지에 고시한 경과기간별 만기 후 이자율 적용

-1개월 이하 : 신규 당시 약정이율 또는 만기시점 동일상품 동일계약기간의 신규 고시금리 중 낮은 이율
-1개월 초과 : 0.1%","모바일뱅킹으로 가입 시 기본이율* + 0.2%

*기본이율 : 신규일의 일반 정기적금 고시이율(모든 우대금리 제외)",1,개인 / 개인사업자,최소가입금액 : 1만원 이상,,20260820,,202608201500,S,단리,S,정액적립식,24,3.3,3.3
030300,저축은행,2026-08-31T05:51:56+00:00,202608,0010349,디비저축은행,310806,M-정기적금,스마트폰,"신규가입일 당시 영업점 및 인터넷 홈페이지에 고시한 경과기간별 만기 후 이자율 적용

-1개월 이하 : 신규 당시 약정이율 또는 만기시점 동일상품 동일계약기간의 신규 고시금리 중 낮은 이율
-1개월 초과 : 0.1%","모바일뱅킹으로 가입 시 기본이율* + 0.2%

*기본이율 : 신규일의 일반 정기적금 고시이율(모든 우대금리 제외)",1,개인 / 개인사업자,최소가입금액 : 1만원 이상,,20260820,,202608201500,M,복리,S,정액적립식,24,3.3,3.3
030300,저축은행,2026-08-31T05:51:56+00:00,202608,0010349,디비저축은행,310806,M-정기적금,스마트폰,"신규가입일 당시 영업점 및 인터넷 홈페이지에 고시한 경과기간별 만기 후 이자율 적용

-1개월 이하 : 신규 당시 약정이율 또는 만기시점 동일상품 동일계약기간의 신규 고시금리 중 낮은 이율
-1개월 초과 : 0.1%","모바일뱅킹으로 가입 시 기본이율* + 0.2%

*기본이율 : 신규일의 일반 정기적금 고시이율(모든 우대금리 제외)",1,개인 / 개인사업자,최소가입금액 : 1만원 이상,,20260820,,202608201500,S,단리,S,정액적립식,36,3.3,3.3
030300,저축은행,2026-08-31T05:51:56+00:00,202608,0010349,디비저축은행,310806,M-정기적금,스마트폰,"신규가입일 당시 영업점 및 인터넷 홈페이지에 고시한 경과기간별 만기 후 이자율 적용

-1개월 이하 : 신규 당시 약정이율 또는 만기시점 동일상품 동일계약기간의 신규 고시금리 중 낮은 이율
-1개월 초과 : 0.1%","모바일뱅킹으로 가입 시 기본이율* + 0.2%

*기본이율 : 신규일의 일반 정기적금 고시이율(모든 우대금리 제외)",1,개인 / 개인사업자,최소가입금액 : 1만원 이상,,20260820,,202608201500,M,복리,S,정액적립식,36,3.3,3.3
030300,저축은행,2026-08-31T05:51:56+00:00,202608,0010349,디비저축은행,310000,정기적금,영업점,"신규가입일 당시 영업점 및 인터넷 홈페이지에 고시한 경과기간별 만기 후 이자율 적용

-1개월 이하 : 신규 당시 약정이율 또는 만기시점 동일상품 동일계약기간의 신규 고시금리 중 낮은 이율
-1개월 초과 : 0.1%",해당사항 없음,1,개인 / 개인사업자 / 법인,최소가입금액 : 1만원 이상,,20260820,,202608201500,S,단리,S,정액적립식,6,2.3,2.3
030300,저축은행,2026-08-31T05:51:56+00:00,202608,0010349,디비저축은행,310000,정기적금,영업점,"신규가입일 당시 영업점 및 인터넷 홈페이지에 고시한 경과기간별 만기 후 이자율 적용

-1개월 이하 : 신규 당시 약정이율 또는 만기시점 동일상품 동일계약기간의 신규 고시금리 중 낮은 이율
-1개월 초과 : 0.1%",해당사항 없음,1,개인 / 개인사업자 / 법인,최소가입금액 : 1만원 이상,,20260820,,202608201500,M,복리,S,정액적립식,6,2.3,2.3
030300,저축은행,2026-08-31T05:51:56+00:00,202608,0010349,디비저축은행,310000,정기적금,영업점,"신규가입일 당시 영업점 및 인터넷 홈페이지에 고시한 경과기간별 만기 후 이자율 적용

-1개월 이하 : 신규 당시 약정이율 또는 만기시점 동일상품 동일계약기간의 신규 고시금리 중 낮은 이율
-1개월 초과 : 0.1%",해당사항 없음,1,개인 / 개인사업자 / 법인,최소가입금액 : 1만원 이상,,20260820,,202608201500,S,단리,S,정액적립식,12,3.5,3.5
030300,저축은행,2026-08-31T05:51:56+00:00,202608,0010349,디비저축은행,310000,정기적금,영업점,"신규가입일 당시 영업점 및 인터넷 홈페이지에 고시한 경과기간별 만기 후 이자율 적용

-1개월 이하 : 신규 당시 약정이율 또는 만기시점 동일상품 동일계약기간의 신규 고시금리 중 낮은 이율
-1개월 초과 : 0.1%",해당사항 없음,1,개인 / 개인사업자 / 법인,최소가입금액 : 1만원 이상,,20260820,,202608201500,M,복리,S,정액적립식,12,3.5,3.5
030300,저축은행,2026-08-31T05:51:56+00:00,202608,0010349,디비저축은행,310000,정기적금,영업점,"신규가입일 당시 영업점 및 인터넷 홈페이지에 고시한 경과기간별 만기 후 이자율 적용

-1개월 이하 : 신규 당시 약정이율 또는 만기시점 동일상품 동일계약기간의 신규 고시금리 중 낮은 이율
-1개월 초과 : 0.1%",해당사항 없음,1,개인 / 개인사업자 / 법인,최소가입금액 : 1만원 이상,,20260820,,202608201500,S,단리,S,정액적립식,24,3.1,3.1
030300,저축은행,2026-08-31T05:51:56+00:00,202608,0010349,디비저축은행,310000,정기적금,영업점,"신규가입일 당시 영업점 및 인터넷 홈페이지에 고시한 경과기간별 만기 후 이자율 적용

-1개월 이하 : 신규 당시 약정이율 또는 만기시점 동일상품 동일계약기간의 신규 고시금리 중 낮은 이율
-1개월 초과 : 0.1%",해당사항 없음,1,개인 / 개인사업자 / 법인,최소가입금액 : 1만원 이상,,20260820,,202608201500,M,복리,S,정액적립식,24,3.1,3.1
030300,저축은행,2026-08-31T05:51:56+00:00,202608,0010349,디비저축은행,310000,정기적금,영업점,"신규가입일 당시 영업점 및 인터넷 홈페이지에 고시한 경과기간별 만기 후 이자율 적용

-1개월 이하 : 신규 당시 약정이율 또는 만기시점 동일상품 동일계약기간의 신규 고시금리 중 낮은 이율
-1개월 초과 : 0.1%",해당사항 없음,1,개인 / 개인사업자 / 법인,최소가입금액 : 1만원 이상,,20260820,,202608201500,S,단리,S,정액적립식,36,3.1,3.1
030300,저축은행,2026-08-31T05:51:56+00:00,202608,0010349,디비저축은행,310000,정기적금,영업점,"신규가입일 당시 영업점 및 인터넷 홈페이지에 고시한 경과기간별 만기 후 이자율 적용

-1개월 이하 : 신규 당시 약정이율 또는 만기시점 동일상품 동일계약기간의 신규 고시금리 중 낮은 이율
-1개월 초과 : 0.1%",해당사항 없음,1,개인 / 개인사업자 / 법인,최소가입금액 : 1만원 이상,,20260820,,202608201500,M,복리,S,정액적립식,36,3.1,3.1
030300,저축은행,2026-08-31T05:51:56+00:00,202608,0010550,라온저축은행,310006,정기적금,"영업점,인터넷,스마트폰","1개월이하:당초 약정금리 또는 만기시 동일상품 동일계약기간의 신규 약정금리 중 낮은이율
1개월초과:보통예금이율",-,1,제한없음,최소금액 1만원이상,1000000000,20260820,,202608201500,S,단리,S,정액적립식,6,1.7,1.7
030300,저축은행,2026-08-31T05:51:56+00:00,202608,0010550,라온저축은행,310006,정기적금,"영업점,인터넷,스마트폰","1개월이하:당초 약정금리 또는 만기시 동일상품 동일계약기간의 신규 약정금리 중 낮은이율
1개월초과:보통예금이율",-,1,제한없음,최소금액 1만원이상,1000000000,20260820,,202608201500,S,단리,S,정액적립식,12,3.8,3.8
030300,저축은행,2026-08-31T05:51:56+00:00,202608,0010550,라온저축은행,310006,정기적금,"영업점,인터넷,스마트폰","1개월이하:당초 약정금리 또는 만기시 동일상품 동일계약기간의 신규 약정금리 중 낮은이율
1개월초과:보통예금이율",-,1,제한없음,최소금액 1만원이상,1000000000,20260820,,202608201500,S,단리,S,정액적립식,24,3,3
030300,저축은행,2026-08-31T05:51:56+00:00,202608,0010550,라온저축은행,310006,정기적금,"영업점,인터넷,스마트폰","1개월이하:당초 약정금리 또는 만기시 동일상품 동일계약기간의 신규 약정금리 중 낮은이율
1개월초과:보통예금이율",-,1,제한없음,최소금액 1만원이상,1000000000,20260820,,202608201500,S,단리,S,정액적립식,36,3,3
030300,저축은행,2026-08-31T05:51:56+00:00,202608,0010556,머스트삼일저축은행,310009,e-정기적금,인터넷,"-만기후 1개월 이내 : 약정이율 Ⅹ 100% 
-만기후 1개월 초과: 연0.2%",없음,1,제한없음,없음,,20260820,,202608201500,M,복리,S,정액적립식,6,1.6,1.6
030300,저축은행,2026-08-31T05:51:56+00:00,202608,0010556,머스트삼일저축은행,310009,e-정기적금,인터넷,"-만기후 1개월 이내 : 약정이율 Ⅹ 100% 
-만기후 1개월 초과: 연0.2%",없음,1,제한없음,없음,,20260820,,202608201500,S,단리,S,정액적립식,6,1.6,1.6
030300,저축은행,2026-08-31T05:51:56+00:00,202608,0010556,머스트삼일저축은행,310009,e-정기적금,인터넷,"-만기후 1개월 이내 : 약정이율 Ⅹ 100% 
-만기후 1개월 초과: 연0.2%",없음,1,제한없음,없음,,20260820,,202608201500,M,복리,S,정액적립식,12,1.6,1.6
030300,저축은행,2026-08-31T05:51:56+00:00,202608,0010556,머스트삼일저축은행,310009,e-정기적금,인터넷,"-만기후 1개월 이내 : 약정이율 Ⅹ 100% 
-만기후 1개월 초과: 연0.2%",없음,1,제한없음,없음,,20260820,,202608201500,S,단리,S,정액적립식,12,1.6,1.6
030300,저축은행,2026-08-31T05:51:56+00:00,202608,0010556,머스트삼일저축은행,310009,e-정기적금,인터넷,"-만기후 1개월 이내 : 약정이율 Ⅹ 100% 
-만기후 1개월 초과: 연0.2%",없음,1,제한없음,없음,,20260820,,202608201500,M,복리,S,정액적립식,24,1.7,1.7
030300,저축은행,2026-08-31T05:51:56+00:00,202608,0010556,머스트삼일저축은행,310009,e-정기적금,인터넷,"-만기후 1개월 이내 : 약정이율 Ⅹ 100% 
-만기후 1개월 초과: 연0.2%",없음,1,제한없음,없음,,20260820,,202608201500,S,단리,S,정액적립식,24,1.7,1.7
030300,저축은행,2026-08-31T05:51:56+00:00,202608,0010556,머스트삼일저축은행,310009,e-정기적금,인터넷,"-만기후 1개월 이내 : 약정이율 Ⅹ 100% 
-만기후 1개월 초과: 연0.2%",없음,1,제한없음,없음,,20260820,,202608201500,M,복리,S,정액적립식,36,1.8,1.8
030300,저축은행,2026-08-31T05:51:56+00:00,202608,0010556,머스트삼일저축은행,310009,e-정기적금,인터넷,"-만기후 1개월 이내 : 약정이율 Ⅹ 100% 
-만기후 1개월 초과: 연0.2%",없음,1,제한없음,없음,,20260820,,202608201500,S,단리,S,정액적립식,36,1.8,1.8
030300,저축은행,2026-08-31T05:51:56+00:00,202608,0010556,머스트삼일저축은행,310003,비대면정기적금,스마트폰,"- 만기후 1개월 이내 : 약정이율 Ⅹ 100%
- 만기후 1개월 초과 : 연0.2%",없음,1,제한없음,없음,,20260820,,202608201500,S,단리,S,정액적립식,6,1.6,1.6
030300,저축은행,2026-08-31T05:51:56+00:00,202608,0010556,머스트삼일저축은행,310003,비대면정기적금,스마트폰,"- 만기후 1개월 이내 : 약정이율 Ⅹ 100%
- 만기후 1개월 초과 : 연0.2%",없음,1,제한없음,없음,,20260820,,202608201500,S,단리,S,정액적립식,12,1.6,1.6
030300,저축은행,2026-08-31T05:51:56+00:00,202608,0010556,머스트삼일저축은행,310003,비대면정기적금,스마트폰,"- 만기후 1개월 이내 : 약정이율 Ⅹ 100%
- 만기후 1개월 초과 : 연0.2%",없음,1,제한없음,없음,,20260820,,202608201500,S,단리,S,정액적립식,24,1.7,1.7
030300,저축은행,2026-08-31T05:51:56+00:00,202608,0010556,머스트삼일저축은행,310003,비대면정기적금,스마트폰,"- 만기후 1개월 이내 : 약정이율 Ⅹ 100%
- 만기후 1개월 초과 : 연0.2%",없음,1,제한없음,없음,,20260820,,202608201500,S,단리,S,정액적립식,36,1.8,1.8
030300,저축은행,2026-08-31T05:51:56+00:00,202608,0010556,머스트삼일저축은행,310008,정기적금,영업점,"-만기후 1개월 이내 : 약정이율 Ⅹ 100% 
-만기후 1개월 초과: 연0.2%",없음,1,제한없음,없음,,20260820,,202608201500,S,단리,S,정액적립식,6,1.6,1.6
030300,저축은행,2026-08-31T05:51:56+00:00,202608,0010556,머스트삼일저축은행,310008,정기적금,영업점,"-만기후 1개월 이내 : 약정이율 Ⅹ 100% 
-만기후 1개월 초과: 연0.2%",없음,1,제한없음,없음,,20260820,,202608201500,M,복리,S,정액적립식,6,1.6,1.6
030300,저축은행,2026-08-31T05:51:56+00:00,202608,0010556,머스트삼일저축은행,310008,정기적금,영업점,"-만기후 1개월 이내 : 약정이율 Ⅹ 100% 
-만기후 1개월 초과: 연0.2%",없음,1,제한없음,없음,,20260820,,202608201500,S,단리,S,정액적립식,12,1.6,1.6
030300,저축은행,2026-08-31T05:51:56+00:00,202608,0010556,머스트삼일저축은행,310008,정기적금,영업점,"-만기후 1개월 이내 : 약정이율 Ⅹ 100% 
-만기후 1개월 초과: 연0.2%",없음,1,제한없음,없음,,20260820,,202608201500,M,복리,S,정액적립식,12,1.6,1.6
030300,저축은행,2026-08-31T05:51:56+00:00,202608,0010556,머스트삼일저축은행,310008,정기적금,영업점,"-만기후 1개월 이내 : 약정이율 Ⅹ 100% 
-만기후 1개월 초과: 연0.2%",없음,1,제한없음,없음,,20260820,,202608201500,S,단리,S,정액적립식,24,1.7,1.7
030300,저축은행,2026-08-31T05:51:56+00:00,202608,0010556,머스트삼일저축은행,310008,정기적금,영업점,"-만기후 1개월 이내 : 약정이율 Ⅹ 100% 
-만기후 1개월 초과: 연0.2%",없음,1,제한없음,없음,,20260820,,202608201500,M,복리,S,정액적립식,24,1.7,1.7
030300,저축은행,2026-08-31T05:51:56+00:00,202608,0010556,머스트삼일저축은행,310008,정기적금,영업점,"-만기후 1개월 이내 : 약정이율 Ⅹ 100% 
-만기후 1개월 초과: 연0.2%",없음,1,제한없음,없음,,20260820,,202608201500,S,단리,S,정액적립식,36,1.8,1.8
030300,저축은행,2026-08-31T05:51:56+00:00,202608,0010556,머스트삼일저축은행,310008,정기적금,영업점,"-만기후 1개월 이내 : 약정이율 Ⅹ 100% 
-만기후 1개월 초과: 연0.2%",없음,1,제한없음,없음,,20260820,,202608201500,M,복리,S,정액적립식,36,1.8,1.8
030300,저축은행,2026-08-31T05:51:56+00:00,202608,0010430,모아저축은행,310036,12干支정기적금,영업점,1. 만기 후 1개월 이내 : 당초 약정이율과 만기시점 동일상품 동일기간제 금리 중 낮은 금리 / 2. 만기 후 1개월 초과 : 신규일 시점의 보통예금 이율,없음,3,가입연도 12간지띠에 해당되는 고객,- 1인당 가입한도 : 월 30만원 이상,,20260820,,202608201500,S,단리,S,정액적립식,12,4.1,4.1
030300,저축은행,2026-08-31T05:51:56+00:00,202608,0010430,모아저축은행,310036,12干支정기적금,영업점,1. 만기 후 1개월 이내 : 당초 약정이율과 만기시점 동일상품 동일기간제 금리 중 낮은 금리 / 2. 만기 후 1개월 초과 : 신규일 시점의 보통예금 이율,없음,3,가입연도 12간지띠에 해당되는 고객,- 1인당 가입한도 : 월 30만원 이상,,20260820,,202608201500,S,단리,S,정액적립식,24,3.9,3.9
030300,저축은행,2026-08-31T05:51:56+00:00,202608,0010430,모아저축은행,310036,12干支정기적금,영업점,1. 만기 후 1개월 이내 : 당초 약정이율과 만기시점 동일상품 동일기간제 금리 중 낮은 금리 / 2. 만기 후 1개월 초과 : 신규일 시점의 보통예금 이율,없음,3,가입연도 12간지띠에 해당되는 고객,- 1인당 가입한도 : 월 30만원 이상,,20260820,,202608201500,S,단리,S,정액적립식,36,3.6,3.6
030300,저축은행,2026-08-31T05:51:56+00:00,202608,0010430,모아저축은행,310038,e-모아 정기적금,"인터넷,스마트폰","- 만기 후 1개월 이내 : 당초 약정이율과 만기시점 동일상품 동일기간제 금리 중 낮은 금리
- 만기 후 1개월 초과 : 신규일 시점의 보통예금 이율",없음,1,제한없음,- 1인당 가입한도 : 계약금액 월 1만원 이상,,20260820,,202608201500,S,단리,S,정액적립식,12,4,4
030300,저축은행,2026-08-31T05:51:56+00:00,202608,0010430,모아저축은행,310038,e-모아 정기적금,"인터넷,스마트폰","- 만기 후 1개월 이내 : 당초 약정이율과 만기시점 동일상품 동일기간제 금리 중 낮은 금리
- 만기 후 1개월 초과 : 신규일 시점의 보통예금 이율",없음,1,제한없음,- 1인당 가입한도 : 계약금액 월 1만원 이상,,20260820,,202608201500,S,단리,S,정액적립식,24,3.8,3.8
030300,저축은행,2026-08-31T05:51:56+00:00,202608,0010430,모아저축은행,310038,e-모아 정기적금,"인터넷,스마트폰","- 만기 후 1개월 이내 : 당초 약정이율과 만기시점 동일상품 동일기간제 금리 중 낮은 금리
- 만기 후 1개월 초과 : 신규일 시점의 보통예금 이율",없음,1,제한없음,- 1인당 가입한도 : 계약금액 월 1만원 이상,,20260820,,202608201500,S,단리,S,정액적립식,36,3.5,3.5
030300,저축은행,2026-08-31T05:51:56+00:00,202608,0010430,모아저축은행,310040,모아 다자녀 적금,영업점,"- 만기 후 1개월 이내 : 당초 약정이율과 만기시점 동일상품 동일기간제 금리 중 낮은 금리
- 만기 후 1개월 초과 : 신규일 시점의 보통예금 이율",없음,3,세명 이상의 미성년 자녀를 둔 부모,"- 1인당 가입한도 : 계약금액 월 1만원 이상 ~ 100만원 이하, 1인 1계좌",,20260820,,202608201500,S,단리,S,정액적립식,12,4.5,4.5
030300,저축은행,2026-08-31T05:51:56+00:00,202608,0010430,모아저축은행,310037,생일축하정기적금,영업점,1. 만기 후 1개월 이내 : 당초 약정이율과 만기시점 동일상품 동일기간제 금리 중 낮은 금리 / 2. 만기 후 1개월 초과 : 신규일 시점의 보통예금 이율,없음,3,적금 가입월과 주민등록상 생일월이 일치하는 개인고객,- 1인당 가입한도 : 월 30만원 이상,,20260820,,202608201500,S,단리,S,정액적립식,12,4.1,4.1
030300,저축은행,2026-08-31T05:51:56+00:00,202608,0010430,모아저축은행,310037,생일축하정기적금,영업점,1. 만기 후 1개월 이내 : 당초 약정이율과 만기시점 동일상품 동일기간제 금리 중 낮은 금리 / 2. 만기 후 1개월 초과 : 신규일 시점의 보통예금 이율,없음,3,적금 가입월과 주민등록상 생일월이 일치하는 개인고객,- 1인당 가입한도 : 월 30만원 이상,,20260820,,202608201500,S,단리,S,정액적립식,24,3.9,3.9
030300,저축은행,2026-08-31T05:51:56+00:00,202608,0010430,모아저축은행,310037,생일축하정기적금,영업점,1. 만기 후 1개월 이내 : 당초 약정이율과 만기시점 동일상품 동일기간제 금리 중 낮은 금리 / 2. 만기 후 1개월 초과 : 신규일 시점의 보통예금 이율,없음,3,적금 가입월과 주민등록상 생일월이 일치하는 개인고객,- 1인당 가입한도 : 월 30만원 이상,,20260820,,202608201500,S,단리,S,정액적립식,36,3.6,3.6
030300,저축은행,2026-08-31T05:51:56+00:00,202608,0010430,모아저축은행,310035,정기적금,영업점,"- 만기 후 1개월 이내 : 당초 약정이율과 만기시점 동일상품 동일기간제 금리 중 낮은 금리
- 만기 후 1개월 초과 : 신규일 시점의 보통예금 이율",없음,1,제한없음,- 1인당 가입한도 : 계약금액 월 1만원 이상,,20260820,,202608201500,S,단리,S,정액적립식,12,4,4
030300,저축은행,2026-08-31T05:51:56+00:00,202608,0010430,모아저축은행,310035,정기적금,영업점,"- 만기 후 1개월 이내 : 당초 약정이율과 만기시점 동일상품 동일기간제 금리 중 낮은 금리
- 만기 후 1개월 초과 : 신규일 시점의 보통예금 이율",없음,1,제한없음,- 1인당 가입한도 : 계약금액 월 1만원 이상,,20260820,,202608201500,S,단리,S,정액적립식,24,3.8,3.8
030300,저축은행,2026-08-31T05:51:56+00:00,202608,0010430,모아저축은행,310035,정기적금,영업점,"- 만기 후 1개월 이내 : 당초 약정이율과 만기시점 동일상품 동일기간제 금리 중 낮은 금리
- 만기 후 1개월 초과 : 신규일 시점의 보통예금 이율",없음,1,제한없음,- 1인당 가입한도 : 계약금액 월 1만원 이상,,20260820,,202608201500,S,단리,S,정액적립식,36,3.5,3.5
030300,저축은행,2026-08-31T05:51:56+00:00,202608,0010354,민국저축은행,MK310004,e-행복정기적금(인터넷),인터넷,"- 1개월 이내 : 가입당시 약정금리와 현재 금리 비교 후 낮은 금리
- 1개월 이후 : 보통예금 금리 적용",- 없음,1,개인,- 중도해지 시 가입 기간에 따라 중도해지이율이 다르게 적용됩니다.,,20260820,,202608201500,S,단리,S,정액적립식,6,3.2,3.2
030300,저축은행,2026-08-31T05:51:56+00:00,202608,0010354,민국저축은행,MK310004,e-행복정기적금(인터넷),인터넷,"- 1개월 이내 : 가입당시 약정금리와 현재 금리 비교 후 낮은 금리
- 1개월 이후 : 보통예금 금리 적용",- 없음,1,개인,- 중도해지 시 가입 기간에 따라 중도해지이율이 다르게 적용됩니다.,,20260820,,202608201500,S,단리,S,정액적립식,12,3.9,3.9
030300,저축은행,2026-08-31T05:51:56+00:00,202608,0010354,민국저축은행,MK310004,e-행복정기적금(인터넷),인터넷,"- 1개월 이내 : 가입당시 약정금리와 현재 금리 비교 후 낮은 금리
- 1개월 이후 : 보통예금 금리 적용",- 없음,1,개인,- 중도해지 시 가입 기간에 따라 중도해지이율이 다르게 적용됩니다.,,20260820,,202608201500,S,단리,S,정액적립식,24,3.9,3.9
030300,저축은행,2026-08-31T05:51:56+00:00,202608,0010354,민국저축은행,MK310004,e-행복정기적금(인터넷),인터넷,"- 1개월 이내 : 가입당시 약정금리와 현재 금리 비교 후 낮은 금리
- 1개월 이후 : 보통예금 금리 적용",- 없음,1,개인,- 중도해지 시 가입 기간에 따라 중도해지이율이 다르게 적용됩니다.,,20260820,,202608201500,S,단리,S,정액적립식,36,3.6,3.6
030300,저축은행,2026-08-31T05:51:56+00:00,202608,0010354,민국저축은행,MK310017,비대면정기적금(비대면),스마트폰,"- 1개월 이내 : 가입당시 약정금리와 현재 금리 비교 후 낮은 금리
- 1개월 이후 : 보통예금 금리 적용",- 없음,1,개인,- 중도해지 시 가입 기간에 따라 중도해지이율이 다르게 적용됩니다.,,20260820,,202608201500,S,단리,S,정액적립식,6,3.2,3.2
030300,저축은행,2026-08-31T05:51:56+00:00,202608,0010354,민국저축은행,MK310017,비대면정기적금(비대면),스마트폰,"- 1개월 이내 : 가입당시 약정금리와 현재 금리 비교 후 낮은 금리
- 1개월 이후 : 보통예금 금리 적용",- 없음,1,개인,- 중도해지 시 가입 기간에 따라 중도해지이율이 다르게 적용됩니다.,,20260820,,202608201500,S,단리,S,정액적립식,12,3.9,3.9
030300,저축은행,2026-08-31T05:51:56+00:00,202608,0010354,민국저축은행,MK310017,비대면정기적금(비대면),스마트폰,"- 1개월 이내 : 가입당시 약정금리와 현재 금리 비교 후 낮은 금리
- 1개월 이후 : 보통예금 금리 적용",- 없음,1,개인,- 중도해지 시 가입 기간에 따라 중도해지이율이 다르게 적용됩니다.,,20260820,,202608201500,S,단리,S,정액적립식,24,3.9,3.9
030300,저축은행,2026-08-31T05:51:56+00:00,202608,0010354,민국저축은행,MK310017,비대면정기적금(비대면),스마트폰,"- 1개월 이내 : 가입당시 약정금리와 현재 금리 비교 후 낮은 금리
- 1개월 이후 : 보통예금 금리 적용",- 없음,1,개인,- 중도해지 시 가입 기간에 따라 중도해지이율이 다르게 적용됩니다.,,20260820,,202608201500,S,단리,S,정액적립식,36,3.6,3.6
030300,저축은행,2026-08-31T05:51:56+00:00,202608,0010354,민국저축은행,MK310001,정기적금,영업점,"- 1개월 이내 : 가입당시 약정금리와 현재 금리 비교 후 낮은 금리
- 1개월 이후 : 보통예금 금리 적용","* 최대우대금리 : 0.1%
- 3명 이상 창구 방문하여 1년이상 적금 가입시 : 연 0.1%
- 적금 만기해지 후 1년이상 정기예금 및 적금 신규 가입시 : 연 0.1%",1,제한없음,- 중도해지 시 가입 기간에 따라 중도해지이율이 다르게 적용됩니다.,,20260820,,202608201500,S,단리,S,정액적립식,6,3.2,3.2
030300,저축은행,2026-08-31T05:51:56+00:00,202608,0010354,민국저축은행,MK310001,정기적금,영업점,"- 1개월 이내 : 가입당시 약정금리와 현재 금리 비교 후 낮은 금리
- 1개월 이후 : 보통예금 금리 적용","* 최대우대금리 : 0.1%
- 3명 이상 창구 방문하여 1년이상 적금 가입시 : 연 0.1%
- 적금 만기해지 후 1년이상 정기예금 및 적금 신규 가입시 : 연 0.1%",1,제한없음,- 중도해지 시 가입 기간에 따라 중도해지이율이 다르게 적용됩니다.,,20260820,,202608201500,S,단리,S,정액적립식,12,3.8,3.9
030300,저축은행,2026-08-31T05:51:56+00:00,202608,0010354,민국저축은행,MK310001,정기적금,영업점,"- 1개월 이내 : 가입당시 약정금리와 현재 금리 비교 후 낮은 금리
- 1개월 이후 : 보통예금 금리 적용","* 최대우대금리 : 0.1%
- 3명 이상 창구 방문하여 1년이상 적금 가입시 : 연 0.1%
- 적금 만기해지 후 1년이상 정기예금 및 적금 신규 가입시 : 연 0.1%",1,제한없음,- 중도해지 시 가입 기간에 따라 중도해지이율이 다르게 적용됩니다.,,20260820,,202608201500,S,단리,S,정액적립식,24,3.8,3.9
030300,저축은행,2026-08-31T05:51:56+00:00,202608,0010354,민국저축은행,MK310001,정기적금,영업점,"- 1개월 이내 : 가입당시 약정금리와 현재 금리 비교 후 낮은 금리
- 1개월 이후 : 보통예금 금리 적용","* 최대우대금리 : 0.1%
- 3명 이상 창구 방문하여 1년이상 적금 가입시 : 연 0.1%
- 적금 만기해지 후 1년이상 정기예금 및 적금 신규 가입시 : 연 0.1%",1,제한없음,- 중도해지 시 가입 기간에 따라 중도해지이율이 다르게 적용됩니다.,,20260820,,202608201500,S,단리,S,정액적립식,36,3.5,3.6
030300,저축은행,2026-08-31T05:51:56+00:00,202608,0010354,민국저축은행,MK310022,톡톡정기적금(모바일),모집인,"- 1개월 이내 : 가입당시 약정금리와 현재 금리 비교 후 낮은 금리
- 1개월 이후 : 보통예금 금리 적용",- 없음,1,개인,- 중도해지 시 가입 기간에 따라 중도해지이율이 다르게 적용됩니다.,,20260820,,202608201500,S,단리,S,정액적립식,6,3.2,3.2
030300,저축은행,2026-08-31T05:51:56+00:00,202608,0010354,민국저축은행,MK310022,톡톡정기적금(모바일),모집인,"- 1개월 이내 : 가입당시 약정금리와 현재 금리 비교 후 낮은 금리
- 1개월 이후 : 보통예금 금리 적용",- 없음,1,개인,- 중도해지 시 가입 기간에 따라 중도해지이율이 다르게 적용됩니다.,,20260820,,202608201500,S,단리,S,정액적립식,12,3.9,3.9
030300,저축은행,2026-08-31T05:51:56+00:00,202608,0010354,민국저축은행,MK310022,톡톡정기적금(모바일),모집인,"- 1개월 이내 : 가입당시 약정금리와 현재 금리 비교 후 낮은 금리
- 1개월 이후 : 보통예금 금리 적용",- 없음,1,개인,- 중도해지 시 가입 기간에 따라 중도해지이율이 다르게 적용됩니다.,,20260820,,202608201500,S,단리,S,정액적립식,24,3.9,3.9
030300,저축은행,2026-08-31T05:51:56+00:00,202608,0010354,민국저축은행,MK310022,톡톡정기적금(모바일),모집인,"- 1개월 이내 : 가입당시 약정금리와 현재 금리 비교 후 낮은 금리
- 1개월 이후 : 보통예금 금리 적용",- 없음,1,개인,- 중도해지 시 가입 기간에 따라 중도해지이율이 다르게 적용됩니다.,,20260820,,202608201500,S,단리,S,정액적립식,36,3.6,3.6
030300,저축은행,2026-08-31T05:51:56+00:00,202608,0010378,바로저축은행,310009,SB톡톡 정기적금(비대면),스마트폰,"* 만기후 1개월 이내 : 약정금리와 현행금리 중 낮은 금리
* 만기후 1개월 초과 : 보통예금 금리",없음,1,제한 없음,"1. 최소납입금액 10,000원 이상

* 2025년 9월 13일 부터 적용되는 이율",,20260820,,202608201500,S,단리,S,정액적립식,6,2.2,2.2
030300,저축은행,2026-08-31T05:51:56+00:00,202608,0010378,바로저축은행,310009,SB톡톡 정기적금(비대면),스마트폰,"* 만기후 1개월 이내 : 약정금리와 현행금리 중 낮은 금리
* 만기후 1개월 초과 : 보통예금 금리",없음,1,제한 없음,"1. 최소납입금액 10,000원 이상

* 2025년 9월 13일 부터 적용되는 이율",,20260820,,202608201500,S,단리,S,정액적립식,12,2.8,2.8
030300,저축은행,2026-08-31T05:51:56+00:00,202608,0010378,바로저축은행,310009,SB톡톡 정기적금(비대면),스마트폰,"* 만기후 1개월 이내 : 약정금리와 현행금리 중 낮은 금리
* 만기후 1개월 초과 : 보통예금 금리",없음,1,제한 없음,"1. 최소납입금액 10,000원 이상

* 2025년 9월 13일 부터 적용되는 이율",,20260820,,202608201500,S,단리,S,정액적립식,24,2.8,2.8
030300,저축은행,2026-08-31T05:51:56+00:00,202608,0010378,바로저축은행,310009,SB톡톡 정기적금(비대면),스마트폰,"* 만기후 1개월 이내 : 약정금리와 현행금리 중 낮은 금리
* 만기후 1개월 초과 : 보통예금 금리",없음,1,제한 없음,"1. 최소납입금액 10,000원 이상

* 2025년 9월 13일 부터 적용되는 이율",,20260820,,202608201500,S,단리,S,정액적립식,36,2.8,2.8
030300,저축은행,2026-08-31T05:51:56+00:00,202608,0010378,바로저축은행,310004,스마트정기적금(인터넷),인터넷,"* 만기후 1개월 이내 : 약정금리와 현행금리 중 낮은 금리
* 만기후 1개월 초과 : 보통예금 금리",없음,1,제한 없음,"1. 최소납입금액 10,000원 이상

* 2025년 9월 13일 부터 적용되는 이율",,20260820,,202608201500,S,단리,S,정액적립식,6,2.2,2.2
030300,저축은행,2026-08-31T05:51:56+00:00,202608,0010378,바로저축은행,310004,스마트정기적금(인터넷),인터넷,"* 만기후 1개월 이내 : 약정금리와 현행금리 중 낮은 금리
* 만기후 1개월 초과 : 보통예금 금리",없음,1,제한 없음,"1. 최소납입금액 10,000원 이상

* 2025년 9월 13일 부터 적용되는 이율",,20260820,,202608201500,S,단리,S,정액적립식,12,2.8,2.8
030300,저축은행,2026-08-31T05:51:56+00:00,202608,0010378,바로저축은행,310004,스마트정기적금(인터넷),인터넷,"* 만기후 1개월 이내 : 약정금리와 현행금리 중 낮은 금리
* 만기후 1개월 초과 : 보통예금 금리",없음,1,제한 없음,"1. 최소납입금액 10,000원 이상

* 2025년 9월 13일 부터 적용되는 이율",,20260820,,202608201500,S,단리,S,정액적립식,24,2.8,2.8
030300,저축은행,2026-08-31T05:51:56+00:00,202608,0010378,바로저축은행,310004,스마트정기적금(인터넷),인터넷,"* 만기후 1개월 이내 : 약정금리와 현행금리 중 낮은 금리
* 만기후 1개월 초과 : 보통예금 금리",없음,1,제한 없음,"1. 최소납입금액 10,000원 이상

* 2025년 9월 13일 부터 적용되는 이율",,20260820,,202608201500,S,단리,S,정액적립식,36,2.8,2.8
030300,저축은행,2026-08-31T05:51:56+00:00,202608,0010378,바로저축은행,310001,정기적금(월수),영업점,"* 만기후 1개월 이내 : 약정금리와 현행금리 중 낮은 금리
* 만기후 1개월 초과 : 보통예금 금리",없음,1,제한 없음,"1. 최소납입금액 10,000원 이상

* 2025년 9월 13일 부터 적용되는 이율",,20260820,,202608201500,S,단리,S,정액적립식,6,2.2,2.2
030300,저축은행,2026-08-31T05:51:56+00:00,202608,0010378,바로저축은행,310001,정기적금(월수),영업점,"* 만기후 1개월 이내 : 약정금리와 현행금리 중 낮은 금리
* 만기후 1개월 초과 : 보통예금 금리",없음,1,제한 없음,"1. 최소납입금액 10,000원 이상

* 2025년 9월 13일 부터 적용되는 이율",,20260820,,202608201500,S,단리,S,정액적립식,12,2.8,2.8
030300,저축은행,2026-08-31T05:51:56+00:00,202608,0010378,바로저축은행,310001,정기적금(월수),영업점,"* 만기후 1개월 이내 : 약정금리와 현행금리 중 낮은 금리
* 만기후 1개월 초과 : 보통예금 금리",없음,1,제한 없음,"1. 최소납입금액 10,000원 이상

* 2025년 9월 13일 부터 적용되는 이율",,20260820,,202608201500,S,단리,S,정액적립식,24,2.8,2.8
030300,저축은행,2026-08-31T05:51:56+00:00,202608,0010378,바로저축은행,310001,정기적금(월수),영업점,"* 만기후 1개월 이내 : 약정금리와 현행금리 중 낮은 금리
* 만기후 1개월 초과 : 보통예금 금리",없음,1,제한 없음,"1. 최소납입금액 10,000원 이상

* 2025년 9월 13일 부터 적용되는 이율",,20260820,,202608201500,S,단리,S,정액적립식,36,2.8,2.8
030300,저축은행,2026-08-31T05:51:56+00:00,202608,0010453,부림저축은행,310005,e-정기적금,"인터넷,스마트폰","- 만기후 1개월 이내 : 가입당시 약정금리와 현재 금리 비교 후 낮은금리
- 만기후 1개월 초과 : 연 0.25%",인터넷으로 가입,1,개인 및 법인고객,.,,20260820,,202608201500,S,단리,S,정액적립식,6,2.5,2.5
030300,저축은행,2026-08-31T05:51:56+00:00,202608,0010453,부림저축은행,310005,e-정기적금,"인터넷,스마트폰","- 만기후 1개월 이내 : 가입당시 약정금리와 현재 금리 비교 후 낮은금리
- 만기후 1개월 초과 : 연 0.25%",인터넷으로 가입,1,개인 및 법인고객,.,,20260820,,202608201500,S,단리,S,정액적립식,12,4.2,4.2
030300,저축은행,2026-08-31T05:51:56+00:00,202608,0010453,부림저축은행,310005,e-정기적금,"인터넷,스마트폰","- 만기후 1개월 이내 : 가입당시 약정금리와 현재 금리 비교 후 낮은금리
- 만기후 1개월 초과 : 연 0.25%",인터넷으로 가입,1,개인 및 법인고객,.,,20260820,,202608201500,S,단리,S,정액적립식,24,3.4,3.4
030300,저축은행,2026-08-31T05:51:56+00:00,202608,0010453,부림저축은행,310005,e-정기적금,"인터넷,스마트폰","- 만기후 1개월 이내 : 가입당시 약정금리와 현재 금리 비교 후 낮은금리
- 만기후 1개월 초과 : 연 0.25%",인터넷으로 가입,1,개인 및 법인고객,.,,20260820,,202608201500,S,단리,S,정액적립식,36,3.4,3.4
030300,저축은행,2026-08-31T05:51:56+00:00,202608,0010453,부림저축은행,310006,아이사랑 정기적금,영업점,"- 만기후 1개월 이내 : 가입당시 약정금리와 현재 금리 비교 후 낮은금리
- 만기후 1개월 초과 : 연 0.25%",미취학아동과 부모님이 함께 가입하는 경우,1,미취학아동과 부모님이 함께 가입,.,,20260820,,202608201500,S,단리,S,정액적립식,6,2.7,2.7
030300,저축은행,2026-08-31T05:51:56+00:00,202608,0010453,부림저축은행,310006,아이사랑 정기적금,영업점,"- 만기후 1개월 이내 : 가입당시 약정금리와 현재 금리 비교 후 낮은금리
- 만기후 1개월 초과 : 연 0.25%",미취학아동과 부모님이 함께 가입하는 경우,1,미취학아동과 부모님이 함께 가입,.,,20260820,,202608201500,S,단리,S,정액적립식,12,4.2,4.2
030300,저축은행,2026-08-31T05:51:56+00:00,202608,0010453,부림저축은행,310006,아이사랑 정기적금,영업점,"- 만기후 1개월 이내 : 가입당시 약정금리와 현재 금리 비교 후 낮은금리
- 만기후 1개월 초과 : 연 0.25%",미취학아동과 부모님이 함께 가입하는 경우,1,미취학아동과 부모님이 함께 가입,.,,20260820,,202608201500,S,단리,S,정액적립식,24,3.6,3.6
030300,저축은행,2026-08-31T05:51:56+00:00,202608,0010453,부림저축은행,310006,아이사랑 정기적금,영업점,"- 만기후 1개월 이내 : 가입당시 약정금리와 현재 금리 비교 후 낮은금리
- 만기후 1개월 초과 : 연 0.25%",미취학아동과 부모님이 함께 가입하는 경우,1,미취학아동과 부모님이 함께 가입,.,,20260820,,202608201500,S,단리,S,정액적립식,36,3.6,3.6
030300,저축은행,2026-08-31T05:51:56+00:00,202608,0010453,부림저축은행,310001,정기적금,영업점,"- 만기후 1개월 이내 : 가입당시 약정금리와 현재 금리 비교 후 낮은금리
- 만기후 1개월 초과 : 연 0.25%",없음,1,개인 및 법인고객,.,,20260820,,202608201500,S,단리,S,정액적립식,6,2.5,2.5
030300,저축은행,2026-08-31T05:51:56+00:00,202608,0010453,부림저축은행,310001,정기적금,영업점,"- 만기후 1개월 이내 : 가입당시 약정금리와 현재 금리 비교 후 낮은금리
- 만기후 1개월 초과 : 연 0.25%",없음,1,개인 및 법인고객,.,,20260820,,202608201500,S,단리,S,정액적립식,12,4,4
030300,저축은행,2026-08-31T05:51:56+00:00,202608,0010453,부림저축은행,310001,정기적금,영업점,"- 만기후 1개월 이내 : 가입당시 약정금리와 현재 금리 비교 후 낮은금리
- 만기후 1개월 초과 : 연 0.25%",없음,1,개인 및 법인고객,.,,20260820,,202608201500,S,단리,S,정액적립식,24,3.4,3.4
030300,저축은행,2026-08-31T05:51:56+00:00,202608,0010453,부림저축은행,310001,정기적금,영업점,"- 만기후 1개월 이내 : 가입당시 약정금리와 현재 금리 비교 후 낮은금리
- 만기후 1개월 초과 : 연 0.25%",없음,1,개인 및 법인고객,.,,20260820,,202608201500,S,단리,S,정액적립식,36,3.4,3.4
030300,저축은행,2026-08-31T05:51:56+00:00,202608,0010453,부림저축은행,310011,톡톡정기적금(비대면),스마트폰,"- 만기후 1개월 이내 : 가입당시 약정금리와 현재 금리 비교 후 낮은금리
- 만기후 1개월 초과 : 연 0.25%",없음,1,개인,.,,20260820,,202608201500,S,단리,S,정액적립식,6,2.5,2.5
030300,저축은행,2026-08-31T05:51:56+00:00,202608,0010453,부림저축은행,310011,톡톡정기적금(비대면),스마트폰,"- 만기후 1개월 이내 : 가입당시 약정금리와 현재 금리 비교 후 낮은금리
- 만기후 1개월 초과 : 연 0.25%",없음,1,개인,.,,20260820,,202608201500,S,단리,S,정액적립식,12,4.2,4.2
030300,저축은행,2026-08-31T05:51:56+00:00,202608,0010453,부림저축은행,310011,톡톡정기적금(비대면),스마트폰,"- 만기후 1개월 이내 : 가입당시 약정금리와 현재 금리 비교 후 낮은금리
- 만기후 1개월 초과 : 연 0.25%",없음,1,개인,.,,20260820,,202608201500,S,단리,S,정액적립식,24,3.4,3.4
030300,저축은행,2026-08-31T05:51:56+00:00,202608,0010453,부림저축은행,310011,톡톡정기적금(비대면),스마트폰,"- 만기후 1개월 이내 : 가입당시 약정금리와 현재 금리 비교 후 낮은금리
- 만기후 1개월 초과 : 연 0.25%",없음,1,개인,.,,20260820,,202608201500,S,단리,S,정액적립식,36,3.4,3.4
030300,저축은행,2026-08-31T05:51:56+00:00,202608,0010457,삼정저축은행,310007,e-정기적금,인터넷,"-1개월이내: 계약일 당시 약정이율과 계약 만기시 약정이율 중 낮은 이율
-1개월초과: 보통예금 이율",없음,1,제한없음,없음,,20260820,,202608201500,S,단리,S,정액적립식,6,2.6,2.6
030300,저축은행,2026-08-31T05:51:56+00:00,202608,0010457,삼정저축은행,310007,e-정기적금,인터넷,"-1개월이내: 계약일 당시 약정이율과 계약 만기시 약정이율 중 낮은 이율
-1개월초과: 보통예금 이율",없음,1,제한없음,없음,,20260820,,202608201500,S,단리,S,정액적립식,12,3.7,3.7
030300,저축은행,2026-08-31T05:51:56+00:00,202608,0010457,삼정저축은행,310007,e-정기적금,인터넷,"-1개월이내: 계약일 당시 약정이율과 계약 만기시 약정이율 중 낮은 이율
-1개월초과: 보통예금 이율",없음,1,제한없음,없음,,20260820,,202608201500,S,단리,S,정액적립식,24,3.8,3.8
030300,저축은행,2026-08-31T05:51:56+00:00,202608,0010457,삼정저축은행,310007,e-정기적금,인터넷,"-1개월이내: 계약일 당시 약정이율과 계약 만기시 약정이율 중 낮은 이율
-1개월초과: 보통예금 이율",없음,1,제한없음,없음,,20260820,,202608201500,S,단리,S,정액적립식,36,3.9,3.9
030300,저축은행,2026-08-31T05:51:56+00:00,202608,0010457,삼정저축은행,310009,s-정기적금,스마트폰,"-1개월이내: 계약일 당시 약정이율과 계약 만기시 약정이율 중 낮은 이율
-1개월초과: 보통예금 이율",없음,1,제한없음,없음,,20260820,,202608201500,S,단리,S,정액적립식,6,2.6,2.6
030300,저축은행,2026-08-31T05:51:56+00:00,202608,0010457,삼정저축은행,310009,s-정기적금,스마트폰,"-1개월이내: 계약일 당시 약정이율과 계약 만기시 약정이율 중 낮은 이율
-1개월초과: 보통예금 이율",없음,1,제한없음,없음,,20260820,,202608201500,S,단리,S,정액적립식,12,3.7,3.7
030300,저축은행,2026-08-31T05:51:56+00:00,202608,0010457,삼정저축은행,310009,s-정기적금,스마트폰,"-1개월이내: 계약일 당시 약정이율과 계약 만기시 약정이율 중 낮은 이율
-1개월초과: 보통예금 이율",없음,1,제한없음,없음,,20260820,,202608201500,S,단리,S,정액적립식,24,3.8,3.8
030300,저축은행,2026-08-31T05:51:56+00:00,202608,0010457,삼정저축은행,310009,s-정기적금,스마트폰,"-1개월이내: 계약일 당시 약정이율과 계약 만기시 약정이율 중 낮은 이율
-1개월초과: 보통예금 이율",없음,1,제한없음,없음,,20260820,,202608201500,S,단리,S,정액적립식,36,3.9,3.9
030300,저축은행,2026-08-31T05:51:56+00:00,202608,0010457,삼정저축은행,310006,정기적금,영업점,"-1개월이내: 계약일 당시 약정이율과 계약 만기시 약정이율 중 낮은 이율
-1개월초과: 보통예금 이율",없음,1,제한없음,없음,,20260820,,202608201500,S,단리,S,정액적립식,6,2.6,2.6
030300,저축은행,2026-08-31T05:51:56+00:00,202608,0010457,삼정저축은행,310006,정기적금,영업점,"-1개월이내: 계약일 당시 약정이율과 계약 만기시 약정이율 중 낮은 이율
-1개월초과: 보통예금 이율",없음,1,제한없음,없음,,20260820,,202608201500,S,단리,S,정액적립식,12,3.7,3.7
030300,저축은행,2026-08-31T05:51:56+00:00,202608,0010457,삼정저축은행,310006,정기적금,영업점,"-1개월이내: 계약일 당시 약정이율과 계약 만기시 약정이율 중 낮은 이율
-1개월초과: 보통예금 이율",없음,1,제한없음,없음,,20260820,,202608201500,S,단리,S,정액적립식,24,3.8,3.8
030300,저축은행,2026-08-31T05:51:56+00:00,202608,0010457,삼정저축은행,310006,정기적금,영업점,"-1개월이내: 계약일 당시 약정이율과 계약 만기시 약정이율 중 낮은 이율
-1개월초과: 보통예금 이율",없음,1,제한없음,없음,,20260820,,202608201500,S,단리,S,정액적립식,36,3.9,3.9
030300,저축은행,2026-08-31T05:51:56+00:00,202608,0012120,삼호저축은행,310001,정기적금,영업점,"만기후 1개월 이내 해지시 약정금리 적용, 만기후 1개월 초과 이후 해지시 보통예금 이율적용",없음,1,없음,없음,,20260820,,202608201500,S,단리,S,정액적립식,6,2.6,2.6
030300,저축은행,2026-08-31T05:51:56+00:00,202608,0012120,삼호저축은행,310001,정기적금,영업점,"만기후 1개월 이내 해지시 약정금리 적용, 만기후 1개월 초과 이후 해지시 보통예금 이율적용",없음,1,없음,없음,,20260820,,202608201500,M,복리,S,정액적립식,6,2.6,2.6
030300,저축은행,2026-08-31T05:51:56+00:00,202608,0012120,삼호저축은행,310001,정기적금,영업점,"만기후 1개월 이내 해지시 약정금리 적용, 만기후 1개월 초과 이후 해지시 보통예금 이율적용",없음,1,없음,없음,,20260820,,202608201500,S,단리,S,정액적립식,12,3.4,3.4
030300,저축은행,2026-08-31T05:51:56+00:00,202608,0012120,삼호저축은행,310001,정기적금,영업점,"만기후 1개월 이내 해지시 약정금리 적용, 만기후 1개월 초과 이후 해지시 보통예금 이율적용",없음,1,없음,없음,,20260820,,202608201500,M,복리,S,정액적립식,12,3.4,3.4
030300,저축은행,2026-08-31T05:51:56+00:00,202608,0012120,삼호저축은행,310001,정기적금,영업점,"만기후 1개월 이내 해지시 약정금리 적용, 만기후 1개월 초과 이후 해지시 보통예금 이율적용",없음,1,없음,없음,,20260820,,202608201500,S,단리,S,정액적립식,24,3.3,3.3
030300,저축은행,2026-08-31T05:51:56+00:00,202608,0012120,삼호저축은행,310001,정기적금,영업점,"만기후 1개월 이내 해지시 약정금리 적용, 만기후 1개월 초과 이후 해지시 보통예금 이율적용",없음,1,없음,없음,,20260820,,202608201500,M,복리,S,정액적립식,24,3.3,3.3
030300,저축은행,2026-08-31T05:51:56+00:00,202608,0012120,삼호저축은행,310001,정기적금,영업점,"만기후 1개월 이내 해지시 약정금리 적용, 만기후 1개월 초과 이후 해지시 보통예금 이율적용",없음,1,없음,없음,,20260820,,202608201500,S,단리,S,정액적립식,36,3.2,3.2
030300,저축은행,2026-08-31T05:51:56+00:00,202608,0012120,삼호저축은행,310001,정기적금,영업점,"만기후 1개월 이내 해지시 약정금리 적용, 만기후 1개월 초과 이후 해지시 보통예금 이율적용",없음,1,없음,없음,,20260820,,202608201500,M,복리,S,정액적립식,36,3.2,3.2
030300,저축은행,2026-08-31T05:51:56+00:00,202608,0012120,삼호저축은행,310008,정기적금(인터넷-모바일),"인터넷,스마트폰","만기후 1개월 이내 해지시 약정금리 적용, 만기후 1개월 초과 이후 해지시 보통예금 이율적용",없음,1,없음,없음,,20260820,,202608201500,S,단리,S,정액적립식,6,2.6,2.6
030300,저축은행,2026-08-31T05:51:56+00:00,202608,0012120,삼호저축은행,310008,정기적금(인터넷-모바일),"인터넷,스마트폰","만기후 1개월 이내 해지시 약정금리 적용, 만기후 1개월 초과 이후 해지시 보통예금 이율적용",없음,1,없음,없음,,20260820,,202608201500,M,복리,S,정액적립식,6,2.6,2.6
030300,저축은행,2026-08-31T05:51:56+00:00,202608,0012120,삼호저축은행,310008,정기적금(인터넷-모바일),"인터넷,스마트폰","만기후 1개월 이내 해지시 약정금리 적용, 만기후 1개월 초과 이후 해지시 보통예금 이율적용",없음,1,없음,없음,,20260820,,202608201500,S,단리,S,정액적립식,12,3.4,3.4
030300,저축은행,2026-08-31T05:51:56+00:00,202608,0012120,삼호저축은행,310008,정기적금(인터넷-모바일),"인터넷,스마트폰","만기후 1개월 이내 해지시 약정금리 적용, 만기후 1개월 초과 이후 해지시 보통예금 이율적용",없음,1,없음,없음,,20260820,,202608201500,M,복리,S,정액적립식,12,3.4,3.4
030300,저축은행,2026-08-31T05:51:56+00:00,202608,0012120,삼호저축은행,310008,정기적금(인터넷-모바일),"인터넷,스마트폰","만기후 1개월 이내 해지시 약정금리 적용, 만기후 1개월 초과 이후 해지시 보통예금 이율적용",없음,1,없음,없음,,20260820,,202608201500,S,단리,S,정액적립식,24,3.3,3.3
030300,저축은행,2026-08-31T05:51:56+00:00,202608,0012120,삼호저축은행,310008,정기적금(인터넷-모바일),"인터넷,스마트폰","만기후 1개월 이내 해지시 약정금리 적용, 만기후 1개월 초과 이후 해지시 보통예금 이율적용",없음,1,없음,없음,,20260820,,202608201500,M,복리,S,정액적립식,24,3.3,3.3
030300,저축은행,2026-08-31T05:51:56+00:00,202608,0012120,삼호저축은행,310008,정기적금(인터넷-모바일),"인터넷,스마트폰","만기후 1개월 이내 해지시 약정금리 적용, 만기후 1개월 초과 이후 해지시 보통예금 이율적용",없음,1,없음,없음,,20260820,,202608201500,S,단리,S,정액적립식,36,3.2,3.2
030300,저축은행,2026-08-31T05:51:56+00:00,202608,0012120,삼호저축은행,310008,정기적금(인터넷-모바일),"인터넷,스마트폰","만기후 1개월 이내 해지시 약정금리 적용, 만기후 1개월 초과 이후 해지시 보통예금 이율적용",없음,1,없음,없음,,20260820,,202608201500,M,복리,S,정액적립식,36,3.2,3.2
030300,저축은행,2026-08-31T05:51:56+00:00,202608,0012120,삼호저축은행,310013,정기적금(자유적립식),영업점,"만기후 1개월 이내 해지시 약정금리 적용, 만기후 1개월 초과 이후 해지시 보통예금 이율적용",없음,1,없음,없음,,20260820,,202608201500,M,복리,F,자유적립식,6,3.4,3.4
030300,저축은행,2026-08-31T05:51:56+00:00,202608,0012120,삼호저축은행,310013,정기적금(자유적립식),영업점,"만기후 1개월 이내 해지시 약정금리 적용, 만기후 1개월 초과 이후 해지시 보통예금 이율적용",없음,1,없음,없음,,20260820,,202608201500,S,단리,F,자유적립식,6,3.4,3.4
030300,저축은행,2026-08-31T05:51:56+00:00,202608,0012120,삼호저축은행,310013,정기적금(자유적립식),영업점,"만기후 1개월 이내 해지시 약정금리 적용, 만기후 1개월 초과 이후 해지시 보통예금 이율적용",없음,1,없음,없음,,20260820,,202608201500,M,복리,F,자유적립식,12,3.75,3.75
030300,저축은행,2026-08-31T05:51:56+00:00,202608,0012120,삼호저축은행,310013,정기적금(자유적립식),영업점,"만기후 1개월 이내 해지시 약정금리 적용, 만기후 1개월 초과 이후 해지시 보통예금 이율적용",없음,1,없음,없음,,20260820,,202608201500,S,단리,F,자유적립식,12,3.75,3.75
030300,저축은행,2026-08-31T05:51:56+00:00,202608,0012120,삼호저축은행,310013,정기적금(자유적립식),영업점,"만기후 1개월 이내 해지시 약정금리 적용, 만기후 1개월 초과 이후 해지시 보통예금 이율적용",없음,1,없음,없음,,20260820,,202608201500,M,복리,F,자유적립식,24,3.5,3.5
030300,저축은행,2026-08-31T05:51:56+00:00,202608,0012120,삼호저축은행,310013,정기적금(자유적립식),영업점,"만기후 1개월 이내 해지시 약정금리 적용, 만기후 1개월 초과 이후 해지시 보통예금 이율적용",없음,1,없음,없음,,20260820,,202608201500,S,단리,F,자유적립식,24,3.5,3.5
030300,저축은행,2026-08-31T05:51:56+00:00,202608,0012120,삼호저축은행,310013,정기적금(자유적립식),영업점,"만기후 1개월 이내 해지시 약정금리 적용, 만기후 1개월 초과 이후 해지시 보통예금 이율적용",없음,1,없음,없음,,20260820,,202608201500,M,복리,F,자유적립식,36,3.5,3.5
030300,저축은행,2026-08-31T05:51:56+00:00,202608,0012120,삼호저축은행,310013,정기적금(자유적립식),영업점,"만기후 1개월 이내 해지시 약정금리 적용, 만기후 1개월 초과 이후 해지시 보통예금 이율적용",없음,1,없음,없음,,20260820,,202608201500,S,단리,F,자유적립식,36,3.5,3.5
030300,저축은행,2026-08-31T05:51:56+00:00,202608,0012120,삼호저축은행,310015,정기적금(자유적립식-인터넷뱅킹),"인터넷,스마트폰","만기후 1개월 이내 해지시 약정금리 적용, 만기후 1개월 초과 이후 해지시 보통예금 이율적용",없음,1,없음,없음,,20260820,,202608201500,S,단리,F,자유적립식,6,3.4,3.4
030300,저축은행,2026-08-31T05:51:56+00:00,202608,0012120,삼호저축은행,310015,정기적금(자유적립식-인터넷뱅킹),"인터넷,스마트폰","만기후 1개월 이내 해지시 약정금리 적용, 만기후 1개월 초과 이후 해지시 보통예금 이율적용",없음,1,없음,없음,,20260820,,202608201500,M,복리,F,자유적립식,6,3.4,3.4
030300,저축은행,2026-08-31T05:51:56+00:00,202608,0012120,삼호저축은행,310015,정기적금(자유적립식-인터넷뱅킹),"인터넷,스마트폰","만기후 1개월 이내 해지시 약정금리 적용, 만기후 1개월 초과 이후 해지시 보통예금 이율적용",없음,1,없음,없음,,20260820,,202608201500,S,단리,F,자유적립식,12,3.75,3.75
030300,저축은행,2026-08-31T05:51:56+00:00,202608,0012120,삼호저축은행,310015,정기적금(자유적립식-인터넷뱅킹),"인터넷,스마트폰","만기후 1개월 이내 해지시 약정금리 적용, 만기후 1개월 초과 이후 해지시 보통예금 이율적용",없음,1,없음,없음,,20260820,,202608201500,M,복리,F,자유적립식,12,3.75,3.75
030300,저축은행,2026-08-31T05:51:56+00:00,202608,0012120,삼호저축은행,310015,정기적금(자유적립식-인터넷뱅킹),"인터넷,스마트폰","만기후 1개월 이내 해지시 약정금리 적용, 만기후 1개월 초과 이후 해지시 보통예금 이율적용",없음,1,없음,없음,,20260820,,202608201500,S,단리,F,자유적립식,24,3.5,3.5
030300,저축은행,2026-08-31T05:51:56+00:00,202608,0012120,삼호저축은행,310015,정기적금(자유적립식-인터넷뱅킹),"인터넷,스마트폰","만기후 1개월 이내 해지시 약정금리 적용, 만기후 1개월 초과 이후 해지시 보통예금 이율적용",없음,1,없음,없음,,20260820,,202608201500,M,복리,F,자유적립식,24,3.5,3.5
030300,저축은행,2026-08-31T05:51:56+00:00,202608,0012120,삼호저축은행,310015,정기적금(자유적립식-인터넷뱅킹),"인터넷,스마트폰","만기후 1개월 이내 해지시 약정금리 적용, 만기후 1개월 초과 이후 해지시 보통예금 이율적용",없음,1,없음,없음,,20260820,,202608201500,S,단리,F,자유적립식,36,3.5,3.5
030300,저축은행,2026-08-31T05:51:56+00:00,202608,0012120,삼호저축은행,310015,정기적금(자유적립식-인터넷뱅킹),"인터넷,스마트폰","만기후 1개월 이내 해지시 약정금리 적용, 만기후 1개월 초과 이후 해지시 보통예금 이율적용",없음,1,없음,없음,,20260820,,202608201500,M,복리,F,자유적립식,36,3.5,3.5
030300,저축은행,2026-08-31T05:51:56+00:00,202608,0010473,상상인저축은행,GP310001,뱅뱅뱅 정기적금,스마트폰,연0.1%,없음,1,제한없음,없음,,20260820,,202608201500,M,복리,S,정액적립식,6,2.1,2.1
030300,저축은행,2026-08-31T05:51:56+00:00,202608,0010473,상상인저축은행,GP310001,뱅뱅뱅 정기적금,스마트폰,연0.1%,없음,1,제한없음,없음,,20260820,,202608201500,S,단리,S,정액적립식,6,2.1,2.1
030300,저축은행,2026-08-31T05:51:56+00:00,202608,0010473,상상인저축은행,GP310001,뱅뱅뱅 정기적금,스마트폰,연0.1%,없음,1,제한없음,없음,,20260820,,202608201500,M,복리,S,정액적립식,12,2.2,2.2
030300,저축은행,2026-08-31T05:51:56+00:00,202608,0010473,상상인저축은행,GP310001,뱅뱅뱅 정기적금,스마트폰,연0.1%,없음,1,제한없음,없음,,20260820,,202608201500,S,단리,S,정액적립식,12,2.2,2.2
030300,저축은행,2026-08-31T05:51:56+00:00,202608,0010473,상상인저축은행,GP310001,뱅뱅뱅 정기적금,스마트폰,연0.1%,없음,1,제한없음,없음,,20260820,,202608201500,M,복리,S,정액적립식,24,2.3,2.3
030300,저축은행,2026-08-31T05:51:56+00:00,202608,0010473,상상인저축은행,GP310001,뱅뱅뱅 정기적금,스마트폰,연0.1%,없음,1,제한없음,없음,,20260820,,202608201500,S,단리,S,정액적립식,24,2.3,2.3
030300,저축은행,2026-08-31T05:51:56+00:00,202608,0010473,상상인저축은행,GP310001,뱅뱅뱅 정기적금,스마트폰,연0.1%,없음,1,제한없음,없음,,20260820,,202608201500,M,복리,S,정액적립식,36,2.3,2.3
030300,저축은행,2026-08-31T05:51:56+00:00,202608,0010473,상상인저축은행,GP310001,뱅뱅뱅 정기적금,스마트폰,연0.1%,없음,1,제한없음,없음,,20260820,,202608201500,S,단리,S,정액적립식,36,2.3,2.3
030300,저축은행,2026-08-31T05:51:56+00:00,202608,0010473,상상인저축은행,GP310017,비대면 정기적금,스마트폰,연0.1%,없음,1,제한없음,없음,,20260820,,202608201500,S,단리,S,정액적립식,6,2.1,2.1
030300,저축은행,2026-08-31T05:51:56+00:00,202608,0010473,상상인저축은행,GP310017,비대면 정기적금,스마트폰,연0.1%,없음,1,제한없음,없음,,20260820,,202608201500,M,복리,S,정액적립식,6,2.1,2.1
030300,저축은행,2026-08-31T05:51:56+00:00,202608,0010473,상상인저축은행,GP310017,비대면 정기적금,스마트폰,연0.1%,없음,1,제한없음,없음,,20260820,,202608201500,S,단리,S,정액적립식,12,2.2,2.2
030300,저축은행,2026-08-31T05:51:56+00:00,202608,0010473,상상인저축은행,GP310017,비대면 정기적금,스마트폰,연0.1%,없음,1,제한없음,없음,,20260820,,202608201500,M,복리,S,정액적립식,12,2.2,2.2
030300,저축은행,2026-08-31T05:51:56+00:00,202608,0010473,상상인저축은행,GP310017,비대면 정기적금,스마트폰,연0.1%,없음,1,제한없음,없음,,20260820,,202608201500,S,단리,S,정액적립식,24,2.3,2.3
030300,저축은행,2026-08-31T05:51:56+00:00,202608,0010473,상상인저축은행,GP310017,비대면 정기적금,스마트폰,연0.1%,없음,1,제한없음,없음,,20260820,,202608201500,M,복리,S,정액적립식,24,2.3,2.3
030300,저축은행,2026-08-31T05:51:56+00:00,202608,0010473,상상인저축은행,GP310017,비대면 정기적금,스마트폰,연0.1%,없음,1,제한없음,없음,,20260820,,202608201500,S,단리,S,정액적립식,36,2.3,2.3
030300,저축은행,2026-08-31T05:51:56+00:00,202608,0010473,상상인저축은행,GP310017,비대면 정기적금,스마트폰,연0.1%,없음,1,제한없음,없음,,20260820,,202608201500,M,복리,S,정액적립식,36,2.3,2.3
030300,저축은행,2026-08-31T05:51:56+00:00,202608,0010473,상상인저축은행,GP310015,정기적금,"영업점,인터넷,스마트폰",연0.1%,없음,1,제한없음,없음,,20260820,,202608201500,S,단리,S,정액적립식,6,2.1,2.1
030300,저축은행,2026-08-31T05:51:56+00:00,202608,0010473,상상인저축은행,GP310015,정기적금,"영업점,인터넷,스마트폰",연0.1%,없음,1,제한없음,없음,,20260820,,202608201500,M,복리,S,정액적립식,6,2.1,2.1
030300,저축은행,2026-08-31T05:51:56+00:00,202608,0010473,상상인저축은행,GP310015,정기적금,"영업점,인터넷,스마트폰",연0.1%,없음,1,제한없음,없음,,20260820,,202608201500,S,단리,S,정액적립식,12,2.2,2.2
030300,저축은행,2026-08-31T05:51:56+00:00,202608,0010473,상상인저축은행,GP310015,정기적금,"영업점,인터넷,스마트폰",연0.1%,없음,1,제한없음,없음,,20260820,,202608201500,M,복리,S,정액적립식,12,2.2,2.2
030300,저축은행,2026-08-31T05:51:56+00:00,202608,0010473,상상인저축은행,GP310015,정기적금,"영업점,인터넷,스마트폰",연0.1%,없음,1,제한없음,없음,,20260820,,202608201500,S,단리,S,정액적립식,24,2.3,2.3
030300,저축은행,2026-08-31T05:51:56+00:00,202608,0010473,상상인저축은행,GP310015,정기적금,"영업점,인터넷,스마트폰",연0.1%,없음,1,제한없음,없음,,20260820,,202608201500,M,복리,S,정액적립식,24,2.3,2.3
030300,저축은행,2026-08-31T05:51:56+00:00,202608,0010473,상상인저축은행,GP310015,정기적금,"영업점,인터넷,스마트폰",연0.1%,없음,1,제한없음,없음,,20260820,,202608201500,S,단리,S,정액적립식,36,2.3,2.3
030300,저축은행,2026-08-31T05:51:56+00:00,202608,0010473,상상인저축은행,GP310015,정기적금,"영업점,인터넷,스마트폰",연0.1%,없음,1,제한없음,없음,,20260820,,202608201500,M,복리,S,정액적립식,36,2.3,2.3
030300,저축은행,2026-08-31T05:51:56+00:00,202608,0010508,상상인플러스저축은행,02011,e-정기적금,"인터넷,스마트폰","만기후 1개월 이내 : 최초 약정이율과 해지 시점 이율 비교 후 낮은금리 적용
만기후 1개월 이후 : 보통예금 이율 적용(연 0.1%)",없음,1,제한없음,"* 중도해지 이율
1개월 미만 : 연0.1%
1개월 이상 ~ 12개월 미만 : 약정이율의 50%
12개월 이상 ~ 24개월 미만 : 약정이율의 55%",,20260820,,202608201500,S,단리,S,정액적립식,6,2.1,2.1
030300,저축은행,2026-08-31T05:51:56+00:00,202608,0010508,상상인플러스저축은행,02011,e-정기적금,"인터넷,스마트폰","만기후 1개월 이내 : 최초 약정이율과 해지 시점 이율 비교 후 낮은금리 적용
만기후 1개월 이후 : 보통예금 이율 적용(연 0.1%)",없음,1,제한없음,"* 중도해지 이율
1개월 미만 : 연0.1%
1개월 이상 ~ 12개월 미만 : 약정이율의 50%
12개월 이상 ~ 24개월 미만 : 약정이율의 55%",,20260820,,202608201500,M,복리,S,정액적립식,6,2.1,2.1
030300,저축은행,2026-08-31T05:51:56+00:00,202608,0010508,상상인플러스저축은행,02011,e-정기적금,"인터넷,스마트폰","만기후 1개월 이내 : 최초 약정이율과 해지 시점 이율 비교 후 낮은금리 적용
만기후 1개월 이후 : 보통예금 이율 적용(연 0.1%)",없음,1,제한없음,"* 중도해지 이율
1개월 미만 : 연0.1%
1개월 이상 ~ 12개월 미만 : 약정이율의 50%
12개월 이상 ~ 24개월 미만 : 약정이율의 55%",,20260820,,202608201500,S,단리,S,정액적립식,12,2.2,2.2
030300,저축은행,2026-08-31T05:51:56+00:00,202608,0010508,상상인플러스저축은행,02011,e-정기적금,"인터넷,스마트폰","만기후 1개월 이내 : 최초 약정이율과 해지 시점 이율 비교 후 낮은금리 적용
만기후 1개월 이후 : 보통예금 이율 적용(연 0.1%)",없음,1,제한없음,"* 중도해지 이율
1개월 미만 : 연0.1%
1개월 이상 ~ 12개월 미만 : 약정이율의 50%
12개월 이상 ~ 24개월 미만 : 약정이율의 55%",,20260820,,202608201500,M,복리,S,정액적립식,12,2.2,2.2
030300,저축은행,2026-08-31T05:51:56+00:00,202608,0010508,상상인플러스저축은행,02011,e-정기적금,"인터넷,스마트폰","만기후 1개월 이내 : 최초 약정이율과 해지 시점 이율 비교 후 낮은금리 적용
만기후 1개월 이후 : 보통예금 이율 적용(연 0.1%)",없음,1,제한없음,"* 중도해지 이율
1개월 미만 : 연0.1%
1개월 이상 ~ 12개월 미만 : 약정이율의 50%
12개월 이상 ~ 24개월 미만 : 약정이율의 55%",,20260820,,202608201500,S,단리,S,정액적립식,24,2.3,2.3
030300,저축은행,2026-08-31T05:51:56+00:00,202608,0010508,상상인플러스저축은행,02011,e-정기적금,"인터넷,스마트폰","만기후 1개월 이내 : 최초 약정이율과 해지 시점 이율 비교 후 낮은금리 적용
만기후 1개월 이후 : 보통예금 이율 적용(연 0.1%)",없음,1,제한없음,"* 중도해지 이율
1개월 미만 : 연0.1%
1개월 이상 ~ 12개월 미만 : 약정이율의 50%
12개월 이상 ~ 24개월 미만 : 약정이율의 55%",,20260820,,202608201500,M,복리,S,정액적립식,24,2.3,2.3
030300,저축은행,2026-08-31T05:51:56+00:00,202608,0010508,상상인플러스저축은행,02011,e-정기적금,"인터넷,스마트폰","만기후 1개월 이내 : 최초 약정이율과 해지 시점 이율 비교 후 낮은금리 적용
만기후 1개월 이후 : 보통예금 이율 적용(연 0.1%)",없음,1,제한없음,"* 중도해지 이율
1개월 미만 : 연0.1%
1개월 이상 ~ 12개월 미만 : 약정이율의 50%
12개월 이상 ~ 24개월 미만 : 약정이율의 55%",,20260820,,202608201500,S,단리,S,정액적립식,36,2.3,2.3
030300,저축은행,2026-08-31T05:51:56+00:00,202608,0010508,상상인플러스저축은행,02011,e-정기적금,"인터넷,스마트폰","만기후 1개월 이내 : 최초 약정이율과 해지 시점 이율 비교 후 낮은금리 적용
만기후 1개월 이후 : 보통예금 이율 적용(연 0.1%)",없음,1,제한없음,"* 중도해지 이율
1개월 미만 : 연0.1%
1개월 이상 ~ 12개월 미만 : 약정이율의 50%
12개월 이상 ~ 24개월 미만 : 약정이율의 55%",,20260820,,202608201500,M,복리,S,정액적립식,36,2.3,2.3
030300,저축은행,2026-08-31T05:51:56+00:00,202608,0010508,상상인플러스저축은행,02012,비대면 정기적금,스마트폰,"만기후 1개월 이내 : 최초 약정이율과 해지 시점 이율 비교 후 낮은금리 적용
만기후 1개월 이후 : 보통예금 이율 적용(연 0.1%)",없음,1,제한없음,"* 중도해지 이율
1개월 미만 : 연0.1%
1개월 이상 ~ 12개월 미만 : 약정이율의 50%
12개월 이상 ~ 24개월 미만 : 약정이율의 55%",,20260820,,202608201500,S,단리,S,정액적립식,6,2.1,2.1
030300,저축은행,2026-08-31T05:51:56+00:00,202608,0010508,상상인플러스저축은행,02012,비대면 정기적금,스마트폰,"만기후 1개월 이내 : 최초 약정이율과 해지 시점 이율 비교 후 낮은금리 적용
만기후 1개월 이후 : 보통예금 이율 적용(연 0.1%)",없음,1,제한없음,"* 중도해지 이율
1개월 미만 : 연0.1%
1개월 이상 ~ 12개월 미만 : 약정이율의 50%
12개월 이상 ~ 24개월 미만 : 약정이율의 55%",,20260820,,202608201500,M,복리,S,정액적립식,6,2.1,2.1
030300,저축은행,2026-08-31T05:51:56+00:00,202608,0010508,상상인플러스저축은행,02012,비대면 정기적금,스마트폰,"만기후 1개월 이내 : 최초 약정이율과 해지 시점 이율 비교 후 낮은금리 적용
만기후 1개월 이후 : 보통예금 이율 적용(연 0.1%)",없음,1,제한없음,"* 중도해지 이율
1개월 미만 : 연0.1%
1개월 이상 ~ 12개월 미만 : 약정이율의 50%
12개월 이상 ~ 24개월 미만 : 약정이율의 55%",,20260820,,202608201500,S,단리,S,정액적립식,12,2.2,2.2
030300,저축은행,2026-08-31T05:51:56+00:00,202608,0010508,상상인플러스저축은행,02012,비대면 정기적금,스마트폰,"만기후 1개월 이내 : 최초 약정이율과 해지 시점 이율 비교 후 낮은금리 적용
만기후 1개월 이후 : 보통예금 이율 적용(연 0.1%)",없음,1,제한없음,"* 중도해지 이율
1개월 미만 : 연0.1%
1개월 이상 ~ 12개월 미만 : 약정이율의 50%
12개월 이상 ~ 24개월 미만 : 약정이율의 55%",,20260820,,202608201500,M,복리,S,정액적립식,12,2.2,2.2
030300,저축은행,2026-08-31T05:51:56+00:00,202608,0010508,상상인플러스저축은행,02012,비대면 정기적금,스마트폰,"만기후 1개월 이내 : 최초 약정이율과 해지 시점 이율 비교 후 낮은금리 적용
만기후 1개월 이후 : 보통예금 이율 적용(연 0.1%)",없음,1,제한없음,"* 중도해지 이율
1개월 미만 : 연0.1%
1개월 이상 ~ 12개월 미만 : 약정이율의 50%
12개월 이상 ~ 24개월 미만 : 약정이율의 55%",,20260820,,202608201500,S,단리,S,정액적립식,24,2.3,2.3
030300,저축은행,2026-08-31T05:51:56+00:00,202608,0010508,상상인플러스저축은행,02012,비대면 정기적금,스마트폰,"만기후 1개월 이내 : 최초 약정이율과 해지 시점 이율 비교 후 낮은금리 적용
만기후 1개월 이후 : 보통예금 이율 적용(연 0.1%)",없음,1,제한없음,"* 중도해지 이율
1개월 미만 : 연0.1%
1개월 이상 ~ 12개월 미만 : 약정이율의 50%
12개월 이상 ~ 24개월 미만 : 약정이율의 55%",,20260820,,202608201500,M,복리,S,정액적립식,24,2.3,2.3
030300,저축은행,2026-08-31T05:51:56+00:00,202608,0010508,상상인플러스저축은행,02012,비대면 정기적금,스마트폰,"만기후 1개월 이내 : 최초 약정이율과 해지 시점 이율 비교 후 낮은금리 적용
만기후 1개월 이후 : 보통예금 이율 적용(연 0.1%)",없음,1,제한없음,"* 중도해지 이율
1개월 미만 : 연0.1%
1개월 이상 ~ 12개월 미만 : 약정이율의 50%
12개월 이상 ~ 24개월 미만 : 약정이율의 55%",,20260820,,202608201500,S,단리,S,정액적립식,36,2.3,2.3
030300,저축은행,2026-08-31T05:51:56+00:00,202608,0010508,상상인플러스저축은행,02012,비대면 정기적금,스마트폰,"만기후 1개월 이내 : 최초 약정이율과 해지 시점 이율 비교 후 낮은금리 적용
만기후 1개월 이후 : 보통예금 이율 적용(연 0.1%)",없음,1,제한없음,"* 중도해지 이율
1개월 미만 : 연0.1%
1개월 이상 ~ 12개월 미만 : 약정이율의 50%
12개월 이상 ~ 24개월 미만 : 약정이율의 55%",,20260820,,202608201500,M,복리,S,정액적립식,36,2.3,2.3
030300,저축은행,2026-08-31T05:51:56+00:00,202608,0010508,상상인플러스저축은행,02010,정기적금,영업점,"만기후 1개월 이내 : 최초 약정이율과 해지 시점 이율 비교 후 낮은금리 적용
만기후 1개월 이후 : 보통예금 이율 적용(연 0.1%)",없음,1,제한없음,"* 중도해지 이율
1개월 미만 : 연0.1%
1개월 이상 ~ 12개월 미만 : 약정이율의 50%
12개월 이상 ~ 24개월 미만 : 약정이율의 55%",,20260820,,202608201500,M,복리,S,정액적립식,6,2.1,2.1
030300,저축은행,2026-08-31T05:51:56+00:00,202608,0010508,상상인플러스저축은행,02010,정기적금,영업점,"만기후 1개월 이내 : 최초 약정이율과 해지 시점 이율 비교 후 낮은금리 적용
만기후 1개월 이후 : 보통예금 이율 적용(연 0.1%)",없음,1,제한없음,"* 중도해지 이율
1개월 미만 : 연0.1%
1개월 이상 ~ 12개월 미만 : 약정이율의 50%
12개월 이상 ~ 24개월 미만 : 약정이율의 55%",,20260820,,202608201500,S,단리,S,정액적립식,6,2.1,2.1
030300,저축은행,2026-08-31T05:51:56+00:00,202608,0010508,상상인플러스저축은행,02010,정기적금,영업점,"만기후 1개월 이내 : 최초 약정이율과 해지 시점 이율 비교 후 낮은금리 적용
만기후 1개월 이후 : 보통예금 이율 적용(연 0.1%)",없음,1,제한없음,"* 중도해지 이율
1개월 미만 : 연0.1%
1개월 이상 ~ 12개월 미만 : 약정이율의 50%
12개월 이상 ~ 24개월 미만 : 약정이율의 55%",,20260820,,202608201500,M,복리,S,정액적립식,12,2.2,2.2
030300,저축은행,2026-08-31T05:51:56+00:00,202608,0010508,상상인플러스저축은행,02010,정기적금,영업점,"만기후 1개월 이내 : 최초 약정이율과 해지 시점 이율 비교 후 낮은금리 적용
만기후 1개월 이후 : 보통예금 이율 적용(연 0.1%)",없음,1,제한없음,"* 중도해지 이율
1개월 미만 : 연0.1%
1개월 이상 ~ 12개월 미만 : 약정이율의 50%
12개월 이상 ~ 24개월 미만 : 약정이율의 55%",,20260820,,202608201500,S,단리,S,정액적립식,12,2.2,2.2
030300,저축은행,2026-08-31T05:51:56+00:00,202608,0010508,상상인플러스저축은행,02010,정기적금,영업점,"만기후 1개월 이내 : 최초 약정이율과 해지 시점 이율 비교 후 낮은금리 적용
만기후 1개월 이후 : 보통예금 이율 적용(연 0.1%)",없음,1,제한없음,"* 중도해지 이율
1개월 미만 : 연0.1%
1개월 이상 ~ 12개월 미만 : 약정이율의 50%
12개월 이상 ~ 24개월 미만 : 약정이율의 55%",,20260820,,202608201500,M,복리,S,정액적립식,24,2.3,2.3
030300,저축은행,2026-08-31T05:51:56+00:00,202608,0010508,상상인플러스저축은행,02010,정기적금,영업점,"만기후 1개월 이내 : 최초 약정이율과 해지 시점 이율 비교 후 낮은금리 적용
만기후 1개월 이후 : 보통예금 이율 적용(연 0.1%)",없음,1,제한없음,"* 중도해지 이율
1개월 미만 : 연0.1%
1개월 이상 ~ 12개월 미만 : 약정이율의 50%
12개월 이상 ~ 24개월 미만 : 약정이율의 55%",,20260820,,202608201500,S,단리,S,정액적립식,24,2.3,2.3
030300,저축은행,2026-08-31T05:51:56+00:00,202608,0010508,상상인플러스저축은행,02010,정기적금,영업점,"만기후 1개월 이내 : 최초 약정이율과 해지 시점 이율 비교 후 낮은금리 적용
만기후 1개월 이후 : 보통예금 이율 적용(연 0.1%)",없음,1,제한없음,"* 중도해지 이율
1개월 미만 : 연0.1%
1개월 이상 ~ 12개월 미만 : 약정이율의 50%
12개월 이상 ~ 24개월 미만 : 약정이율의 55%",,20260820,,202608201500,M,복리,S,정액적립식,36,2.3,2.3
030300,저축은행,2026-08-31T05:51:56+00:00,202608,0010508,상상인플러스저축은행,02010,정기적금,영업점,"만기후 1개월 이내 : 최초 약정이율과 해지 시점 이율 비교 후 낮은금리 적용
만기후 1개월 이후 : 보통예금 이율 적용(연 0.1%)",없음,1,제한없음,"* 중도해지 이율
1개월 미만 : 연0.1%
1개월 이상 ~ 12개월 미만 : 약정이율의 50%
12개월 이상 ~ 24개월 미만 : 약정이율의 55%",,20260820,,202608201500,S,단리,S,정액적립식,36,2.3,2.3
030300,저축은행,2026-08-31T05:51:56+00:00,202608,0010508,상상인플러스저축은행,02070,크크크 정기적금,스마트폰,"만기후 1개월 이내 : 최초 약정이율과 해지 시점 이율 비교 후 낮은금리 적용
만기후 1개월 이후 : 보통예금 이율 적용(연 0.1%)",없음,1,제한없음,"* 중도해지 이율
1개월 미만 : 연0.1%
1개월 이상 ~ 12개월 미만 : 약정이율의 50%
12개월 이상 ~ 24개월 미만 : 약정이율의 55%",,20260820,,202608201500,M,복리,S,정액적립식,6,2.1,2.1
030300,저축은행,2026-08-31T05:51:56+00:00,202608,0010508,상상인플러스저축은행,02070,크크크 정기적금,스마트폰,"만기후 1개월 이내 : 최초 약정이율과 해지 시점 이율 비교 후 낮은금리 적용
만기후 1개월 이후 : 보통예금 이율 적용(연 0.1%)",없음,1,제한없음,"* 중도해지 이율
1개월 미만 : 연0.1%
1개월 이상 ~ 12개월 미만 : 약정이율의 50%
12개월 이상 ~ 24개월 미만 : 약정이율의 55%",,20260820,,202608201500,S,단리,S,정액적립식,6,2.1,2.1
030300,저축은행,2026-08-31T05:51:56+00:00,202608,0010508,상상인플러스저축은행,02070,크크크 정기적금,스마트폰,"만기후 1개월 이내 : 최초 약정이율과 해지 시점 이율 비교 후 낮은금리 적용
만기후 1개월 이후 : 보통예금 이율 적용(연 0.1%)",없음,1,제한없음,"* 중도해지 이율
1개월 미만 : 연0.1%
1개월 이상 ~ 12개월 미만 : 약정이율의 50%
12개월 이상 ~ 24개월 미만 : 약정이율의 55%",,20260820,,202608201500,M,복리,S,정액적립식,12,2.2,2.2
030300,저축은행,2026-08-31T05:51:56+00:00,202608,0010508,상상인플러스저축은행,02070,크크크 정기적금,스마트폰,"만기후 1개월 이내 : 최초 약정이율과 해지 시점 이율 비교 후 낮은금리 적용
만기후 1개월 이후 : 보통예금 이율 적용(연 0.1%)",없음,1,제한없음,"* 중도해지 이율
1개월 미만 : 연0.1%
1개월 이상 ~ 12개월 미만 : 약정이율의 50%
12개월 이상 ~ 24개월 미만 : 약정이율의 55%",,20260820,,202608201500,S,단리,S,정액적립식,12,2.2,2.2
030300,저축은행,2026-08-31T05:51:56+00:00,202608,0010508,상상인플러스저축은행,02070,크크크 정기적금,스마트폰,"만기후 1개월 이내 : 최초 약정이율과 해지 시점 이율 비교 후 낮은금리 적용
만기후 1개월 이후 : 보통예금 이율 적용(연 0.1%)",없음,1,제한없음,"* 중도해지 이율
1개월 미만 : 연0.1%
1개월 이상 ~ 12개월 미만 : 약정이율의 50%
12개월 이상 ~ 24개월 미만 : 약정이율의 55%",,20260820,,202608201500,M,복리,S,정액적립식,24,2.3,2.3
030300,저축은행,2026-08-31T05:51:56+00:00,202608,0010508,상상인플러스저축은행,02070,크크크 정기적금,스마트폰,"만기후 1개월 이내 : 최초 약정이율과 해지 시점 이율 비교 후 낮은금리 적용
만기후 1개월 이후 : 보통예금 이율 적용(연 0.1%)",없음,1,제한없음,"* 중도해지 이율
1개월 미만 : 연0.1%
1개월 이상 ~ 12개월 미만 : 약정이율의 50%
12개월 이상 ~ 24개월 미만 : 약정이율의 55%",,20260820,,202608201500,S,단리,S,정액적립식,24,2.3,2.3
030300,저축은행,2026-08-31T05:51:56+00:00,202608,0010508,상상인플러스저축은행,02070,크크크 정기적금,스마트폰,"만기후 1개월 이내 : 최초 약정이율과 해지 시점 이율 비교 후 낮은금리 적용
만기후 1개월 이후 : 보통예금 이율 적용(연 0.1%)",없음,1,제한없음,"* 중도해지 이율
1개월 미만 : 연0.1%
1개월 이상 ~ 12개월 미만 : 약정이율의 50%
12개월 이상 ~ 24개월 미만 : 약정이율의 55%",,20260820,,202608201500,M,복리,S,정액적립식,36,2.3,2.3
030300,저축은행,2026-08-31T05:51:56+00:00,202608,0010508,상상인플러스저축은행,02070,크크크 정기적금,스마트폰,"만기후 1개월 이내 : 최초 약정이율과 해지 시점 이율 비교 후 낮은금리 적용
만기후 1개월 이후 : 보통예금 이율 적용(연 0.1%)",없음,1,제한없음,"* 중도해지 이율
1개월 미만 : 연0.1%
1개월 이상 ~ 12개월 미만 : 약정이율의 50%
12개월 이상 ~ 24개월 미만 : 약정이율의 55%",,20260820,,202608201500,S,단리,S,정액적립식,36,2.3,2.3
030300,저축은행,2026-08-31T05:51:56+00:00,202608,0010468,세람저축은행,310601,내가디자인하는적금,영업점,"1개월내 : 약정금리와 해당 계약기간의 현행금리 중 낮은 금리 
1개월 초과: 보통예금 금리","해당 적용조건에 따른 우대금리 제공[0.1% ~ 0.5%]
-정기예금 이용 -첫번째 적금 가입 -고객등록5년이상 -2인이상 동반가입 -다자녀(3인)를 두신 -올해의 띠 -60세 이상 -계약기간 24개월 이상 -계약기간36개월 이상 -자동만기재예치 고객",1,제한없음,없음,,20260820,,202608201500,S,단리,S,정액적립식,12,3.8,4.3
030300,저축은행,2026-08-31T05:51:56+00:00,202608,0010468,세람저축은행,310601,내가디자인하는적금,영업점,"1개월내 : 약정금리와 해당 계약기간의 현행금리 중 낮은 금리 
1개월 초과: 보통예금 금리","해당 적용조건에 따른 우대금리 제공[0.1% ~ 0.5%]
-정기예금 이용 -첫번째 적금 가입 -고객등록5년이상 -2인이상 동반가입 -다자녀(3인)를 두신 -올해의 띠 -60세 이상 -계약기간 24개월 이상 -계약기간36개월 이상 -자동만기재예치 고객",1,제한없음,없음,,20260820,,202608201500,S,단리,S,정액적립식,24,3.8,4.3
030300,저축은행,2026-08-31T05:51:56+00:00,202608,0010468,세람저축은행,310601,내가디자인하는적금,영업점,"1개월내 : 약정금리와 해당 계약기간의 현행금리 중 낮은 금리 
1개월 초과: 보통예금 금리","해당 적용조건에 따른 우대금리 제공[0.1% ~ 0.5%]
-정기예금 이용 -첫번째 적금 가입 -고객등록5년이상 -2인이상 동반가입 -다자녀(3인)를 두신 -올해의 띠 -60세 이상 -계약기간 24개월 이상 -계약기간36개월 이상 -자동만기재예치 고객",1,제한없음,없음,,20260820,,202608201500,S,단리,S,정액적립식,36,3.8,4.3
030300,저축은행,2026-08-31T05:51:56+00:00,202608,0010468,세람저축은행,310035,비대면 정기적금,,"1개월내 : 약정금리와 해당 계약기간의 현행금리 중 낮은 금리 
1개월 초과: 보통예금 금리",없음,1,제한없음,없음,,20260820,,202608201500,S,단리,S,정액적립식,6,3,3
030300,저축은행,2026-08-31T05:51:56+00:00,202608,0010468,세람저축은행,310035,비대면 정기적금,,"1개월내 : 약정금리와 해당 계약기간의 현행금리 중 낮은 금리 
1개월 초과: 보통예금 금리",없음,1,제한없음,없음,,20260820,,202608201500,S,단리,S,정액적립식,12,3.8,3.8
030300,저축은행,2026-08-31T05:51:56+00:00,202608,0010468,세람저축은행,310035,비대면 정기적금,,"1개월내 : 약정금리와 해당 계약기간의 현행금리 중 낮은 금리 
1개월 초과: 보통예금 금리",없음,1,제한없음,없음,,20260820,,202608201500,S,단리,S,정액적립식,24,3.5,3.5
030300,저축은행,2026-08-31T05:51:56+00:00,202608,0010468,세람저축은행,310035,비대면 정기적금,,"1개월내 : 약정금리와 해당 계약기간의 현행금리 중 낮은 금리 
1개월 초과: 보통예금 금리",없음,1,제한없음,없음,,20260820,,202608201500,S,단리,S,정액적립식,36,3,3
030300,저축은행,2026-08-31T05:51:56+00:00,202608,0010468,세람저축은행,310001,정기적금,"영업점,인터넷,스마트폰","1개월내 : 약정금리와 해당 계약기간의 현행금리 중 낮은 금리 
1개월 초과: 보통예금 금리","인터넷뱅킹, 스마트폰뱅킹 가입 시 우대금리 지급(+0.2~0.3%)",1,제한없음,없음,,20260820,,202608201500,S,단리,F,자유적립식,6,2.4,2.4
030300,저축은행,2026-08-31T05:51:56+00:00,202608,0010468,세람저축은행,310001,정기적금,"영업점,인터넷,스마트폰","1개월내 : 약정금리와 해당 계약기간의 현행금리 중 낮은 금리 
1개월 초과: 보통예금 금리","인터넷뱅킹, 스마트폰뱅킹 가입 시 우대금리 지급(+0.2~0.3%)",1,제한없음,없음,,20260820,,202608201500,S,단리,S,정액적립식,6,3,3
030300,저축은행,2026-08-31T05:51:56+00:00,202608,0010468,세람저축은행,310001,정기적금,"영업점,인터넷,스마트폰","1개월내 : 약정금리와 해당 계약기간의 현행금리 중 낮은 금리 
1개월 초과: 보통예금 금리","인터넷뱅킹, 스마트폰뱅킹 가입 시 우대금리 지급(+0.2~0.3%)",1,제한없음,없음,,20260820,,202608201500,S,단리,F,자유적립식,12,2.6,2.6
030300,저축은행,2026-08-31T05:51:56+00:00,202608,0010468,세람저축은행,310001,정기적금,"영업점,인터넷,스마트폰","1개월내 : 약정금리와 해당 계약기간의 현행금리 중 낮은 금리 
1개월 초과: 보통예금 금리","인터넷뱅킹, 스마트폰뱅킹 가입 시 우대금리 지급(+0.2~0.3%)",1,제한없음,없음,,20260820,,202608201500,S,단리,S,정액적립식,12,3.8,3.8
030300,저축은행,2026-08-31T05:51:56+00:00,202608,0010468,세람저축은행,310001,정기적금,"영업점,인터넷,스마트폰","1개월내 : 약정금리와 해당 계약기간의 현행금리 중 낮은 금리 
1개월 초과: 보통예금 금리","인터넷뱅킹, 스마트폰뱅킹 가입 시 우대금리 지급(+0.2~0.3%)",1,제한없음,없음,,20260820,,202608201500,S,단리,F,자유적립식,24,2.4,2.4
030300,저축은행,2026-08-31T05:51:56+00:00,202608,0010468,세람저축은행,310001,정기적금,"영업점,인터넷,스마트폰","1개월내 : 약정금리와 해당 계약기간의 현행금리 중 낮은 금리 
1개월 초과: 보통예금 금리","인터넷뱅킹, 스마트폰뱅킹 가입 시 우대금리 지급(+0.2~0.3%)",1,제한없음,없음,,20260820,,202608201500,S,단리,S,정액적립식,24,3.5,3.5
030300,저축은행,2026-08-31T05:51:56+00:00,202608,0010468,세람저축은행,310001,정기적금,"영업점,인터넷,스마트폰","1개월내 : 약정금리와 해당 계약기간의 현행금리 중 낮은 금리 
1개월 초과: 보통예금 금리","인터넷뱅킹, 스마트폰뱅킹 가입 시 우대금리 지급(+0.2~0.3%)",1,제한없음,없음,,20260820,,202608201500,S,단리,F,자유적립식,36,2.4,2.4
030300,저축은행,2026-08-31T05:51:56+00:00,202608,0010468,세람저축은행,310001,정기적금,"영업점,인터넷,스마트폰","1개월내 : 약정금리와 해당 계약기간의 현행금리 중 낮은 금리 
1개월 초과: 보통예금 금리","인터넷뱅킹, 스마트폰뱅킹 가입 시 우대금리 지급(+0.2~0.3%)",1,제한없음,없음,,20260820,,202608201500,S,단리,S,정액적립식,36,3,3
030300,저축은행,2026-08-31T05:51:56+00:00,202608,0010468,세람저축은행,310052,착한운전정기적금,영업점,"1개월내 : 약정금리와 해당 계약기간의 현행금리 중 낮은 금리 
1개월 초과: 보통예금 금리","조건에 따른 우대금리[최저0.5%~최고1.0%] -착한운전마일리지 신청자, 저공해차량 운전자, 전기차운전자, 수소차운전자, 장애인차량운전자",1,제한없음,"1. 1인 1계좌
2. 1인당 가입한도 : 최대 월 100만원",,20260820,,202608201500,S,단리,S,정액적립식,12,3.8,4.8
030300,저축은행,2026-08-31T05:51:56+00:00,202608,0010468,세람저축은행,310058,펫밀리 정기적금,영업점,"1개월내 : 약정금리와 해당 계약기간의 현행금리 중 낮은 금리 
1개월 초과: 보통예금 금리",없음,1,반려동물 양육중인 개인고객,"1. 1인 1계좌
2. 1인당 가입한도 : 최대 월 100만원
3. 반려동물등록증, 예방접종내역서 등 기타 증빙자료 필요",,20260820,,202608201500,S,단리,S,정액적립식,12,5,5
030300,저축은행,2026-08-31T05:51:56+00:00,202608,0010468,세람저축은행,310056,행복나눔정기적금,영업점,"1개월내 : 약정금리와 해당 계약기간의 현행금리 중 낮은 금리 
1개월 초과: 보통예금 금리","조건에 따른 우대금리[최저0.5%~최고1.0%] -자원봉사자, 헌혈자",1,제한없음,"1. 1인 1계좌
2. 1인당 가입한도 : 최대 월 100만원",,20260820,,202608201500,S,단리,S,정액적립식,12,3.8,4.8
030300,저축은행,2026-08-31T05:51:56+00:00,202608,0010533,센트럴저축은행,38,자유 적립예금,영업점,- 보통예금 기본이율,없음,1,제한없음,없음,,20260820,,202608201500,M,복리,F,자유적립식,6,2,2
030300,저축은행,2026-08-31T05:51:56+00:00,202608,0010533,센트럴저축은행,38,자유 적립예금,영업점,- 보통예금 기본이율,없음,1,제한없음,없음,,20260820,,202608201500,M,복리,F,자유적립식,12,1.8,1.8
030300,저축은행,2026-08-31T05:51:56+00:00,202608,0010533,센트럴저축은행,38,자유 적립예금,영업점,- 보통예금 기본이율,없음,1,제한없음,없음,,20260820,,202608201500,M,복리,F,자유적립식,24,1.8,1.8
030300,저축은행,2026-08-31T05:51:56+00:00,202608,0010533,센트럴저축은행,38,자유 적립예금,영업점,- 보통예금 기본이율,없음,1,제한없음,없음,,20260820,,202608201500,M,복리,F,자유적립식,36,1.8,1.8
030300,저축은행,2026-08-31T05:51:56+00:00,202608,0010533,센트럴저축은행,31,정기적금,영업점,(만기 후 예치 기간 기준) * 1개월까지: 당초 약정이율 * 1개월 초과: 0.5%,없음.,1,제한없음.,중도해지 이율 (실 예치 기간 기준) *1개월 미만: 0.5% *1개월~3개월 미만: 1.0% *3개월~6개월 미만: 1.3% *6개월~10개월 미만: 1.6% *10개월 이상: 1.8%,,20260820,,202608201500,S,단리,S,정액적립식,6,2,2
030300,저축은행,2026-08-31T05:51:56+00:00,202608,0010533,센트럴저축은행,31,정기적금,영업점,(만기 후 예치 기간 기준) * 1개월까지: 당초 약정이율 * 1개월 초과: 0.5%,없음.,1,제한없음.,중도해지 이율 (실 예치 기간 기준) *1개월 미만: 0.5% *1개월~3개월 미만: 1.0% *3개월~6개월 미만: 1.3% *6개월~10개월 미만: 1.6% *10개월 이상: 1.8%,,20260820,,202608201500,S,단리,S,정액적립식,12,3,3
030300,저축은행,2026-08-31T05:51:56+00:00,202608,0010533,센트럴저축은행,31,정기적금,영업점,(만기 후 예치 기간 기준) * 1개월까지: 당초 약정이율 * 1개월 초과: 0.5%,없음.,1,제한없음.,중도해지 이율 (실 예치 기간 기준) *1개월 미만: 0.5% *1개월~3개월 미만: 1.0% *3개월~6개월 미만: 1.3% *6개월~10개월 미만: 1.6% *10개월 이상: 1.8%,,20260820,,202608201500,S,단리,S,정액적립식,24,3.2,3.2
030300,저축은행,2026-08-31T05:51:56+00:00,202608,0010533,센트럴저축은행,31,정기적금,영업점,(만기 후 예치 기간 기준) * 1개월까지: 당초 약정이율 * 1개월 초과: 0.5%,없음.,1,제한없음.,중도해지 이율 (실 예치 기간 기준) *1개월 미만: 0.5% *1개월~3개월 미만: 1.0% *3개월~6개월 미만: 1.3% *6개월~10개월 미만: 1.6% *10개월 이상: 1.8%,,20260820,,202608201500,S,단리,S,정액적립식,36,3.2,3.2
030300,저축은행,2026-08-31T05:51:56+00:00,202608,0010533,센트럴저축은행,310005,"정기적금 (인터넷뱅킹,스마트뱅킹,비대면)","인터넷,스마트폰",(만기 후 예치 기간 기준) * 1개월까지: 당초 약정이율 * 1개월 초과: 0.5%,없음.,1,제한없음.,중도해지 이율 (실 예치 기간 기준) *1개월 미만: 0.5% *1개월~3개월 미만: 1.0% *3개월~6개월 미만: 1.3% *6개월~10개월 미만: 1.6% *10개월 이상: 1.8%,,20260820,,202608201500,S,단리,S,정액적립식,6,2,2
030300,저축은행,2026-08-31T05:51:56+00:00,202608,0010533,센트럴저축은행,310005,"정기적금 (인터넷뱅킹,스마트뱅킹,비대면)","인터넷,스마트폰",(만기 후 예치 기간 기준) * 1개월까지: 당초 약정이율 * 1개월 초과: 0.5%,없음.,1,제한없음.,중도해지 이율 (실 예치 기간 기준) *1개월 미만: 0.5% *1개월~3개월 미만: 1.0% *3개월~6개월 미만: 1.3% *6개월~10개월 미만: 1.6% *10개월 이상: 1.8%,,20260820,,202608201500,S,단리,S,정액적립식,12,3,3
030300,저축은행,2026-08-31T05:51:56+00:00,202608,0010533,센트럴저축은행,310005,"정기적금 (인터넷뱅킹,스마트뱅킹,비대면)","인터넷,스마트폰",(만기 후 예치 기간 기준) * 1개월까지: 당초 약정이율 * 1개월 초과: 0.5%,없음.,1,제한없음.,중도해지 이율 (실 예치 기간 기준) *1개월 미만: 0.5% *1개월~3개월 미만: 1.0% *3개월~6개월 미만: 1.3% *6개월~10개월 미만: 1.6% *10개월 이상: 1.8%,,20260820,,202608201500,S,단리,S,정액적립식,24,3.2,3.2
030300,저축은행,2026-08-31T05:51:56+00:00,202608,0010533,센트럴저축은행,310005,"정기적금 (인터넷뱅킹,스마트뱅킹,비대면)","인터넷,스마트폰",(만기 후 예치 기간 기준) * 1개월까지: 당초 약정이율 * 1개월 초과: 0.5%,없음.,1,제한없음.,중도해지 이율 (실 예치 기간 기준) *1개월 미만: 0.5% *1개월~3개월 미만: 1.0% *3개월~6개월 미만: 1.3% *6개월~10개월 미만: 1.6% *10개월 이상: 1.8%,,20260820,,202608201500,S,단리,S,정액적립식,36,3.2,3.2
030300,저축은행,2026-08-31T05:51:56+00:00,202608,0010572,솔브레인저축은행,310009,자유정기적금,"영업점,인터넷,스마트폰","- 만기후 1개월 까지 : 계약기간별 [가입 시 약정이율과 만기시점 약정이율] 중 낮은이율(고정)
- 만기후 1개월 이후 : 현행 보통예금 이율",없음,1,제한없음,없음,,20260820,,202608201500,S,단리,F,자유적립식,6,2.3,2.3
030300,저축은행,2026-08-31T05:51:56+00:00,202608,0010572,솔브레인저축은행,310009,자유정기적금,"영업점,인터넷,스마트폰","- 만기후 1개월 까지 : 계약기간별 [가입 시 약정이율과 만기시점 약정이율] 중 낮은이율(고정)
- 만기후 1개월 이후 : 현행 보통예금 이율",없음,1,제한없음,없음,,20260820,,202608201500,S,단리,F,자유적립식,12,3.1,3.1
030300,저축은행,2026-08-31T05:51:56+00:00,202608,0010572,솔브레인저축은행,310009,자유정기적금,"영업점,인터넷,스마트폰","- 만기후 1개월 까지 : 계약기간별 [가입 시 약정이율과 만기시점 약정이율] 중 낮은이율(고정)
- 만기후 1개월 이후 : 현행 보통예금 이율",없음,1,제한없음,없음,,20260820,,202608201500,S,단리,F,자유적립식,24,2.3,2.3
030300,저축은행,2026-08-31T05:51:56+00:00,202608,0010572,솔브레인저축은행,310009,자유정기적금,"영업점,인터넷,스마트폰","- 만기후 1개월 까지 : 계약기간별 [가입 시 약정이율과 만기시점 약정이율] 중 낮은이율(고정)
- 만기후 1개월 이후 : 현행 보통예금 이율",없음,1,제한없음,없음,,20260820,,202608201500,S,단리,F,자유적립식,36,2.4,2.4
030300,저축은행,2026-08-31T05:51:56+00:00,202608,0010572,솔브레인저축은행,310010,정기적금,"영업점,인터넷,스마트폰","- 만기후 1개월 까지 : 계약기간별 [가입 시 지급이율과 만기 시 약정이율] 중 낮은이율
- 만기후 1개월 이후 : 보통예금 이율(0.3%)","- 만기해지 시 지급이율적용
[지급이율=약정이율+우대이율
(약정이율은 가입시 정기예금 1년제(단리/창구판매)이율적용)]",1,제한없음,없음,,20260820,,202608201500,S,단리,S,정액적립식,6,2.5,2.5
030300,저축은행,2026-08-31T05:51:56+00:00,202608,0010572,솔브레인저축은행,310010,정기적금,"영업점,인터넷,스마트폰","- 만기후 1개월 까지 : 계약기간별 [가입 시 지급이율과 만기 시 약정이율] 중 낮은이율
- 만기후 1개월 이후 : 보통예금 이율(0.3%)","- 만기해지 시 지급이율적용
[지급이율=약정이율+우대이율
(약정이율은 가입시 정기예금 1년제(단리/창구판매)이율적용)]",1,제한없음,없음,,20260820,,202608201500,S,단리,S,정액적립식,12,3.3,3.3
030300,저축은행,2026-08-31T05:51:56+00:00,202608,0010572,솔브레인저축은행,310010,정기적금,"영업점,인터넷,스마트폰","- 만기후 1개월 까지 : 계약기간별 [가입 시 지급이율과 만기 시 약정이율] 중 낮은이율
- 만기후 1개월 이후 : 보통예금 이율(0.3%)","- 만기해지 시 지급이율적용
[지급이율=약정이율+우대이율
(약정이율은 가입시 정기예금 1년제(단리/창구판매)이율적용)]",1,제한없음,없음,,20260820,,202608201500,S,단리,S,정액적립식,24,2.5,2.5
030300,저축은행,2026-08-31T05:51:56+00:00,202608,0010572,솔브레인저축은행,310010,정기적금,"영업점,인터넷,스마트폰","- 만기후 1개월 까지 : 계약기간별 [가입 시 지급이율과 만기 시 약정이율] 중 낮은이율
- 만기후 1개월 이후 : 보통예금 이율(0.3%)","- 만기해지 시 지급이율적용
[지급이율=약정이율+우대이율
(약정이율은 가입시 정기예금 1년제(단리/창구판매)이율적용)]",1,제한없음,없음,,20260820,,202608201500,S,단리,S,정액적립식,36,2.6,2.6
030300,저축은행,2026-08-31T05:51:56+00:00,202608,0010534,스마트저축은행,WR0001N,e-로운 정기적금,스마트폰,"○ 만기후 1개월이내 : 가입당시 약정이율과 만기시점 해당상품 신규약정이율 중 낮은이율 
○ 만기후 1개월이후 : 0.3%",없음,1,누구나 가입가능,가입채널 제한(스마트폰 전용),,20260820,,202608201500,S,단리,S,정액적립식,6,2.5,2.5
030300,저축은행,2026-08-31T05:51:56+00:00,202608,0010534,스마트저축은행,WR0001N,e-로운 정기적금,스마트폰,"○ 만기후 1개월이내 : 가입당시 약정이율과 만기시점 해당상품 신규약정이율 중 낮은이율 
○ 만기후 1개월이후 : 0.3%",없음,1,누구나 가입가능,가입채널 제한(스마트폰 전용),,20260820,,202608201500,S,단리,S,정액적립식,12,3,3
030300,저축은행,2026-08-31T05:51:56+00:00,202608,0010534,스마트저축은행,WR0001N,e-로운 정기적금,스마트폰,"○ 만기후 1개월이내 : 가입당시 약정이율과 만기시점 해당상품 신규약정이율 중 낮은이율 
○ 만기후 1개월이후 : 0.3%",없음,1,누구나 가입가능,가입채널 제한(스마트폰 전용),,20260820,,202608201500,S,단리,S,정액적립식,24,3.1,3.1
030300,저축은행,2026-08-31T05:51:56+00:00,202608,0010534,스마트저축은행,WR0001N,e-로운 정기적금,스마트폰,"○ 만기후 1개월이내 : 가입당시 약정이율과 만기시점 해당상품 신규약정이율 중 낮은이율 
○ 만기후 1개월이후 : 0.3%",없음,1,누구나 가입가능,가입채널 제한(스마트폰 전용),,20260820,,202608201500,S,단리,S,정액적립식,36,3.2,3.2
030300,저축은행,2026-08-31T05:51:56+00:00,202608,0010534,스마트저축은행,WR0001K,e-정기적금,"인터넷,스마트폰","○ 만기후 1개월이내 : 가입당시 약정이율과 만기시점 해당상품 신규약정이율 중 낮은이율 
○ 만기후 1개월이후 : 0.3%",없음,1,누구나 가입가능,"가입채널 제한(인터넷, 모바일 전용)",,20260820,,202608201500,S,단리,S,정액적립식,6,2.5,2.5
030300,저축은행,2026-08-31T05:51:56+00:00,202608,0010534,스마트저축은행,WR0001K,e-정기적금,"인터넷,스마트폰","○ 만기후 1개월이내 : 가입당시 약정이율과 만기시점 해당상품 신규약정이율 중 낮은이율 
○ 만기후 1개월이후 : 0.3%",없음,1,누구나 가입가능,"가입채널 제한(인터넷, 모바일 전용)",,20260820,,202608201500,S,단리,S,정액적립식,12,3,3
030300,저축은행,2026-08-31T05:51:56+00:00,202608,0010534,스마트저축은행,WR0001K,e-정기적금,"인터넷,스마트폰","○ 만기후 1개월이내 : 가입당시 약정이율과 만기시점 해당상품 신규약정이율 중 낮은이율 
○ 만기후 1개월이후 : 0.3%",없음,1,누구나 가입가능,"가입채널 제한(인터넷, 모바일 전용)",,20260820,,202608201500,S,단리,S,정액적립식,24,3.1,3.1
030300,저축은행,2026-08-31T05:51:56+00:00,202608,0010534,스마트저축은행,WR0001K,e-정기적금,"인터넷,스마트폰","○ 만기후 1개월이내 : 가입당시 약정이율과 만기시점 해당상품 신규약정이율 중 낮은이율 
○ 만기후 1개월이후 : 0.3%",없음,1,누구나 가입가능,"가입채널 제한(인터넷, 모바일 전용)",,20260820,,202608201500,S,단리,S,정액적립식,36,3.2,3.2
030300,저축은행,2026-08-31T05:51:56+00:00,202608,0010534,스마트저축은행,WR0001V,스마트 아이플러스 정기적금,영업점,"○ 만기후 1개월이내 : 가입당시 약정이율과 만기시점 일반적금 신규약정이율 중 낮은이율
○ 만기후 1개월이후 : 0.3%","만 18세 이하 자녀 수 2명 우대이율 2.0%,
자녀 수 3명 이상 우대이율 3.0%",1,만 18세이하 다자녀를 둔 부모,가입채널 제한(창구 전용) / 가입금액 제한(월 불입액 50만 원) / 1인 1계좌 / 본 상품은 한도금액 초과 시 조기에 소진될 수 있습니다.,500000,20260820,,202608201500,S,단리,S,정액적립식,12,3,3
030300,저축은행,2026-08-31T05:51:56+00:00,202608,0010534,스마트저축은행,WR0001B,정기적금,영업점,"○ 만기후 1개월이내 : 가입당시 약정이율과 만기시점 해당상품 신규약정이율 중 낮은이율 
○ 만기후 1개월이후 : 0.3%",없음,1,누구나 가입가능,가입한도 없음,,20260820,,202608201500,S,단리,S,정액적립식,6,2.5,2.5
030300,저축은행,2026-08-31T05:51:56+00:00,202608,0010534,스마트저축은행,WR0001B,정기적금,영업점,"○ 만기후 1개월이내 : 가입당시 약정이율과 만기시점 해당상품 신규약정이율 중 낮은이율 
○ 만기후 1개월이후 : 0.3%",없음,1,누구나 가입가능,가입한도 없음,,20260820,,202608201500,S,단리,S,정액적립식,12,3,3
030300,저축은행,2026-08-31T05:51:56+00:00,202608,0010534,스마트저축은행,WR0001B,정기적금,영업점,"○ 만기후 1개월이내 : 가입당시 약정이율과 만기시점 해당상품 신규약정이율 중 낮은이율 
○ 만기후 1개월이후 : 0.3%",없음,1,누구나 가입가능,가입한도 없음,,20260820,,202608201500,S,단리,S,정액적립식,24,3.1,3.1
030300,저축은행,2026-08-31T05:51:56+00:00,202608,0010534,스마트저축은행,WR0001B,정기적금,영업점,"○ 만기후 1개월이내 : 가입당시 약정이율과 만기시점 해당상품 신규약정이율 중 낮은이율 
○ 만기후 1개월이후 : 0.3%",없음,1,누구나 가입가능,가입한도 없음,,20260820,,202608201500,S,단리,S,정액적립식,36,3.2,3.2
030300,저축은행,2026-08-31T05:51:56+00:00,202608,0010350,스카이저축은행,310013,b-정기적금,"인터넷,스마트폰",없음,*만기후 1개월 이내 : 만기시점 동일상품 동일계약기간의 신규약정금리 *만기후 1개월 초과 :보통예금이율,1,제한없음,최소금액:1만원이상,,20260820,,202608201500,S,단리,S,정액적립식,6,3.4,3.4
030300,저축은행,2026-08-31T05:51:56+00:00,202608,0010350,스카이저축은행,310013,b-정기적금,"인터넷,스마트폰",없음,*만기후 1개월 이내 : 만기시점 동일상품 동일계약기간의 신규약정금리 *만기후 1개월 초과 :보통예금이율,1,제한없음,최소금액:1만원이상,,20260820,,202608201500,M,복리,S,정액적립식,6,3.4,3.4
030300,저축은행,2026-08-31T05:51:56+00:00,202608,0010350,스카이저축은행,310013,b-정기적금,"인터넷,스마트폰",없음,*만기후 1개월 이내 : 만기시점 동일상품 동일계약기간의 신규약정금리 *만기후 1개월 초과 :보통예금이율,1,제한없음,최소금액:1만원이상,,20260820,,202608201500,S,단리,S,정액적립식,12,3.8,3.8
030300,저축은행,2026-08-31T05:51:56+00:00,202608,0010350,스카이저축은행,310013,b-정기적금,"인터넷,스마트폰",없음,*만기후 1개월 이내 : 만기시점 동일상품 동일계약기간의 신규약정금리 *만기후 1개월 초과 :보통예금이율,1,제한없음,최소금액:1만원이상,,20260820,,202608201500,M,복리,S,정액적립식,12,3.8,3.8
030300,저축은행,2026-08-31T05:51:56+00:00,202608,0010350,스카이저축은행,310013,b-정기적금,"인터넷,스마트폰",없음,*만기후 1개월 이내 : 만기시점 동일상품 동일계약기간의 신규약정금리 *만기후 1개월 초과 :보통예금이율,1,제한없음,최소금액:1만원이상,,20260820,,202608201500,S,단리,S,정액적립식,24,3.9,3.9
030300,저축은행,2026-08-31T05:51:56+00:00,202608,0010350,스카이저축은행,310013,b-정기적금,"인터넷,스마트폰",없음,*만기후 1개월 이내 : 만기시점 동일상품 동일계약기간의 신규약정금리 *만기후 1개월 초과 :보통예금이율,1,제한없음,최소금액:1만원이상,,20260820,,202608201500,M,복리,S,정액적립식,24,3.9,3.9
030300,저축은행,2026-08-31T05:51:56+00:00,202608,0010350,스카이저축은행,310013,b-정기적금,"인터넷,스마트폰",없음,*만기후 1개월 이내 : 만기시점 동일상품 동일계약기간의 신규약정금리 *만기후 1개월 초과 :보통예금이율,1,제한없음,최소금액:1만원이상,,20260820,,202608201500,S,단리,S,정액적립식,36,3.9,3.9
030300,저축은행,2026-08-31T05:51:56+00:00,202608,0010350,스카이저축은행,310013,b-정기적금,"인터넷,스마트폰",없음,*만기후 1개월 이내 : 만기시점 동일상품 동일계약기간의 신규약정금리 *만기후 1개월 초과 :보통예금이율,1,제한없음,최소금액:1만원이상,,20260820,,202608201500,M,복리,S,정액적립식,36,3.9,3.9
030300,저축은행,2026-08-31T05:51:56+00:00,202608,0010350,스카이저축은행,310011,e-정기적금,"인터넷,스마트폰",없음,*만기후 1개월 이내 : 만기시점 동일상품 동일계약기간의 신규약정금리 *만기후 1개월 초과 :보통예금이율,1,제한없음,최소금액:1만원이상,,20260820,,202608201500,M,복리,S,정액적립식,6,3.4,3.4
030300,저축은행,2026-08-31T05:51:56+00:00,202608,0010350,스카이저축은행,310011,e-정기적금,"인터넷,스마트폰",없음,*만기후 1개월 이내 : 만기시점 동일상품 동일계약기간의 신규약정금리 *만기후 1개월 초과 :보통예금이율,1,제한없음,최소금액:1만원이상,,20260820,,202608201500,S,단리,S,정액적립식,6,3.4,3.4
030300,저축은행,2026-08-31T05:51:56+00:00,202608,0010350,스카이저축은행,310011,e-정기적금,"인터넷,스마트폰",없음,*만기후 1개월 이내 : 만기시점 동일상품 동일계약기간의 신규약정금리 *만기후 1개월 초과 :보통예금이율,1,제한없음,최소금액:1만원이상,,20260820,,202608201500,M,복리,S,정액적립식,12,3.8,3.8
030300,저축은행,2026-08-31T05:51:56+00:00,202608,0010350,스카이저축은행,310011,e-정기적금,"인터넷,스마트폰",없음,*만기후 1개월 이내 : 만기시점 동일상품 동일계약기간의 신규약정금리 *만기후 1개월 초과 :보통예금이율,1,제한없음,최소금액:1만원이상,,20260820,,202608201500,S,단리,S,정액적립식,12,3.8,3.8
030300,저축은행,2026-08-31T05:51:56+00:00,202608,0010350,스카이저축은행,310011,e-정기적금,"인터넷,스마트폰",없음,*만기후 1개월 이내 : 만기시점 동일상품 동일계약기간의 신규약정금리 *만기후 1개월 초과 :보통예금이율,1,제한없음,최소금액:1만원이상,,20260820,,202608201500,M,복리,S,정액적립식,24,3.9,3.9
030300,저축은행,2026-08-31T05:51:56+00:00,202608,0010350,스카이저축은행,310011,e-정기적금,"인터넷,스마트폰",없음,*만기후 1개월 이내 : 만기시점 동일상품 동일계약기간의 신규약정금리 *만기후 1개월 초과 :보통예금이율,1,제한없음,최소금액:1만원이상,,20260820,,202608201500,S,단리,S,정액적립식,24,3.9,3.9
030300,저축은행,2026-08-31T05:51:56+00:00,202608,0010350,스카이저축은행,310011,e-정기적금,"인터넷,스마트폰",없음,*만기후 1개월 이내 : 만기시점 동일상품 동일계약기간의 신규약정금리 *만기후 1개월 초과 :보통예금이율,1,제한없음,최소금액:1만원이상,,20260820,,202608201500,M,복리,S,정액적립식,36,3.9,3.9
030300,저축은행,2026-08-31T05:51:56+00:00,202608,0010350,스카이저축은행,310011,e-정기적금,"인터넷,스마트폰",없음,*만기후 1개월 이내 : 만기시점 동일상품 동일계약기간의 신규약정금리 *만기후 1개월 초과 :보통예금이율,1,제한없음,최소금액:1만원이상,,20260820,,202608201500,S,단리,S,정액적립식,36,3.9,3.9
030300,저축은행,2026-08-31T05:51:56+00:00,202608,0010350,스카이저축은행,310010,정기적금,영업점,없음,*만기후 1개월 이내 : 만기시점 동일상품 동일계약기간의 신규약정금리 *만기후 1개월 초과 :보통예금이율,1,제한없음,최소금액:1만원이상,,20260820,,202608201500,S,단리,S,정액적립식,6,3.3,3.3
030300,저축은행,2026-08-31T05:51:56+00:00,202608,0010350,스카이저축은행,310010,정기적금,영업점,없음,*만기후 1개월 이내 : 만기시점 동일상품 동일계약기간의 신규약정금리 *만기후 1개월 초과 :보통예금이율,1,제한없음,최소금액:1만원이상,,20260820,,202608201500,M,복리,S,정액적립식,6,3.3,3.3
030300,저축은행,2026-08-31T05:51:56+00:00,202608,0010350,스카이저축은행,310010,정기적금,영업점,없음,*만기후 1개월 이내 : 만기시점 동일상품 동일계약기간의 신규약정금리 *만기후 1개월 초과 :보통예금이율,1,제한없음,최소금액:1만원이상,,20260820,,202608201500,S,단리,S,정액적립식,12,3.7,3.7
030300,저축은행,2026-08-31T05:51:56+00:00,202608,0010350,스카이저축은행,310010,정기적금,영업점,없음,*만기후 1개월 이내 : 만기시점 동일상품 동일계약기간의 신규약정금리 *만기후 1개월 초과 :보통예금이율,1,제한없음,최소금액:1만원이상,,20260820,,202608201500,M,복리,S,정액적립식,12,3.7,3.7
030300,저축은행,2026-08-31T05:51:56+00:00,202608,0010350,스카이저축은행,310010,정기적금,영업점,없음,*만기후 1개월 이내 : 만기시점 동일상품 동일계약기간의 신규약정금리 *만기후 1개월 초과 :보통예금이율,1,제한없음,최소금액:1만원이상,,20260820,,202608201500,S,단리,S,정액적립식,24,3.8,3.8
030300,저축은행,2026-08-31T05:51:56+00:00,202608,0010350,스카이저축은행,310010,정기적금,영업점,없음,*만기후 1개월 이내 : 만기시점 동일상품 동일계약기간의 신규약정금리 *만기후 1개월 초과 :보통예금이율,1,제한없음,최소금액:1만원이상,,20260820,,202608201500,M,복리,S,정액적립식,24,3.8,3.8
030300,저축은행,2026-08-31T05:51:56+00:00,202608,0010350,스카이저축은행,310010,정기적금,영업점,없음,*만기후 1개월 이내 : 만기시점 동일상품 동일계약기간의 신규약정금리 *만기후 1개월 초과 :보통예금이율,1,제한없음,최소금액:1만원이상,,20260820,,202608201500,S,단리,S,정액적립식,36,3.8,3.8
030300,저축은행,2026-08-31T05:51:56+00:00,202608,0010350,스카이저축은행,310010,정기적금,영업점,없음,*만기후 1개월 이내 : 만기시점 동일상품 동일계약기간의 신규약정금리 *만기후 1개월 초과 :보통예금이율,1,제한없음,최소금액:1만원이상,,20260820,,202608201500,M,복리,S,정액적립식,36,3.8,3.8
030300,저축은행,2026-08-31T05:51:56+00:00,202608,0010521,스타저축은행,310005,꿈나무 정기적금,영업점,"*만기후 1개월이내: 최초 약정이율과 만기시점 이율 중 낮은 금리 적용, 만기후 1개월 초과: 보통예금 금리 적용","※ 가입기간 중 출산시 우대 금리 제공
①가입기가 중 출산시 + 1.00%
②가입기간 중 다둥이 가정(미성년 자녀 2명 이상) 출산시 + 1.50%
*①,②는 중복 적용불가 및 출산한 아이 기준 1계좌 혜택
*단위는 연%",1,제한없음,"*가입한도: 월 불입액 1만원 ~ 50만원 이하
*대면가입
*만기시 증빙서류 첨부시 우대 혜택 제공",,20260820,,202608201500,S,단리,S,정액적립식,12,3.5,3.5
030300,저축은행,2026-08-31T05:51:56+00:00,202608,0010521,스타저축은행,310004,스타e_정기적금,"인터넷,스마트폰","*만기후 1개월이내: 최초 약정이율과 만기시점 이율 중 낮은 금리 적용, 만기후 1개월 초과: 보통예금 금리 적용",없음,1,제한없음,없음,,20260820,,202608201500,S,단리,S,정액적립식,6,2,2
030300,저축은행,2026-08-31T05:51:56+00:00,202608,0010521,스타저축은행,310004,스타e_정기적금,"인터넷,스마트폰","*만기후 1개월이내: 최초 약정이율과 만기시점 이율 중 낮은 금리 적용, 만기후 1개월 초과: 보통예금 금리 적용",없음,1,제한없음,없음,,20260820,,202608201500,S,단리,S,정액적립식,12,3.5,3.5
030300,저축은행,2026-08-31T05:51:56+00:00,202608,0010521,스타저축은행,310004,스타e_정기적금,"인터넷,스마트폰","*만기후 1개월이내: 최초 약정이율과 만기시점 이율 중 낮은 금리 적용, 만기후 1개월 초과: 보통예금 금리 적용",없음,1,제한없음,없음,,20260820,,202608201500,S,단리,S,정액적립식,24,3,3
030300,저축은행,2026-08-31T05:51:56+00:00,202608,0010521,스타저축은행,310004,스타e_정기적금,"인터넷,스마트폰","*만기후 1개월이내: 최초 약정이율과 만기시점 이율 중 낮은 금리 적용, 만기후 1개월 초과: 보통예금 금리 적용",없음,1,제한없음,없음,,20260820,,202608201500,S,단리,S,정액적립식,36,3,3
030300,저축은행,2026-08-31T05:51:56+00:00,202608,0010521,스타저축은행,310003,정기적금,영업점,"*만기후 1개월이내: 최초 약정이율과 만기시점 이율 중 낮은 금리 적용, 만기후 1개월 초과: 보통예금 금리 적용",없음,1,제한없음,없음,,20260820,,202608201500,S,단리,S,정액적립식,6,2,2
030300,저축은행,2026-08-31T05:51:56+00:00,202608,0010521,스타저축은행,310003,정기적금,영업점,"*만기후 1개월이내: 최초 약정이율과 만기시점 이율 중 낮은 금리 적용, 만기후 1개월 초과: 보통예금 금리 적용",없음,1,제한없음,없음,,20260820,,202608201500,S,단리,S,정액적립식,12,3.5,3.5
030300,저축은행,2026-08-31T05:51:56+00:00,202608,0010521,스타저축은행,310003,정기적금,영업점,"*만기후 1개월이내: 최초 약정이율과 만기시점 이율 중 낮은 금리 적용, 만기후 1개월 초과: 보통예금 금리 적용",없음,1,제한없음,없음,,20260820,,202608201500,S,단리,S,정액적립식,24,3,3
030300,저축은행,2026-08-31T05:51:56+00:00,202608,0010521,스타저축은행,310003,정기적금,영업점,"*만기후 1개월이내: 최초 약정이율과 만기시점 이율 중 낮은 금리 적용, 만기후 1개월 초과: 보통예금 금리 적용",없음,1,제한없음,없음,,20260820,,202608201500,S,단리,S,정액적립식,36,3,3
030300,저축은행,2026-08-31T05:51:56+00:00,202608,0013313,신한저축은행,31040,e-자유적립적금,인터넷,"- 1개월 이내 : 당초 약정이율과 (이연)만기일의 고시이율(동일상품, 동일기간) 중 낮은 이율
- 1개월 초과 : 보통예금이율",없음,1,개인,"- 이자지급방식 : 만기일시지급
- 가입방법 : 인터넷홈페이지
- 해지방법 : 인터넷홈페이지/모바일앱에 접속하여 해약",,20260820,,202608201500,S,단리,F,자유적립식,12,1.5,1.5
030300,저축은행,2026-08-31T05:51:56+00:00,202608,0013313,신한저축은행,31040,e-자유적립적금,인터넷,"- 1개월 이내 : 당초 약정이율과 (이연)만기일의 고시이율(동일상품, 동일기간) 중 낮은 이율
- 1개월 초과 : 보통예금이율",없음,1,개인,"- 이자지급방식 : 만기일시지급
- 가입방법 : 인터넷홈페이지
- 해지방법 : 인터넷홈페이지/모바일앱에 접속하여 해약",,20260820,,202608201500,S,단리,F,자유적립식,24,1.5,1.5
030300,저축은행,2026-08-31T05:51:56+00:00,202608,0013313,신한저축은행,31040,e-자유적립적금,인터넷,"- 1개월 이내 : 당초 약정이율과 (이연)만기일의 고시이율(동일상품, 동일기간) 중 낮은 이율
- 1개월 초과 : 보통예금이율",없음,1,개인,"- 이자지급방식 : 만기일시지급
- 가입방법 : 인터넷홈페이지
- 해지방법 : 인터넷홈페이지/모바일앱에 접속하여 해약",,20260820,,202608201500,S,단리,F,자유적립식,36,1.5,1.5
030300,저축은행,2026-08-31T05:51:56+00:00,202608,0013313,신한저축은행,31010,e-정기적금,인터넷,"- 1개월 이내 : 당초 약정이율과 (이연)만기일의 고시이율(동일상품, 동일기간) 중 낮은 이율
- 1개월 초과 : 보통예금이율","▶탄소포인트제(에코마일리지) 가입 인증 완료시 0.5% 우대금리 제공
*12개월 가입에 한하여 1인1계좌 가입가능",1,개인,"- 이자지급방식 : 만기일시지급
- 가입방법 : 인터넷홈페이지
- 해지방법 : 인터넷홈페이지/모바일앱에 접속하여 해약",,20260820,,202608201500,S,단리,S,정액적립식,6,3,3
030300,저축은행,2026-08-31T05:51:56+00:00,202608,0013313,신한저축은행,31010,e-정기적금,인터넷,"- 1개월 이내 : 당초 약정이율과 (이연)만기일의 고시이율(동일상품, 동일기간) 중 낮은 이율
- 1개월 초과 : 보통예금이율","▶탄소포인트제(에코마일리지) 가입 인증 완료시 0.5% 우대금리 제공
*12개월 가입에 한하여 1인1계좌 가입가능",1,개인,"- 이자지급방식 : 만기일시지급
- 가입방법 : 인터넷홈페이지
- 해지방법 : 인터넷홈페이지/모바일앱에 접속하여 해약",,20260820,,202608201500,S,단리,S,정액적립식,12,3,3.5
030300,저축은행,2026-08-31T05:51:56+00:00,202608,0013313,신한저축은행,31010,e-정기적금,인터넷,"- 1개월 이내 : 당초 약정이율과 (이연)만기일의 고시이율(동일상품, 동일기간) 중 낮은 이율
- 1개월 초과 : 보통예금이율","▶탄소포인트제(에코마일리지) 가입 인증 완료시 0.5% 우대금리 제공
*12개월 가입에 한하여 1인1계좌 가입가능",1,개인,"- 이자지급방식 : 만기일시지급
- 가입방법 : 인터넷홈페이지
- 해지방법 : 인터넷홈페이지/모바일앱에 접속하여 해약",,20260820,,202608201500,S,단리,S,정액적립식,24,3,3
030300,저축은행,2026-08-31T05:51:56+00:00,202608,0013313,신한저축은행,31010,e-정기적금,인터넷,"- 1개월 이내 : 당초 약정이율과 (이연)만기일의 고시이율(동일상품, 동일기간) 중 낮은 이율
- 1개월 초과 : 보통예금이율","▶탄소포인트제(에코마일리지) 가입 인증 완료시 0.5% 우대금리 제공
*12개월 가입에 한하여 1인1계좌 가입가능",1,개인,"- 이자지급방식 : 만기일시지급
- 가입방법 : 인터넷홈페이지
- 해지방법 : 인터넷홈페이지/모바일앱에 접속하여 해약",,20260820,,202608201500,S,단리,S,정액적립식,36,3,3
030300,저축은행,2026-08-31T05:51:56+00:00,202608,0013313,신한저축은행,31140,s-자유적립적금,스마트폰,"- 1개월 이내 : 당초 약정이율과 (이연)만기일의 고시이율(동일상품, 동일기간) 중 낮은 이율
- 1개월 초과 : 보통예금이율",없음,1,개인,"- 이자지급방식 : 만기일시지급
- 가입방법 : 모바일앱
- 해지방법 : 인터넷홈페이지/모바일앱에 접속하여 해약
- 2023.02.13 smart-자유적립적금에서 s-자유적립적금으로 상품명 변경",,20260820,,202608201500,S,단리,F,자유적립식,12,1.5,1.5
030300,저축은행,2026-08-31T05:51:56+00:00,202608,0013313,신한저축은행,31140,s-자유적립적금,스마트폰,"- 1개월 이내 : 당초 약정이율과 (이연)만기일의 고시이율(동일상품, 동일기간) 중 낮은 이율
- 1개월 초과 : 보통예금이율",없음,1,개인,"- 이자지급방식 : 만기일시지급
- 가입방법 : 모바일앱
- 해지방법 : 인터넷홈페이지/모바일앱에 접속하여 해약
- 2023.02.13 smart-자유적립적금에서 s-자유적립적금으로 상품명 변경",,20260820,,202608201500,S,단리,F,자유적립식,24,1.5,1.5
030300,저축은행,2026-08-31T05:51:56+00:00,202608,0013313,신한저축은행,31140,s-자유적립적금,스마트폰,"- 1개월 이내 : 당초 약정이율과 (이연)만기일의 고시이율(동일상품, 동일기간) 중 낮은 이율
- 1개월 초과 : 보통예금이율",없음,1,개인,"- 이자지급방식 : 만기일시지급
- 가입방법 : 모바일앱
- 해지방법 : 인터넷홈페이지/모바일앱에 접속하여 해약
- 2023.02.13 smart-자유적립적금에서 s-자유적립적금으로 상품명 변경",,20260820,,202608201500,S,단리,F,자유적립식,36,1.5,1.5
030300,저축은행,2026-08-31T05:51:56+00:00,202608,0013313,신한저축은행,31110,s-정기적금,스마트폰,"- 1개월 이내 : 당초 약정이율과 (이연)만기일의 고시이율(동일상품, 동일기간) 중 낮은 이율
- 1개월 초과 : 보통예금이율","▶탄소포인트제(에코마일리지) 가입 인증 완료시 0.5% 우대금리 제공
*12개월 가입에 한하여 1인1계좌 가입가능",1,개인,"- 이자지급방식 : 만기일시지급
- 가입방법 : 모바일앱
- 해지방법 : 인터넷홈페이지/모바일앱에 접속하여 해약
- 2023.02.13 smart-정기적금에서 s-정기적금으로 상품명 변경",,20260820,,202608201500,S,단리,S,정액적립식,6,3,3
030300,저축은행,2026-08-31T05:51:56+00:00,202608,0013313,신한저축은행,31110,s-정기적금,스마트폰,"- 1개월 이내 : 당초 약정이율과 (이연)만기일의 고시이율(동일상품, 동일기간) 중 낮은 이율
- 1개월 초과 : 보통예금이율","▶탄소포인트제(에코마일리지) 가입 인증 완료시 0.5% 우대금리 제공
*12개월 가입에 한하여 1인1계좌 가입가능",1,개인,"- 이자지급방식 : 만기일시지급
- 가입방법 : 모바일앱
- 해지방법 : 인터넷홈페이지/모바일앱에 접속하여 해약
- 2023.02.13 smart-정기적금에서 s-정기적금으로 상품명 변경",,20260820,,202608201500,S,단리,S,정액적립식,12,3,3.5
030300,저축은행,2026-08-31T05:51:56+00:00,202608,0013313,신한저축은행,31110,s-정기적금,스마트폰,"- 1개월 이내 : 당초 약정이율과 (이연)만기일의 고시이율(동일상품, 동일기간) 중 낮은 이율
- 1개월 초과 : 보통예금이율","▶탄소포인트제(에코마일리지) 가입 인증 완료시 0.5% 우대금리 제공
*12개월 가입에 한하여 1인1계좌 가입가능",1,개인,"- 이자지급방식 : 만기일시지급
- 가입방법 : 모바일앱
- 해지방법 : 인터넷홈페이지/모바일앱에 접속하여 해약
- 2023.02.13 smart-정기적금에서 s-정기적금으로 상품명 변경",,20260820,,202608201500,S,단리,S,정액적립식,24,3,3
030300,저축은행,2026-08-31T05:51:56+00:00,202608,0013313,신한저축은행,31110,s-정기적금,스마트폰,"- 1개월 이내 : 당초 약정이율과 (이연)만기일의 고시이율(동일상품, 동일기간) 중 낮은 이율
- 1개월 초과 : 보통예금이율","▶탄소포인트제(에코마일리지) 가입 인증 완료시 0.5% 우대금리 제공
*12개월 가입에 한하여 1인1계좌 가입가능",1,개인,"- 이자지급방식 : 만기일시지급
- 가입방법 : 모바일앱
- 해지방법 : 인터넷홈페이지/모바일앱에 접속하여 해약
- 2023.02.13 smart-정기적금에서 s-정기적금으로 상품명 변경",,20260820,,202608201500,S,단리,S,정액적립식,36,3,3
030300,저축은행,2026-08-31T05:51:56+00:00,202608,0013313,신한저축은행,31030,자유적립적금,영업점,"- 1개월 이내 : 당초 약정이율과 (이연)만기일의 고시이율(동일상품, 동일기간) 중 낮은 이율
- 1개월 초과 : 보통예금이율",없음,1,제한없음,"- 이자지급방식 : 만기일시지급
- 가입방법 : 영업점 방문
- 해지방법 : 영업점 방문 또는 인터넷홈페이지/모바일앱에 접속하여 해약",,20260820,,202608201500,S,단리,F,자유적립식,12,1.5,1.5
030300,저축은행,2026-08-31T05:51:56+00:00,202608,0013313,신한저축은행,31030,자유적립적금,영업점,"- 1개월 이내 : 당초 약정이율과 (이연)만기일의 고시이율(동일상품, 동일기간) 중 낮은 이율
- 1개월 초과 : 보통예금이율",없음,1,제한없음,"- 이자지급방식 : 만기일시지급
- 가입방법 : 영업점 방문
- 해지방법 : 영업점 방문 또는 인터넷홈페이지/모바일앱에 접속하여 해약",,20260820,,202608201500,S,단리,F,자유적립식,24,1.5,1.5
030300,저축은행,2026-08-31T05:51:56+00:00,202608,0013313,신한저축은행,31030,자유적립적금,영업점,"- 1개월 이내 : 당초 약정이율과 (이연)만기일의 고시이율(동일상품, 동일기간) 중 낮은 이율
- 1개월 초과 : 보통예금이율",없음,1,제한없음,"- 이자지급방식 : 만기일시지급
- 가입방법 : 영업점 방문
- 해지방법 : 영업점 방문 또는 인터넷홈페이지/모바일앱에 접속하여 해약",,20260820,,202608201500,S,단리,F,자유적립식,36,1.5,1.5
030300,저축은행,2026-08-31T05:51:56+00:00,202608,0013313,신한저축은행,31000,정기적금,영업점,"- 1개월 이내 : 당초 약정이율과 (이연)만기일의 고시이율(동일상품, 동일기간) 중 낮은 이율
- 1개월 초과 : 보통예금이율","▶탄소포인트제(에코마일리지) 가입 인증 완료시 0.5% 우대금리 제공
*12개월 가입에 한하여 1인1계좌 가입가능",1,제한없음,"- 이자지급방식 : 만기일시지급
- 가입방법 : 영업점 방문
- 해지방법 : 영업점 방문 또는 인터넷홈페이지/모바일앱에 접속하여 해약",,20260820,,202608201500,S,단리,S,정액적립식,6,3,3
030300,저축은행,2026-08-31T05:51:56+00:00,202608,0013313,신한저축은행,31000,정기적금,영업점,"- 1개월 이내 : 당초 약정이율과 (이연)만기일의 고시이율(동일상품, 동일기간) 중 낮은 이율
- 1개월 초과 : 보통예금이율","▶탄소포인트제(에코마일리지) 가입 인증 완료시 0.5% 우대금리 제공
*12개월 가입에 한하여 1인1계좌 가입가능",1,제한없음,"- 이자지급방식 : 만기일시지급
- 가입방법 : 영업점 방문
- 해지방법 : 영업점 방문 또는 인터넷홈페이지/모바일앱에 접속하여 해약",,20260820,,202608201500,S,단리,S,정액적립식,12,3,3.5
030300,저축은행,2026-08-31T05:51:56+00:00,202608,0013313,신한저축은행,31000,정기적금,영업점,"- 1개월 이내 : 당초 약정이율과 (이연)만기일의 고시이율(동일상품, 동일기간) 중 낮은 이율
- 1개월 초과 : 보통예금이율","▶탄소포인트제(에코마일리지) 가입 인증 완료시 0.5% 우대금리 제공
*12개월 가입에 한하여 1인1계좌 가입가능",1,제한없음,"- 이자지급방식 : 만기일시지급
- 가입방법 : 영업점 방문
- 해지방법 : 영업점 방문 또는 인터넷홈페이지/모바일앱에 접속하여 해약",,20260820,,202608201500,S,단리,S,정액적립식,24,3,3
030300,저축은행,2026-08-31T05:51:56+00:00,202608,0013313,신한저축은행,31000,정기적금,영업점,"- 1개월 이내 : 당초 약정이율과 (이연)만기일의 고시이율(동일상품, 동일기간) 중 낮은 이율
- 1개월 초과 : 보통예금이율","▶탄소포인트제(에코마일리지) 가입 인증 완료시 0.5% 우대금리 제공
*12개월 가입에 한하여 1인1계좌 가입가능",1,제한없음,"- 이자지급방식 : 만기일시지급
- 가입방법 : 영업점 방문
- 해지방법 : 영업점 방문 또는 인터넷홈페이지/모바일앱에 접속하여 해약",,20260820,,202608201500,S,단리,S,정액적립식,36,3,3
030300,저축은행,2026-08-31T05:51:56+00:00,202608,0013313,신한저축은행,31115,청포도 청년적금,"인터넷,스마트폰","- 1개월 이내 : 당초 약정이율과 (이연)만기일의 고시이율(동일상품, 동일기간) 중 낮은 이율
- 1개월 초과 : 보통예금이율","①개인(신용)정보 수집?이용 동의[상품서비스안내 등] 상품서비스 안내 수단 전체 동의시 0.1 % 우대금리 제공
②계약기간 총 월불입금 횟수의 1/2이상을 당사 입출금계좌에서 이체하여 불입하는 경우 0.3% 우대금리 제공
③가입 후 만기해지시까지 통장 미발행시(ESG) 0.6% 우대금리 제공",3,19~39세,"①번 우대이율은 가입시점에 지급
②③번 우대이율은 만기해지시점에 지급/가입일로부터 만기일까지의 기간에 대해 적용되며 중도해지시에는 지급하지 않음
* 만기일의 고시이율에는 우대이율이 포함되지 않습니다.",300000,20260820,,202608201500,S,단리,S,정액적립식,6,4,5
030300,저축은행,2026-08-31T05:51:56+00:00,202608,0013313,신한저축은행,31115,청포도 청년적금,"인터넷,스마트폰","- 1개월 이내 : 당초 약정이율과 (이연)만기일의 고시이율(동일상품, 동일기간) 중 낮은 이율
- 1개월 초과 : 보통예금이율","①개인(신용)정보 수집?이용 동의[상품서비스안내 등] 상품서비스 안내 수단 전체 동의시 0.1 % 우대금리 제공
②계약기간 총 월불입금 횟수의 1/2이상을 당사 입출금계좌에서 이체하여 불입하는 경우 0.3% 우대금리 제공
③가입 후 만기해지시까지 통장 미발행시(ESG) 0.6% 우대금리 제공",3,19~39세,"①번 우대이율은 가입시점에 지급
②③번 우대이율은 만기해지시점에 지급/가입일로부터 만기일까지의 기간에 대해 적용되며 중도해지시에는 지급하지 않음
* 만기일의 고시이율에는 우대이율이 포함되지 않습니다.",300000,20260820,,202608201500,S,단리,S,정액적립식,12,4,5
030300,저축은행,2026-08-31T05:51:56+00:00,202608,0010509,아산저축은행,240019,SB톡톡-정기예금,스마트폰,"1개월 내 : 가입시점, 만기시점 낮은 단리이율적용, 이후 보통예금 금리 적용",없음,1,제한없음,없음,,20260820,,202608201500,S,단리,F,자유적립식,6,4,4
030300,저축은행,2026-08-31T05:51:56+00:00,202608,0010509,아산저축은행,240019,SB톡톡-정기예금,스마트폰,"1개월 내 : 가입시점, 만기시점 낮은 단리이율적용, 이후 보통예금 금리 적용",없음,1,제한없음,없음,,20260820,,202608201500,M,복리,F,자유적립식,6,4,4
030300,저축은행,2026-08-31T05:51:56+00:00,202608,0010509,아산저축은행,240019,SB톡톡-정기예금,스마트폰,"1개월 내 : 가입시점, 만기시점 낮은 단리이율적용, 이후 보통예금 금리 적용",없음,1,제한없음,없음,,20260820,,202608201500,S,단리,S,정액적립식,6,3.9,3.9
030300,저축은행,2026-08-31T05:51:56+00:00,202608,0010509,아산저축은행,240019,SB톡톡-정기예금,스마트폰,"1개월 내 : 가입시점, 만기시점 낮은 단리이율적용, 이후 보통예금 금리 적용",없음,1,제한없음,없음,,20260820,,202608201500,M,복리,S,정액적립식,6,3.93,3.93
030300,저축은행,2026-08-31T05:51:56+00:00,202608,0010509,아산저축은행,240019,SB톡톡-정기예금,스마트폰,"1개월 내 : 가입시점, 만기시점 낮은 단리이율적용, 이후 보통예금 금리 적용",없음,1,제한없음,없음,,20260820,,202608201500,S,단리,F,자유적립식,12,4.1,4.1
030300,저축은행,2026-08-31T05:51:56+00:00,202608,0010509,아산저축은행,240019,SB톡톡-정기예금,스마트폰,"1개월 내 : 가입시점, 만기시점 낮은 단리이율적용, 이후 보통예금 금리 적용",없음,1,제한없음,없음,,20260820,,202608201500,M,복리,F,자유적립식,12,4.1,4.1
030300,저축은행,2026-08-31T05:51:56+00:00,202608,0010509,아산저축은행,240019,SB톡톡-정기예금,스마트폰,"1개월 내 : 가입시점, 만기시점 낮은 단리이율적용, 이후 보통예금 금리 적용",없음,1,제한없음,없음,,20260820,,202608201500,S,단리,S,정액적립식,12,4,4
030300,저축은행,2026-08-31T05:51:56+00:00,202608,0010509,아산저축은행,240019,SB톡톡-정기예금,스마트폰,"1개월 내 : 가입시점, 만기시점 낮은 단리이율적용, 이후 보통예금 금리 적용",없음,1,제한없음,없음,,20260820,,202608201500,M,복리,S,정액적립식,12,4.07,4.07
030300,저축은행,2026-08-31T05:51:56+00:00,202608,0010509,아산저축은행,310017,SB톡톡-정기적금,스마트폰,"1개월 내 : 가입시점, 만기시점 비교 낮은 단리이율 적용, 이후 보통예금 금리 적용",없음,1,제한없음,없음,,20260820,,202608201500,S,단리,S,정액적립식,12,3.5,3.5
030300,저축은행,2026-08-31T05:51:56+00:00,202608,0010509,아산저축은행,310017,SB톡톡-정기적금,스마트폰,"1개월 내 : 가입시점, 만기시점 비교 낮은 단리이율 적용, 이후 보통예금 금리 적용",없음,1,제한없음,없음,,20260820,,202608201500,S,단리,S,정액적립식,24,3,3
030300,저축은행,2026-08-31T05:51:56+00:00,202608,0010509,아산저축은행,310017,SB톡톡-정기적금,스마트폰,"1개월 내 : 가입시점, 만기시점 비교 낮은 단리이율 적용, 이후 보통예금 금리 적용",없음,1,제한없음,없음,,20260820,,202608201500,S,단리,S,정액적립식,36,3,3
030300,저축은행,2026-08-31T05:51:56+00:00,202608,0010509,아산저축은행,310016,e-정기적금,"인터넷,스마트폰","1개월 내 : 가입시점, 만기시점 비교 낮은 단리이율 적용, 이후 보통예금 금리 적용",없음,1,제한없음,없음,,20260820,,202608201500,S,단리,S,정액적립식,12,3.5,3.5
030300,저축은행,2026-08-31T05:51:56+00:00,202608,0010509,아산저축은행,310016,e-정기적금,"인터넷,스마트폰","1개월 내 : 가입시점, 만기시점 비교 낮은 단리이율 적용, 이후 보통예금 금리 적용",없음,1,제한없음,없음,,20260820,,202608201500,S,단리,S,정액적립식,24,3,3
030300,저축은행,2026-08-31T05:51:56+00:00,202608,0010509,아산저축은행,310016,e-정기적금,"인터넷,스마트폰","1개월 내 : 가입시점, 만기시점 비교 낮은 단리이율 적용, 이후 보통예금 금리 적용",없음,1,제한없음,없음,,20260820,,202608201500,S,단리,S,정액적립식,36,3,3
030300,저축은행,2026-08-31T05:51:56+00:00,202608,0010509,아산저축은행,310012,꿈나무장학적금,영업점,"1개월 내 : 가입시점, 만기시점 비교 낮은 단리이율 적용, 이후 보통예금 금리 적용",없음,1,1~19세,없음,300000,20260820,,202608201500,S,단리,S,정액적립식,12,3,3
030300,저축은행,2026-08-31T05:51:56+00:00,202608,0010509,아산저축은행,310012,꿈나무장학적금,영업점,"1개월 내 : 가입시점, 만기시점 비교 낮은 단리이율 적용, 이후 보통예금 금리 적용",없음,1,1~19세,없음,300000,20260820,,202608201500,M,복리,S,정액적립식,12,3,3
030300,저축은행,2026-08-31T05:51:56+00:00,202608,0010509,아산저축은행,310012,꿈나무장학적금,영업점,"1개월 내 : 가입시점, 만기시점 비교 낮은 단리이율 적용, 이후 보통예금 금리 적용",없음,1,1~19세,없음,300000,20260820,,202608201500,S,단리,S,정액적립식,24,3,3
030300,저축은행,2026-08-31T05:51:56+00:00,202608,0010509,아산저축은행,310012,꿈나무장학적금,영업점,"1개월 내 : 가입시점, 만기시점 비교 낮은 단리이율 적용, 이후 보통예금 금리 적용",없음,1,1~19세,없음,300000,20260820,,202608201500,M,복리,S,정액적립식,24,3,3
030300,저축은행,2026-08-31T05:51:56+00:00,202608,0010509,아산저축은행,310012,꿈나무장학적금,영업점,"1개월 내 : 가입시점, 만기시점 비교 낮은 단리이율 적용, 이후 보통예금 금리 적용",없음,1,1~19세,없음,300000,20260820,,202608201500,S,단리,S,정액적립식,36,5,5
030300,저축은행,2026-08-31T05:51:56+00:00,202608,0010509,아산저축은행,310012,꿈나무장학적금,영업점,"1개월 내 : 가입시점, 만기시점 비교 낮은 단리이율 적용, 이후 보통예금 금리 적용",없음,1,1~19세,없음,300000,20260820,,202608201500,M,복리,S,정액적립식,36,5,5
030300,저축은행,2026-08-31T05:51:56+00:00,202608,0010509,아산저축은행,310011,정기적금,영업점,"1개월 내 : 가입시점, 만기시점 낮은 단리이율적용, 이후 보통예금 금리 적용",없음,1,제한없음,없음,,20260820,,202608201500,S,단리,S,정액적립식,12,3,3
030300,저축은행,2026-08-31T05:51:56+00:00,202608,0010509,아산저축은행,310011,정기적금,영업점,"1개월 내 : 가입시점, 만기시점 낮은 단리이율적용, 이후 보통예금 금리 적용",없음,1,제한없음,없음,,20260820,,202608201500,S,단리,S,정액적립식,24,3,3
030300,저축은행,2026-08-31T05:51:56+00:00,202608,0010509,아산저축은행,310011,정기적금,영업점,"1개월 내 : 가입시점, 만기시점 낮은 단리이율적용, 이후 보통예금 금리 적용",없음,1,제한없음,없음,,20260820,,202608201500,S,단리,S,정액적립식,36,3,3
030300,저축은행,2026-08-31T05:51:56+00:00,202608,0010448,안국저축은행,31-0002,e-정기적금,"인터넷,스마트폰",0.002,없음,1,제한없음,없음,,20260826,,202608260903,S,단리,S,정액적립식,6,3.3,3.3
030300,저축은행,2026-08-31T05:51:56+00:00,202608,0010448,안국저축은행,31-0002,e-정기적금,"인터넷,스마트폰",0.002,없음,1,제한없음,없음,,20260826,,202608260903,S,단리,S,정액적립식,12,3.3,3.3
030300,저축은행,2026-08-31T05:51:56+00:00,202608,0010448,안국저축은행,31-0002,e-정기적금,"인터넷,스마트폰",0.002,없음,1,제한없음,없음,,20260826,,202608260903,S,단리,S,정액적립식,24,3.3,3.3
030300,저축은행,2026-08-31T05:51:56+00:00,202608,0010448,안국저축은행,31-0002,e-정기적금,"인터넷,스마트폰",0.002,없음,1,제한없음,없음,,20260826,,202608260903,S,단리,S,정액적립식,36,3.3,3.3
030300,저축은행,2026-08-31T05:51:56+00:00,202608,0010448,안국저축은행,31-0007,아이사랑 정기적금,영업점,0.002,없음,1,만19세미만 미성년자,없음,,20260826,,202608260903,S,단리,S,정액적립식,12,4,4
030300,저축은행,2026-08-31T05:51:56+00:00,202608,0010448,안국저축은행,31-0007,아이사랑 정기적금,영업점,0.002,없음,1,만19세미만 미성년자,없음,,20260826,,202608260903,S,단리,S,정액적립식,24,4,4
030300,저축은행,2026-08-31T05:51:56+00:00,202608,0010448,안국저축은행,31-0007,아이사랑 정기적금,영업점,0.002,없음,1,만19세미만 미성년자,없음,,20260826,,202608260903,S,단리,S,정액적립식,36,4,4
030300,저축은행,2026-08-31T05:51:56+00:00,202608,0010448,안국저축은행,31-0001,정기적금,영업점,0.002,없음,1,제한없음,없음,,20260826,,202608260903,S,단리,S,정액적립식,6,3.3,3.3
030300,저축은행,2026-08-31T05:51:56+00:00,202608,0010448,안국저축은행,31-0001,정기적금,영업점,0.002,없음,1,제한없음,없음,,20260826,,202608260903,S,단리,S,정액적립식,12,3.3,3.3
030300,저축은행,2026-08-31T05:51:56+00:00,202608,0010448,안국저축은행,31-0001,정기적금,영업점,0.002,없음,1,제한없음,없음,,20260826,,202608260903,S,단리,S,정액적립식,24,3.3,3.3
030300,저축은행,2026-08-31T05:51:56+00:00,202608,0010448,안국저축은행,31-0001,정기적금,영업점,0.002,없음,1,제한없음,없음,,20260826,,202608260903,S,단리,S,정액적립식,36,3.3,3.3
030300,저축은행,2026-08-31T05:51:56+00:00,202608,0010448,안국저축은행,31-0003,정기적금(비대면),스마트폰,0.002,없음,1,제한없음,없음,,20260826,,202608260903,S,단리,S,정액적립식,6,3.3,3.3
030300,저축은행,2026-08-31T05:51:56+00:00,202608,0010448,안국저축은행,31-0003,정기적금(비대면),스마트폰,0.002,없음,1,제한없음,없음,,20260826,,202608260903,S,단리,S,정액적립식,12,3.3,3.3
030300,저축은행,2026-08-31T05:51:56+00:00,202608,0010448,안국저축은행,31-0003,정기적금(비대면),스마트폰,0.002,없음,1,제한없음,없음,,20260826,,202608260903,S,단리,S,정액적립식,24,3.3,3.3
030300,저축은행,2026-08-31T05:51:56+00:00,202608,0010448,안국저축은행,31-0003,정기적금(비대면),스마트폰,0.002,없음,1,제한없음,없음,,20260826,,202608260903,S,단리,S,정액적립식,36,3.3,3.3
030300,저축은행,2026-08-31T05:51:56+00:00,202608,0010463,안양저축은행,310007,비대면-정기적금,스마트폰,"만기 후 한 달까지 약정금리-현행금리 비교하여 낮은 금리 적용, 이후 0.1%",없음,1,"만19세이상 내국인 개인고객, 본인 스마트폰 소지자, 신분증(주민등록증 또는 운전면허증)소지자, 최근 30일이내 전은행에서 입출금통장 개설내역이 없는 고객, 미국인납세자에 해당하지 않는 고객","중도해지이율:
1개월미만: 계약일의 보통예금 금리, 
1개월이상 6개월미만: 약정이율의 50%, 
6개월이상 12개월미만: 약정이율의 60%, 12개월이상: 약정이율의 70%",,20260821,,202608210815,S,단리,S,정액적립식,6,3.5,3.5
030300,저축은행,2026-08-31T05:51:56+00:00,202608,0010463,안양저축은행,310007,비대면-정기적금,스마트폰,"만기 후 한 달까지 약정금리-현행금리 비교하여 낮은 금리 적용, 이후 0.1%",없음,1,"만19세이상 내국인 개인고객, 본인 스마트폰 소지자, 신분증(주민등록증 또는 운전면허증)소지자, 최근 30일이내 전은행에서 입출금통장 개설내역이 없는 고객, 미국인납세자에 해당하지 않는 고객","중도해지이율:
1개월미만: 계약일의 보통예금 금리, 
1개월이상 6개월미만: 약정이율의 50%, 
6개월이상 12개월미만: 약정이율의 60%, 12개월이상: 약정이율의 70%",,20260821,,202608210815,S,단리,S,정액적립식,12,3.8,3.8
030300,저축은행,2026-08-31T05:51:56+00:00,202608,0010463,안양저축은행,310007,비대면-정기적금,스마트폰,"만기 후 한 달까지 약정금리-현행금리 비교하여 낮은 금리 적용, 이후 0.1%",없음,1,"만19세이상 내국인 개인고객, 본인 스마트폰 소지자, 신분증(주민등록증 또는 운전면허증)소지자, 최근 30일이내 전은행에서 입출금통장 개설내역이 없는 고객, 미국인납세자에 해당하지 않는 고객","중도해지이율:
1개월미만: 계약일의 보통예금 금리, 
1개월이상 6개월미만: 약정이율의 50%, 
6개월이상 12개월미만: 약정이율의 60%, 12개월이상: 약정이율의 70%",,20260821,,202608210815,S,단리,S,정액적립식,24,3,3
030300,저축은행,2026-08-31T05:51:56+00:00,202608,0010463,안양저축은행,310007,비대면-정기적금,스마트폰,"만기 후 한 달까지 약정금리-현행금리 비교하여 낮은 금리 적용, 이후 0.1%",없음,1,"만19세이상 내국인 개인고객, 본인 스마트폰 소지자, 신분증(주민등록증 또는 운전면허증)소지자, 최근 30일이내 전은행에서 입출금통장 개설내역이 없는 고객, 미국인납세자에 해당하지 않는 고객","중도해지이율:
1개월미만: 계약일의 보통예금 금리, 
1개월이상 6개월미만: 약정이율의 50%, 
6개월이상 12개월미만: 약정이율의 60%, 12개월이상: 약정이율의 70%",,20260821,,202608210815,S,단리,S,정액적립식,36,2.5,2.5
030300,저축은행,2026-08-31T05:51:56+00:00,202608,0010463,안양저축은행,310005,정기적금,"영업점,인터넷","만기 후 한 달까지 약정금리-현행금리 비교하여 낮은 금리 적용, 이후 0.1%",없음,1,제한없음,"중도해지이율:
1개월미만: 계약일의 보통예금 금리, 
1개월이상 6개월미만: 약정이율의 50%, 
6개월이상 12개월미만: 약정이율의 60%, 12개월이상: 약정이율의 70%",,20260821,,202608210815,S,단리,S,정액적립식,6,3.5,3.5
030300,저축은행,2026-08-31T05:51:56+00:00,202608,0010463,안양저축은행,310005,정기적금,"영업점,인터넷","만기 후 한 달까지 약정금리-현행금리 비교하여 낮은 금리 적용, 이후 0.1%",없음,1,제한없음,"중도해지이율:
1개월미만: 계약일의 보통예금 금리, 
1개월이상 6개월미만: 약정이율의 50%, 
6개월이상 12개월미만: 약정이율의 60%, 12개월이상: 약정이율의 70%",,20260821,,202608210815,S,단리,S,정액적립식,12,3.8,3.8
030300,저축은행,2026-08-31T05:51:56+00:00,202608,0010463,안양저축은행,310005,정기적금,"영업점,인터넷","만기 후 한 달까지 약정금리-현행금리 비교하여 낮은 금리 적용, 이후 0.1%",없음,1,제한없음,"중도해지이율:
1개월미만: 계약일의 보통예금 금리, 
1개월이상 6개월미만: 약정이율의 50%, 
6개월이상 12개월미만: 약정이율의 60%, 12개월이상: 약정이율의 70%",,20260821,,202608210815,S,단리,S,정액적립식,24,3,3
030300,저축은행,2026-08-31T05:51:56+00:00,202608,0010463,안양저축은행,310005,정기적금,"영업점,인터넷","만기 후 한 달까지 약정금리-현행금리 비교하여 낮은 금리 적용, 이후 0.1%",없음,1,제한없음,"중도해지이율:
1개월미만: 계약일의 보통예금 금리, 
1개월이상 6개월미만: 약정이율의 50%, 
6개월이상 12개월미만: 약정이율의 60%, 12개월이상: 약정이율의 70%",,20260821,,202608210815,S,단리,S,정액적립식,36,2.5,2.5
030300,저축은행,2026-08-31T05:51:56+00:00,202608,0010345,애큐온저축은행,HK00102,애(愛)랑해적금,스마트폰,"만기후 1개월 이내 해지시 : 약정금리(가입시 기본금리 및 만기시점 달성 우대금리) 
만기후 1개월 초과 이후 해지 시 : 보통예금이율(연0.1%)","최대 연5.0% 우대금리 적용 
※ 우대금리 적용조건
① 아이사랑우대(임신,출산,자녀)_1회만 인정 : 연3.5%
② 입출금통장 월 평잔(50만원) 3회이상 : 연1.5%",1,만 19세 이상 개인,"불입금액 :
1만원 이상 ~ 30만원 이하 
1인 1계좌",300000,20260820,,202608201500,S,단리,F,자유적립식,12,3,8
030300,저축은행,2026-08-31T05:51:56+00:00,202608,0010345,애큐온저축은행,HK00002,정기적금,"영업점,인터넷,스마트폰,전화(텔레뱅킹)","만기후 1개월 이내 해지 시 : 약정금리(2019.07.01 신규부터 적용)
만기후 1개월 초과 이후 해지 시 : 보통예금이율(2019.07.01 신규부터 적용)",없음,1,제한없음,불입금액 : 1만원 이상,,20260820,,202608201500,S,단리,S,정액적립식,3,1.4,1.4
030300,저축은행,2026-08-31T05:51:56+00:00,202608,0010345,애큐온저축은행,HK00002,정기적금,"영업점,인터넷,스마트폰,전화(텔레뱅킹)","만기후 1개월 이내 해지 시 : 약정금리(2019.07.01 신규부터 적용)
만기후 1개월 초과 이후 해지 시 : 보통예금이율(2019.07.01 신규부터 적용)",없음,1,제한없음,불입금액 : 1만원 이상,,20260820,,202608201500,S,단리,S,정액적립식,6,1.6,1.6
030300,저축은행,2026-08-31T05:51:56+00:00,202608,0010345,애큐온저축은행,HK00002,정기적금,"영업점,인터넷,스마트폰,전화(텔레뱅킹)","만기후 1개월 이내 해지 시 : 약정금리(2019.07.01 신규부터 적용)
만기후 1개월 초과 이후 해지 시 : 보통예금이율(2019.07.01 신규부터 적용)",없음,1,제한없음,불입금액 : 1만원 이상,,20260820,,202608201500,S,단리,S,정액적립식,12,2.2,2.2
030300,저축은행,2026-08-31T05:51:56+00:00,202608,0010345,애큐온저축은행,HK00002,정기적금,"영업점,인터넷,스마트폰,전화(텔레뱅킹)","만기후 1개월 이내 해지 시 : 약정금리(2019.07.01 신규부터 적용)
만기후 1개월 초과 이후 해지 시 : 보통예금이율(2019.07.01 신규부터 적용)",없음,1,제한없음,불입금액 : 1만원 이상,,20260820,,202608201500,S,단리,S,정액적립식,24,2.2,2.2
030300,저축은행,2026-08-31T05:51:56+00:00,202608,0010345,애큐온저축은행,HK00002,정기적금,"영업점,인터넷,스마트폰,전화(텔레뱅킹)","만기후 1개월 이내 해지 시 : 약정금리(2019.07.01 신규부터 적용)
만기후 1개월 초과 이후 해지 시 : 보통예금이율(2019.07.01 신규부터 적용)",없음,1,제한없음,불입금액 : 1만원 이상,,20260820,,202608201500,S,단리,S,정액적립식,36,2.3,2.3
030300,저축은행,2026-08-31T05:51:56+00:00,202608,0010345,애큐온저축은행,HK00103,처음만난적금,스마트폰,"만기후 1개월 이내 해지시 : 약정금리
만기후 1개월 초과 이후 해지 시 : 보통예금 이율","최대 연5.0% 우대 금리 적용
※우대금리 적용조건
①첫거래 고객 우대 : 연 3.5%(고시금리 포함)
②장기미거래 고객 우대 : 연 2.0%(고시금리 미포함)
③당행 입출금 통장 자동이체 우대(6회이상) : 연 1.5%(고시금리 미포함)
※조건①,조건②의 우대금리는 중복 적용되지 않음",3,실명의 개인중 첫거래(주1) 또는 장기미거래(주2) 고객 (주1)당행 예.적금(입출금이 자유로운 예금 포함) 계좌 최초 신규일로부터 30일 내 고객 (주2)직전 1년간 당행 예.적금(입출금이 자유로운 예금 제외)을 미보유한 고객,"불입금액 :
1만원 이상 ~20만원 이하 
1인 1계좌",200000,20260820,,202608201500,S,단리,S,정액적립식,12,6.5,8
030300,저축은행,2026-08-31T05:51:56+00:00,202608,0010345,애큐온저축은행,HK00104,청년플랜적금,스마트폰,"만기후 1개월 이내 해지시 : 당초 약정금리
만기후 1개월 초과 이후 해지 시 : 보통예금 이율","최대 연3.5% 우대 금리 적용
※우대금리 적용조건
①목표금액 달성 우대: 연 2.5%
②모바일뱅킹 거래 실적 우대(3회이상) : 연 1.0%",3,만 19세 이상 ~ 만 39세 이하 개인,"가입금액 및 불입한도 :
1천원 이상 ~50만원 이하 
1인 1계좌
목표달성 특별중도해지 : 이 적금 가입시 설정한 목표금액 달성후 목표달성일 다음날 부터 만기일 도래전 해지 요청시 약정이율 적용",500000,20260820,,202608201500,S,단리,F,자유적립식,6,3,6.5
030300,저축은행,2026-08-31T05:51:56+00:00,202608,0010345,애큐온저축은행,HK00104,청년플랜적금,스마트폰,"만기후 1개월 이내 해지시 : 당초 약정금리
만기후 1개월 초과 이후 해지 시 : 보통예금 이율","최대 연3.5% 우대 금리 적용
※우대금리 적용조건
①목표금액 달성 우대: 연 2.5%
②모바일뱅킹 거래 실적 우대(3회이상) : 연 1.0%",3,만 19세 이상 ~ 만 39세 이하 개인,"가입금액 및 불입한도 :
1천원 이상 ~50만원 이하 
1인 1계좌
목표달성 특별중도해지 : 이 적금 가입시 설정한 목표금액 달성후 목표달성일 다음날 부터 만기일 도래전 해지 요청시 약정이율 적용",500000,20260820,,202608201500,S,단리,F,자유적립식,12,3.5,7
030300,저축은행,2026-08-31T05:51:56+00:00,202608,0010569,에스앤티저축은행,310005,정기적금,영업점,"-만기 후 1개월 이내 : 가입당시 약정금리
-만기 후 1개월 초과 : 0.20% (보통예금 금리적용)",없음,1,제한없음,-,,20260820,,202608201500,S,단리,S,정액적립식,6,4,4
030300,저축은행,2026-08-31T05:51:56+00:00,202608,0010569,에스앤티저축은행,310005,정기적금,영업점,"-만기 후 1개월 이내 : 가입당시 약정금리
-만기 후 1개월 초과 : 0.20% (보통예금 금리적용)",없음,1,제한없음,-,,20260820,,202608201500,S,단리,S,정액적립식,12,4,4
030300,저축은행,2026-08-31T05:51:56+00:00,202608,0010569,에스앤티저축은행,310005,정기적금,영업점,"-만기 후 1개월 이내 : 가입당시 약정금리
-만기 후 1개월 초과 : 0.20% (보통예금 금리적용)",없음,1,제한없음,-,,20260820,,202608201500,S,단리,S,정액적립식,24,3.3,3.3
030300,저축은행,2026-08-31T05:51:56+00:00,202608,0010569,에스앤티저축은행,310005,정기적금,영업점,"-만기 후 1개월 이내 : 가입당시 약정금리
-만기 후 1개월 초과 : 0.20% (보통예금 금리적용)",없음,1,제한없음,-,,20260820,,202608201500,S,단리,S,정액적립식,36,3.3,3.3
030300,저축은행,2026-08-31T05:51:56+00:00,202608,0010569,에스앤티저축은행,310006,정기적금(비대면),"인터넷,스마트폰","-만기 후 1개월 이내 : 가입당시 약정금리
-만기 후 1개월 초과 : 0.20% (보통예금 금리적용)",없음,1,제한없음,-,,20260820,,202608201500,S,단리,S,정액적립식,6,4,4
030300,저축은행,2026-08-31T05:51:56+00:00,202608,0010569,에스앤티저축은행,310006,정기적금(비대면),"인터넷,스마트폰","-만기 후 1개월 이내 : 가입당시 약정금리
-만기 후 1개월 초과 : 0.20% (보통예금 금리적용)",없음,1,제한없음,-,,20260820,,202608201500,S,단리,S,정액적립식,12,4,4
030300,저축은행,2026-08-31T05:51:56+00:00,202608,0010569,에스앤티저축은행,310006,정기적금(비대면),"인터넷,스마트폰","-만기 후 1개월 이내 : 가입당시 약정금리
-만기 후 1개월 초과 : 0.20% (보통예금 금리적용)",없음,1,제한없음,-,,20260820,,202608201500,S,단리,S,정액적립식,24,3.3,3.3
030300,저축은행,2026-08-31T05:51:56+00:00,202608,0010569,에스앤티저축은행,310006,정기적금(비대면),"인터넷,스마트폰","-만기 후 1개월 이내 : 가입당시 약정금리
-만기 후 1개월 초과 : 0.20% (보통예금 금리적용)",없음,1,제한없음,-,,20260820,,202608201500,S,단리,S,정액적립식,36,3.3,3.3
030300,저축은행,2026-08-31T05:51:56+00:00,202608,0012711,엔에이치저축은행,31535,NH 친환경 행복플러스 정기적금,"인터넷,스마트폰","-1개월 이내: 지급 전일까지 해당 계좌의 약정금리와 기간별 적용금리 중 낮은 금리
-1개월 초과: 지급일 당시 보통예금 이율",마케팅 상품서비스 안내(문자 포함 채널 1개 이상) 동의시 0.1%,1,-친환경 자동차를 보유한 실명의 만 19세 이상 개인,"-가입금액: 월불입금 1만원 이상
-가입기간: 12개월, 24개월
-1인 1계좌 한정",,20260820,,202608201500,S,단리,S,정액적립식,12,2.9,3
030300,저축은행,2026-08-31T05:51:56+00:00,202608,0012711,엔에이치저축은행,31535,NH 친환경 행복플러스 정기적금,"인터넷,스마트폰","-1개월 이내: 지급 전일까지 해당 계좌의 약정금리와 기간별 적용금리 중 낮은 금리
-1개월 초과: 지급일 당시 보통예금 이율",마케팅 상품서비스 안내(문자 포함 채널 1개 이상) 동의시 0.1%,1,-친환경 자동차를 보유한 실명의 만 19세 이상 개인,"-가입금액: 월불입금 1만원 이상
-가입기간: 12개월, 24개월
-1인 1계좌 한정",,20260820,,202608201500,S,단리,S,정액적립식,24,3,3.1
030300,저축은행,2026-08-31T05:51:56+00:00,202608,0012711,엔에이치저축은행,31501,비대면정기적금,"인터넷,스마트폰","-1개월 이내: 지급 전일까지 해당 계좌의 약정금리와 기간별 적용금리 중 낮은 금리
-1개월 초과: 지급일 당시 보통예금 이율",없음,1,제한없음,"-가입금액: 월불입금 1만원 이상
-가입기간: 6개월이상 36개월 이하",,20260820,,202608201500,S,단리,S,정액적립식,6,3.4,3.5
030300,저축은행,2026-08-31T05:51:56+00:00,202608,0012711,엔에이치저축은행,31501,비대면정기적금,"인터넷,스마트폰","-1개월 이내: 지급 전일까지 해당 계좌의 약정금리와 기간별 적용금리 중 낮은 금리
-1개월 초과: 지급일 당시 보통예금 이율",없음,1,제한없음,"-가입금액: 월불입금 1만원 이상
-가입기간: 6개월이상 36개월 이하",,20260820,,202608201500,S,단리,S,정액적립식,12,4,4.1
030300,저축은행,2026-08-31T05:51:56+00:00,202608,0012711,엔에이치저축은행,31501,비대면정기적금,"인터넷,스마트폰","-1개월 이내: 지급 전일까지 해당 계좌의 약정금리와 기간별 적용금리 중 낮은 금리
-1개월 초과: 지급일 당시 보통예금 이율",없음,1,제한없음,"-가입금액: 월불입금 1만원 이상
-가입기간: 6개월이상 36개월 이하",,20260820,,202608201500,S,단리,S,정액적립식,24,4,4.1
030300,저축은행,2026-08-31T05:51:56+00:00,202608,0012711,엔에이치저축은행,31501,비대면정기적금,"인터넷,스마트폰","-1개월 이내: 지급 전일까지 해당 계좌의 약정금리와 기간별 적용금리 중 낮은 금리
-1개월 초과: 지급일 당시 보통예금 이율",없음,1,제한없음,"-가입금액: 월불입금 1만원 이상
-가입기간: 6개월이상 36개월 이하",,20260820,,202608201500,S,단리,S,정액적립식,36,4,4.1
030300,저축은행,2026-08-31T05:51:56+00:00,202608,0012711,엔에이치저축은행,31001,정기적금,영업점,"-1개월 이내: 지급 전일까지 해당 계좌의 약정금리와 기간별 적용금리 중 낮은 금리
-1개월 초과: 지급일 당시 보통예금 이율",NH멤버스 회원인 경우 연 0.1% 우대금리 적용,1,제한없음,"-가입금액: 월불입금 1만원 이상
-가입기간: 6개월이상 36개월 이하",,20260820,,202608201500,S,단리,S,정액적립식,6,3.3,3.4
030300,저축은행,2026-08-31T05:51:56+00:00,202608,0012711,엔에이치저축은행,31001,정기적금,영업점,"-1개월 이내: 지급 전일까지 해당 계좌의 약정금리와 기간별 적용금리 중 낮은 금리
-1개월 초과: 지급일 당시 보통예금 이율",NH멤버스 회원인 경우 연 0.1% 우대금리 적용,1,제한없음,"-가입금액: 월불입금 1만원 이상
-가입기간: 6개월이상 36개월 이하",,20260820,,202608201500,S,단리,S,정액적립식,12,3.9,4
030300,저축은행,2026-08-31T05:51:56+00:00,202608,0012711,엔에이치저축은행,31001,정기적금,영업점,"-1개월 이내: 지급 전일까지 해당 계좌의 약정금리와 기간별 적용금리 중 낮은 금리
-1개월 초과: 지급일 당시 보통예금 이율",NH멤버스 회원인 경우 연 0.1% 우대금리 적용,1,제한없음,"-가입금액: 월불입금 1만원 이상
-가입기간: 6개월이상 36개월 이하",,20260820,,202608201500,S,단리,S,정액적립식,24,3.9,4
030300,저축은행,2026-08-31T05:51:56+00:00,202608,0012711,엔에이치저축은행,31001,정기적금,영업점,"-1개월 이내: 지급 전일까지 해당 계좌의 약정금리와 기간별 적용금리 중 낮은 금리
-1개월 초과: 지급일 당시 보통예금 이율",NH멤버스 회원인 경우 연 0.1% 우대금리 적용,1,제한없음,"-가입금액: 월불입금 1만원 이상
-가입기간: 6개월이상 36개월 이하",,20260820,,202608201500,S,단리,S,정액적립식,36,3.9,4
030300,저축은행,2026-08-31T05:51:56+00:00,202608,0010464,영진저축은행,310012,SB톡톡-정기적금,스마트폰,"만기후 1개월이내 해지시 약정이율 적용(가입시점 이율과 만기시점 이율 중 낮은 이율)
만기후 1개월이후 해지시 보통예금금리(0.5%)적용",없음,1,내·외국인 대상,1만원이상 가입가능,,20260820,,202608201500,S,단리,S,정액적립식,6,2.5,2.5
030300,저축은행,2026-08-31T05:51:56+00:00,202608,0010464,영진저축은행,310012,SB톡톡-정기적금,스마트폰,"만기후 1개월이내 해지시 약정이율 적용(가입시점 이율과 만기시점 이율 중 낮은 이율)
만기후 1개월이후 해지시 보통예금금리(0.5%)적용",없음,1,내·외국인 대상,1만원이상 가입가능,,20260820,,202608201500,M,복리,S,정액적립식,6,2.5,2.5
030300,저축은행,2026-08-31T05:51:56+00:00,202608,0010464,영진저축은행,310012,SB톡톡-정기적금,스마트폰,"만기후 1개월이내 해지시 약정이율 적용(가입시점 이율과 만기시점 이율 중 낮은 이율)
만기후 1개월이후 해지시 보통예금금리(0.5%)적용",없음,1,내·외국인 대상,1만원이상 가입가능,,20260820,,202608201500,S,단리,S,정액적립식,12,3.9,3.9
030300,저축은행,2026-08-31T05:51:56+00:00,202608,0010464,영진저축은행,310012,SB톡톡-정기적금,스마트폰,"만기후 1개월이내 해지시 약정이율 적용(가입시점 이율과 만기시점 이율 중 낮은 이율)
만기후 1개월이후 해지시 보통예금금리(0.5%)적용",없음,1,내·외국인 대상,1만원이상 가입가능,,20260820,,202608201500,M,복리,S,정액적립식,12,3.9,3.9
030300,저축은행,2026-08-31T05:51:56+00:00,202608,0010464,영진저축은행,310012,SB톡톡-정기적금,스마트폰,"만기후 1개월이내 해지시 약정이율 적용(가입시점 이율과 만기시점 이율 중 낮은 이율)
만기후 1개월이후 해지시 보통예금금리(0.5%)적용",없음,1,내·외국인 대상,1만원이상 가입가능,,20260820,,202608201500,S,단리,S,정액적립식,24,3.9,3.9
030300,저축은행,2026-08-31T05:51:56+00:00,202608,0010464,영진저축은행,310012,SB톡톡-정기적금,스마트폰,"만기후 1개월이내 해지시 약정이율 적용(가입시점 이율과 만기시점 이율 중 낮은 이율)
만기후 1개월이후 해지시 보통예금금리(0.5%)적용",없음,1,내·외국인 대상,1만원이상 가입가능,,20260820,,202608201500,M,복리,S,정액적립식,24,3.9,3.9
030300,저축은행,2026-08-31T05:51:56+00:00,202608,0010464,영진저축은행,310010,e-정기적금,인터넷,"만기후 1개월이내 해지시 약정이율 적용(가입시점 이율과 만기시점 이율 중 낮은 이율)
만기후 1개월이후 해지시 보통예금금리(0.5%)적용",없음,1,내·외국인 대상,1만원이상 가입가능,,20260820,,202608201500,S,단리,S,정액적립식,6,2.5,2.5
030300,저축은행,2026-08-31T05:51:56+00:00,202608,0010464,영진저축은행,310010,e-정기적금,인터넷,"만기후 1개월이내 해지시 약정이율 적용(가입시점 이율과 만기시점 이율 중 낮은 이율)
만기후 1개월이후 해지시 보통예금금리(0.5%)적용",없음,1,내·외국인 대상,1만원이상 가입가능,,20260820,,202608201500,M,복리,S,정액적립식,6,2.5,2.5
030300,저축은행,2026-08-31T05:51:56+00:00,202608,0010464,영진저축은행,310010,e-정기적금,인터넷,"만기후 1개월이내 해지시 약정이율 적용(가입시점 이율과 만기시점 이율 중 낮은 이율)
만기후 1개월이후 해지시 보통예금금리(0.5%)적용",없음,1,내·외국인 대상,1만원이상 가입가능,,20260820,,202608201500,S,단리,S,정액적립식,12,3.9,3.9
030300,저축은행,2026-08-31T05:51:56+00:00,202608,0010464,영진저축은행,310010,e-정기적금,인터넷,"만기후 1개월이내 해지시 약정이율 적용(가입시점 이율과 만기시점 이율 중 낮은 이율)
만기후 1개월이후 해지시 보통예금금리(0.5%)적용",없음,1,내·외국인 대상,1만원이상 가입가능,,20260820,,202608201500,M,복리,S,정액적립식,12,3.9,3.9
030300,저축은행,2026-08-31T05:51:56+00:00,202608,0010464,영진저축은행,310010,e-정기적금,인터넷,"만기후 1개월이내 해지시 약정이율 적용(가입시점 이율과 만기시점 이율 중 낮은 이율)
만기후 1개월이후 해지시 보통예금금리(0.5%)적용",없음,1,내·외국인 대상,1만원이상 가입가능,,20260820,,202608201500,S,단리,S,정액적립식,24,3.9,3.9
030300,저축은행,2026-08-31T05:51:56+00:00,202608,0010464,영진저축은행,310010,e-정기적금,인터넷,"만기후 1개월이내 해지시 약정이율 적용(가입시점 이율과 만기시점 이율 중 낮은 이율)
만기후 1개월이후 해지시 보통예금금리(0.5%)적용",없음,1,내·외국인 대상,1만원이상 가입가능,,20260820,,202608201500,M,복리,S,정액적립식,24,3.9,3.9
030300,저축은행,2026-08-31T05:51:56+00:00,202608,0010464,영진저축은행,310011,m-정기적금,스마트폰,"만기후 1개월이내 해지시 약정이율 적용(가입시점 이율과 만기시점 이율 중 낮은 이율)
만기후 1개월이후 해지시 보통예금금리(0.5%)적용",없음,1,내·외국인 대상,1만원이상 가입가능,,20260820,,202608201500,M,복리,S,정액적립식,6,2.5,2.5
030300,저축은행,2026-08-31T05:51:56+00:00,202608,0010464,영진저축은행,310011,m-정기적금,스마트폰,"만기후 1개월이내 해지시 약정이율 적용(가입시점 이율과 만기시점 이율 중 낮은 이율)
만기후 1개월이후 해지시 보통예금금리(0.5%)적용",없음,1,내·외국인 대상,1만원이상 가입가능,,20260820,,202608201500,S,단리,S,정액적립식,6,2.5,2.5
030300,저축은행,2026-08-31T05:51:56+00:00,202608,0010464,영진저축은행,310011,m-정기적금,스마트폰,"만기후 1개월이내 해지시 약정이율 적용(가입시점 이율과 만기시점 이율 중 낮은 이율)
만기후 1개월이후 해지시 보통예금금리(0.5%)적용",없음,1,내·외국인 대상,1만원이상 가입가능,,20260820,,202608201500,M,복리,S,정액적립식,12,3.9,3.9
030300,저축은행,2026-08-31T05:51:56+00:00,202608,0010464,영진저축은행,310011,m-정기적금,스마트폰,"만기후 1개월이내 해지시 약정이율 적용(가입시점 이율과 만기시점 이율 중 낮은 이율)
만기후 1개월이후 해지시 보통예금금리(0.5%)적용",없음,1,내·외국인 대상,1만원이상 가입가능,,20260820,,202608201500,S,단리,S,정액적립식,12,3.9,3.9
030300,저축은행,2026-08-31T05:51:56+00:00,202608,0010464,영진저축은행,310011,m-정기적금,스마트폰,"만기후 1개월이내 해지시 약정이율 적용(가입시점 이율과 만기시점 이율 중 낮은 이율)
만기후 1개월이후 해지시 보통예금금리(0.5%)적용",없음,1,내·외국인 대상,1만원이상 가입가능,,20260820,,202608201500,M,복리,S,정액적립식,24,3.9,3.9
030300,저축은행,2026-08-31T05:51:56+00:00,202608,0010464,영진저축은행,310011,m-정기적금,스마트폰,"만기후 1개월이내 해지시 약정이율 적용(가입시점 이율과 만기시점 이율 중 낮은 이율)
만기후 1개월이후 해지시 보통예금금리(0.5%)적용",없음,1,내·외국인 대상,1만원이상 가입가능,,20260820,,202608201500,S,단리,S,정액적립식,24,3.9,3.9
030300,저축은행,2026-08-31T05:51:56+00:00,202608,0010464,영진저축은행,380001,자유적립예금,영업점,"만기후 1개월이내 해지시 약정이율 적용(가입시점 이율과 만기시점 이율 중 낮은 이율)
만기후 1개월이후 해지시 보통예금금리(0.5%)적용","계약기간이 1년이상인 정기예금, 정기적금, 신용부금 만기수령액 이하를 1년 이상으로 재예치시",1,내·외국인 대상,"1천원이상 가입가능, 최소가입기간 3개월이상",,20260820,,202608201500,S,단리,F,자유적립식,1,1.1,1.1
030300,저축은행,2026-08-31T05:51:56+00:00,202608,0010464,영진저축은행,380001,자유적립예금,영업점,"만기후 1개월이내 해지시 약정이율 적용(가입시점 이율과 만기시점 이율 중 낮은 이율)
만기후 1개월이후 해지시 보통예금금리(0.5%)적용","계약기간이 1년이상인 정기예금, 정기적금, 신용부금 만기수령액 이하를 1년 이상으로 재예치시",1,내·외국인 대상,"1천원이상 가입가능, 최소가입기간 3개월이상",,20260820,,202608201500,M,복리,F,자유적립식,1,1.1,1.1
030300,저축은행,2026-08-31T05:51:56+00:00,202608,0010464,영진저축은행,380001,자유적립예금,영업점,"만기후 1개월이내 해지시 약정이율 적용(가입시점 이율과 만기시점 이율 중 낮은 이율)
만기후 1개월이후 해지시 보통예금금리(0.5%)적용","계약기간이 1년이상인 정기예금, 정기적금, 신용부금 만기수령액 이하를 1년 이상으로 재예치시",1,내·외국인 대상,"1천원이상 가입가능, 최소가입기간 3개월이상",,20260820,,202608201500,S,단리,F,자유적립식,3,1.2,1.2
030300,저축은행,2026-08-31T05:51:56+00:00,202608,0010464,영진저축은행,380001,자유적립예금,영업점,"만기후 1개월이내 해지시 약정이율 적용(가입시점 이율과 만기시점 이율 중 낮은 이율)
만기후 1개월이후 해지시 보통예금금리(0.5%)적용","계약기간이 1년이상인 정기예금, 정기적금, 신용부금 만기수령액 이하를 1년 이상으로 재예치시",1,내·외국인 대상,"1천원이상 가입가능, 최소가입기간 3개월이상",,20260820,,202608201500,M,복리,F,자유적립식,3,1.2,1.2
030300,저축은행,2026-08-31T05:51:56+00:00,202608,0010464,영진저축은행,380001,자유적립예금,영업점,"만기후 1개월이내 해지시 약정이율 적용(가입시점 이율과 만기시점 이율 중 낮은 이율)
만기후 1개월이후 해지시 보통예금금리(0.5%)적용","계약기간이 1년이상인 정기예금, 정기적금, 신용부금 만기수령액 이하를 1년 이상으로 재예치시",1,내·외국인 대상,"1천원이상 가입가능, 최소가입기간 3개월이상",,20260820,,202608201500,S,단리,F,자유적립식,6,1.3,1.3
030300,저축은행,2026-08-31T05:51:56+00:00,202608,0010464,영진저축은행,380001,자유적립예금,영업점,"만기후 1개월이내 해지시 약정이율 적용(가입시점 이율과 만기시점 이율 중 낮은 이율)
만기후 1개월이후 해지시 보통예금금리(0.5%)적용","계약기간이 1년이상인 정기예금, 정기적금, 신용부금 만기수령액 이하를 1년 이상으로 재예치시",1,내·외국인 대상,"1천원이상 가입가능, 최소가입기간 3개월이상",,20260820,,202608201500,M,복리,F,자유적립식,6,1.3,1.3
030300,저축은행,2026-08-31T05:51:56+00:00,202608,0010464,영진저축은행,380001,자유적립예금,영업점,"만기후 1개월이내 해지시 약정이율 적용(가입시점 이율과 만기시점 이율 중 낮은 이율)
만기후 1개월이후 해지시 보통예금금리(0.5%)적용","계약기간이 1년이상인 정기예금, 정기적금, 신용부금 만기수령액 이하를 1년 이상으로 재예치시",1,내·외국인 대상,"1천원이상 가입가능, 최소가입기간 3개월이상",,20260820,,202608201500,S,단리,F,자유적립식,12,1.6,1.6
030300,저축은행,2026-08-31T05:51:56+00:00,202608,0010464,영진저축은행,380001,자유적립예금,영업점,"만기후 1개월이내 해지시 약정이율 적용(가입시점 이율과 만기시점 이율 중 낮은 이율)
만기후 1개월이후 해지시 보통예금금리(0.5%)적용","계약기간이 1년이상인 정기예금, 정기적금, 신용부금 만기수령액 이하를 1년 이상으로 재예치시",1,내·외국인 대상,"1천원이상 가입가능, 최소가입기간 3개월이상",,20260820,,202608201500,M,복리,F,자유적립식,12,1.6,1.6
030300,저축은행,2026-08-31T05:51:56+00:00,202608,0010464,영진저축은행,380001,자유적립예금,영업점,"만기후 1개월이내 해지시 약정이율 적용(가입시점 이율과 만기시점 이율 중 낮은 이율)
만기후 1개월이후 해지시 보통예금금리(0.5%)적용","계약기간이 1년이상인 정기예금, 정기적금, 신용부금 만기수령액 이하를 1년 이상으로 재예치시",1,내·외국인 대상,"1천원이상 가입가능, 최소가입기간 3개월이상",,20260820,,202608201500,S,단리,F,자유적립식,24,1.65,1.65
030300,저축은행,2026-08-31T05:51:56+00:00,202608,0010464,영진저축은행,380001,자유적립예금,영업점,"만기후 1개월이내 해지시 약정이율 적용(가입시점 이율과 만기시점 이율 중 낮은 이율)
만기후 1개월이후 해지시 보통예금금리(0.5%)적용","계약기간이 1년이상인 정기예금, 정기적금, 신용부금 만기수령액 이하를 1년 이상으로 재예치시",1,내·외국인 대상,"1천원이상 가입가능, 최소가입기간 3개월이상",,20260820,,202608201500,M,복리,F,자유적립식,24,1.65,1.65
030300,저축은행,2026-08-31T05:51:56+00:00,202608,0010464,영진저축은행,310008,정기적금,영업점,"만기후 1개월이내 해지시 약정이율 적용(가입시점 이율과 만기시점 이율 중 낮은 이율)
만기후 1개월이후 해지시 보통예금금리(0.5%)적용","계약기간이 1년이상인 정기예금, 정기적금, 신용부금 만기수령액 이하를 1년 이상으로 재예치시",1,내·외국인 대상,1만원이상 가입가능,,20260820,,202608201500,S,단리,S,정액적립식,6,2.4,2.4
030300,저축은행,2026-08-31T05:51:56+00:00,202608,0010464,영진저축은행,310008,정기적금,영업점,"만기후 1개월이내 해지시 약정이율 적용(가입시점 이율과 만기시점 이율 중 낮은 이율)
만기후 1개월이후 해지시 보통예금금리(0.5%)적용","계약기간이 1년이상인 정기예금, 정기적금, 신용부금 만기수령액 이하를 1년 이상으로 재예치시",1,내·외국인 대상,1만원이상 가입가능,,20260820,,202608201500,M,복리,S,정액적립식,6,2.4,2.4
030300,저축은행,2026-08-31T05:51:56+00:00,202608,0010464,영진저축은행,310008,정기적금,영업점,"만기후 1개월이내 해지시 약정이율 적용(가입시점 이율과 만기시점 이율 중 낮은 이율)
만기후 1개월이후 해지시 보통예금금리(0.5%)적용","계약기간이 1년이상인 정기예금, 정기적금, 신용부금 만기수령액 이하를 1년 이상으로 재예치시",1,내·외국인 대상,1만원이상 가입가능,,20260820,,202608201500,S,단리,S,정액적립식,12,3.8,3.8
030300,저축은행,2026-08-31T05:51:56+00:00,202608,0010464,영진저축은행,310008,정기적금,영업점,"만기후 1개월이내 해지시 약정이율 적용(가입시점 이율과 만기시점 이율 중 낮은 이율)
만기후 1개월이후 해지시 보통예금금리(0.5%)적용","계약기간이 1년이상인 정기예금, 정기적금, 신용부금 만기수령액 이하를 1년 이상으로 재예치시",1,내·외국인 대상,1만원이상 가입가능,,20260820,,202608201500,M,복리,S,정액적립식,12,3.8,3.8
030300,저축은행,2026-08-31T05:51:56+00:00,202608,0010464,영진저축은행,310008,정기적금,영업점,"만기후 1개월이내 해지시 약정이율 적용(가입시점 이율과 만기시점 이율 중 낮은 이율)
만기후 1개월이후 해지시 보통예금금리(0.5%)적용","계약기간이 1년이상인 정기예금, 정기적금, 신용부금 만기수령액 이하를 1년 이상으로 재예치시",1,내·외국인 대상,1만원이상 가입가능,,20260820,,202608201500,S,단리,S,정액적립식,24,3.8,3.8
030300,저축은행,2026-08-31T05:51:56+00:00,202608,0010464,영진저축은행,310008,정기적금,영업점,"만기후 1개월이내 해지시 약정이율 적용(가입시점 이율과 만기시점 이율 중 낮은 이율)
만기후 1개월이후 해지시 보통예금금리(0.5%)적용","계약기간이 1년이상인 정기예금, 정기적금, 신용부금 만기수령액 이하를 1년 이상으로 재예치시",1,내·외국인 대상,1만원이상 가입가능,,20260820,,202608201500,M,복리,S,정액적립식,24,3.8,3.8
030300,저축은행,2026-08-31T05:51:56+00:00,202608,0011551,예가람저축은행,310013,Hi!예가람 e정기적금,"인터넷,스마트폰","* 만기후 1개월 이내 : 가입당시 약정금리
* 만기후 1개월 초과 : 보통예금금리",비대면가입,1,제한없음,"인터넷뱅킹, 스마트폰",,20260820,,202608201500,S,단리,S,정액적립식,6,2.2,2.2
030300,저축은행,2026-08-31T05:51:56+00:00,202608,0011551,예가람저축은행,310013,Hi!예가람 e정기적금,"인터넷,스마트폰","* 만기후 1개월 이내 : 가입당시 약정금리
* 만기후 1개월 초과 : 보통예금금리",비대면가입,1,제한없음,"인터넷뱅킹, 스마트폰",,20260820,,202608201500,S,단리,S,정액적립식,12,3.5,3.5
030300,저축은행,2026-08-31T05:51:56+00:00,202608,0011551,예가람저축은행,310013,Hi!예가람 e정기적금,"인터넷,스마트폰","* 만기후 1개월 이내 : 가입당시 약정금리
* 만기후 1개월 초과 : 보통예금금리",비대면가입,1,제한없음,"인터넷뱅킹, 스마트폰",,20260820,,202608201500,S,단리,S,정액적립식,24,3.3,3.3
030300,저축은행,2026-08-31T05:51:56+00:00,202608,0011551,예가람저축은행,310013,Hi!예가람 e정기적금,"인터넷,스마트폰","* 만기후 1개월 이내 : 가입당시 약정금리
* 만기후 1개월 초과 : 보통예금금리",비대면가입,1,제한없음,"인터넷뱅킹, 스마트폰",,20260820,,202608201500,S,단리,S,정액적립식,36,3,3
030300,저축은행,2026-08-31T05:51:56+00:00,202608,0011551,예가람저축은행,310020,만기엔딩 정기적금,"영업점,인터넷,스마트폰","* 만기 후 1개월 이내 : 가입 당시 약정이율 또는 만기 시 동일 상품 동일 계약기간의 신규 약정이율 중 낮은 이율
* 만기 후 1개월 초과 : 보통예금이율",* 전 회차 납입 및 만기해지 시 적용,1,제한없음(내국인),"* 1인 1계좌 가입 제한
* 만기해지 시 「기본금리 + 우대금리」를 제공",3000000,20260820,,202608201500,S,단리,S,정액적립식,12,1.5,4
030300,저축은행,2026-08-31T05:51:56+00:00,202608,0011551,예가람저축은행,310020,만기엔딩 정기적금,"영업점,인터넷,스마트폰","* 만기 후 1개월 이내 : 가입 당시 약정이율 또는 만기 시 동일 상품 동일 계약기간의 신규 약정이율 중 낮은 이율
* 만기 후 1개월 초과 : 보통예금이율",* 전 회차 납입 및 만기해지 시 적용,1,제한없음(내국인),"* 1인 1계좌 가입 제한
* 만기해지 시 「기본금리 + 우대금리」를 제공",3000000,20260820,,202608201500,S,단리,S,정액적립식,24,1.5,4
030300,저축은행,2026-08-31T05:51:56+00:00,202608,0011551,예가람저축은행,310020,만기엔딩 정기적금,"영업점,인터넷,스마트폰","* 만기 후 1개월 이내 : 가입 당시 약정이율 또는 만기 시 동일 상품 동일 계약기간의 신규 약정이율 중 낮은 이율
* 만기 후 1개월 초과 : 보통예금이율",* 전 회차 납입 및 만기해지 시 적용,1,제한없음(내국인),"* 1인 1계좌 가입 제한
* 만기해지 시 「기본금리 + 우대금리」를 제공",3000000,20260820,,202608201500,S,단리,S,정액적립식,36,1.5,4
030300,저축은행,2026-08-31T05:51:56+00:00,202608,0011551,예가람저축은행,310023,아이돌(iDoL) 적금,영업점,"* 만기 후 1개월 이내 : 가입 당시 기본이율 또는 만기 시 동일 상품 동일 계약기간의 신규 기본이율 중 낮은 이율
* 만기 후 1개월 초과 : 보통예금이율","* 임신 또는 당해연도 출산
* 미취학 자녀수 에 따른 차등 적용
* 한부모가족 지원 대상자",1,만 19세 이상 내국인,"* 판매한도: 1,000계좌
* 1인 1계좌 제한
* 임신: 본인에 한하여 적용, 출산: 부모 기준 적용
*미취학 자녀 만 1세 이상 만 6세 미만, 최대 3명까지 인정
*한부모가족증명서 발급 기준에 따라 적용",300000,20260820,,202608201500,S,단리,S,정액적립식,12,3,10
030300,저축은행,2026-08-31T05:51:56+00:00,202608,0011551,예가람저축은행,310021,자유적립적금,"영업점,인터넷,스마트폰","* 만기 후 1개월 이내 : 가입 당시 약정금리 또는 만기 시 동일 상품 동일 계약기간의 신규 약정금리 중 낮은 이율
* 만기 후 1개월 초과 : 보통예금금리",없음,1,제한없음(내국인),"* 고객이 정한 계약금액의 월 10% 한도 내, 만기 1개월 전까지 납입 가능한 자유적립식 적금",,20260820,,202608201500,S,단리,F,자유적립식,6,3,3
030300,저축은행,2026-08-31T05:51:56+00:00,202608,0011551,예가람저축은행,310021,자유적립적금,"영업점,인터넷,스마트폰","* 만기 후 1개월 이내 : 가입 당시 약정금리 또는 만기 시 동일 상품 동일 계약기간의 신규 약정금리 중 낮은 이율
* 만기 후 1개월 초과 : 보통예금금리",없음,1,제한없음(내국인),"* 고객이 정한 계약금액의 월 10% 한도 내, 만기 1개월 전까지 납입 가능한 자유적립식 적금",,20260820,,202608201500,S,단리,F,자유적립식,12,3.5,3.5
030300,저축은행,2026-08-31T05:51:56+00:00,202608,0011551,예가람저축은행,310021,자유적립적금,"영업점,인터넷,스마트폰","* 만기 후 1개월 이내 : 가입 당시 약정금리 또는 만기 시 동일 상품 동일 계약기간의 신규 약정금리 중 낮은 이율
* 만기 후 1개월 초과 : 보통예금금리",없음,1,제한없음(내국인),"* 고객이 정한 계약금액의 월 10% 한도 내, 만기 1개월 전까지 납입 가능한 자유적립식 적금",,20260820,,202608201500,S,단리,F,자유적립식,24,3.4,3.4
030300,저축은행,2026-08-31T05:51:56+00:00,202608,0011551,예가람저축은행,310021,자유적립적금,"영업점,인터넷,스마트폰","* 만기 후 1개월 이내 : 가입 당시 약정금리 또는 만기 시 동일 상품 동일 계약기간의 신규 약정금리 중 낮은 이율
* 만기 후 1개월 초과 : 보통예금금리",없음,1,제한없음(내국인),"* 고객이 정한 계약금액의 월 10% 한도 내, 만기 1개월 전까지 납입 가능한 자유적립식 적금",,20260820,,202608201500,S,단리,F,자유적립식,36,3.3,3.3
030300,저축은행,2026-08-31T05:51:56+00:00,202608,0011551,예가람저축은행,310001,정기적금,영업점,"* 만기후 1개월 이내 : 가입당시 약정금리
* 만기후 1개월 초과 : 보통예금금리",없음,1,제한없음,영업점 전용상품,,20260820,,202608201500,S,단리,S,정액적립식,6,2.2,2.2
030300,저축은행,2026-08-31T05:51:56+00:00,202608,0011551,예가람저축은행,310001,정기적금,영업점,"* 만기후 1개월 이내 : 가입당시 약정금리
* 만기후 1개월 초과 : 보통예금금리",없음,1,제한없음,영업점 전용상품,,20260820,,202608201500,S,단리,S,정액적립식,12,3.5,3.5
030300,저축은행,2026-08-31T05:51:56+00:00,202608,0011551,예가람저축은행,310001,정기적금,영업점,"* 만기후 1개월 이내 : 가입당시 약정금리
* 만기후 1개월 초과 : 보통예금금리",없음,1,제한없음,영업점 전용상품,,20260820,,202608201500,S,단리,S,정액적립식,24,3.3,3.3
030300,저축은행,2026-08-31T05:51:56+00:00,202608,0011551,예가람저축은행,310001,정기적금,영업점,"* 만기후 1개월 이내 : 가입당시 약정금리
* 만기후 1개월 초과 : 보통예금금리",없음,1,제한없음,영업점 전용상품,,20260820,,202608201500,S,단리,S,정액적립식,36,3,3
030300,저축은행,2026-08-31T05:51:56+00:00,202608,0010562,오성저축은행,310003,플러스 정기적금,영업점,"1개월이하-약정금리와 기준금리 중 낮은금리
1개월초과-보통예금이율",없음,1,제한없음,없음,,20260820,,202608201500,S,단리,S,정액적립식,6,1.6,1.6
030300,저축은행,2026-08-31T05:51:56+00:00,202608,0010562,오성저축은행,310003,플러스 정기적금,영업점,"1개월이하-약정금리와 기준금리 중 낮은금리
1개월초과-보통예금이율",없음,1,제한없음,없음,,20260820,,202608201500,M,복리,S,정액적립식,6,1.6,1.6
030300,저축은행,2026-08-31T05:51:56+00:00,202608,0010562,오성저축은행,310003,플러스 정기적금,영업점,"1개월이하-약정금리와 기준금리 중 낮은금리
1개월초과-보통예금이율",없음,1,제한없음,없음,,20260820,,202608201500,S,단리,S,정액적립식,12,3.4,3.4
030300,저축은행,2026-08-31T05:51:56+00:00,202608,0010562,오성저축은행,310003,플러스 정기적금,영업점,"1개월이하-약정금리와 기준금리 중 낮은금리
1개월초과-보통예금이율",없음,1,제한없음,없음,,20260820,,202608201500,M,복리,S,정액적립식,12,3.4,3.4
030300,저축은행,2026-08-31T05:51:56+00:00,202608,0010562,오성저축은행,310003,플러스 정기적금,영업점,"1개월이하-약정금리와 기준금리 중 낮은금리
1개월초과-보통예금이율",없음,1,제한없음,없음,,20260820,,202608201500,S,단리,S,정액적립식,24,3.2,3.2
030300,저축은행,2026-08-31T05:51:56+00:00,202608,0010562,오성저축은행,310003,플러스 정기적금,영업점,"1개월이하-약정금리와 기준금리 중 낮은금리
1개월초과-보통예금이율",없음,1,제한없음,없음,,20260820,,202608201500,M,복리,S,정액적립식,24,3.2,3.2
030300,저축은행,2026-08-31T05:51:56+00:00,202608,0010562,오성저축은행,310003,플러스 정기적금,영업점,"1개월이하-약정금리와 기준금리 중 낮은금리
1개월초과-보통예금이율",없음,1,제한없음,없음,,20260820,,202608201500,S,단리,S,정액적립식,36,3.2,3.2
030300,저축은행,2026-08-31T05:51:56+00:00,202608,0010562,오성저축은행,310003,플러스 정기적금,영업점,"1개월이하-약정금리와 기준금리 중 낮은금리
1개월초과-보통예금이율",없음,1,제한없음,없음,,20260820,,202608201500,M,복리,S,정액적립식,36,3.2,3.2
030300,저축은행,2026-08-31T05:51:56+00:00,202608,0010562,오성저축은행,310004,플러스 정기적금(비대면),"인터넷,스마트폰","1개월이하-약정금리와 기준금리 중 낮은금리
1개월초과-보통예금이율",없음,1,제한없음,없음,,20260820,,202608201500,S,단리,S,정액적립식,6,1.6,1.6
030300,저축은행,2026-08-31T05:51:56+00:00,202608,0010562,오성저축은행,310004,플러스 정기적금(비대면),"인터넷,스마트폰","1개월이하-약정금리와 기준금리 중 낮은금리
1개월초과-보통예금이율",없음,1,제한없음,없음,,20260820,,202608201500,M,복리,S,정액적립식,6,1.6,1.6
030300,저축은행,2026-08-31T05:51:56+00:00,202608,0010562,오성저축은행,310004,플러스 정기적금(비대면),"인터넷,스마트폰","1개월이하-약정금리와 기준금리 중 낮은금리
1개월초과-보통예금이율",없음,1,제한없음,없음,,20260820,,202608201500,S,단리,S,정액적립식,12,3.4,3.4
030300,저축은행,2026-08-31T05:51:56+00:00,202608,0010562,오성저축은행,310004,플러스 정기적금(비대면),"인터넷,스마트폰","1개월이하-약정금리와 기준금리 중 낮은금리
1개월초과-보통예금이율",없음,1,제한없음,없음,,20260820,,202608201500,M,복리,S,정액적립식,12,3.4,3.4
030300,저축은행,2026-08-31T05:51:56+00:00,202608,0010562,오성저축은행,310004,플러스 정기적금(비대면),"인터넷,스마트폰","1개월이하-약정금리와 기준금리 중 낮은금리
1개월초과-보통예금이율",없음,1,제한없음,없음,,20260820,,202608201500,S,단리,S,정액적립식,24,3.2,3.2
030300,저축은행,2026-08-31T05:51:56+00:00,202608,0010562,오성저축은행,310004,플러스 정기적금(비대면),"인터넷,스마트폰","1개월이하-약정금리와 기준금리 중 낮은금리
1개월초과-보통예금이율",없음,1,제한없음,없음,,20260820,,202608201500,M,복리,S,정액적립식,24,3.2,3.2
030300,저축은행,2026-08-31T05:51:56+00:00,202608,0010562,오성저축은행,310004,플러스 정기적금(비대면),"인터넷,스마트폰","1개월이하-약정금리와 기준금리 중 낮은금리
1개월초과-보통예금이율",없음,1,제한없음,없음,,20260820,,202608201500,S,단리,S,정액적립식,36,3.2,3.2
030300,저축은행,2026-08-31T05:51:56+00:00,202608,0010562,오성저축은행,310004,플러스 정기적금(비대면),"인터넷,스마트폰","1개월이하-약정금리와 기준금리 중 낮은금리
1개월초과-보통예금이율",없음,1,제한없음,없음,,20260820,,202608201500,M,복리,S,정액적립식,36,3.2,3.2
030300,저축은행,2026-08-31T05:51:56+00:00,202608,0010510,오투저축은행,310011,E-정기적금,인터넷,"1. 2019년 7월 1일 이전 신규
-보통예금 이율

2. 2019년 7월 1일 신규분 부터
-1개월이내: 신규시점 약정이율과 만기시점 약정이율 중 낮은 이율
-1개월 초과: 보통예금 이율",없음,1,제한없음,"중도해지이율
-1개월 미만: 보통예금이율
-1개월 이상~3개월 미만: 계약일의 계약기간별 약정이율의 50%
-3개월 이상~12개월 미만: 계약일의 계약기간별 약정이율의 60%
-12개월 이상: 계약일의 계약기간별 약정이율의 70%",,20260820,,202608201500,S,단리,S,정액적립식,6,3.5,3.5
030300,저축은행,2026-08-31T05:51:56+00:00,202608,0010510,오투저축은행,310011,E-정기적금,인터넷,"1. 2019년 7월 1일 이전 신규
-보통예금 이율

2. 2019년 7월 1일 신규분 부터
-1개월이내: 신규시점 약정이율과 만기시점 약정이율 중 낮은 이율
-1개월 초과: 보통예금 이율",없음,1,제한없음,"중도해지이율
-1개월 미만: 보통예금이율
-1개월 이상~3개월 미만: 계약일의 계약기간별 약정이율의 50%
-3개월 이상~12개월 미만: 계약일의 계약기간별 약정이율의 60%
-12개월 이상: 계약일의 계약기간별 약정이율의 70%",,20260820,,202608201500,M,복리,S,정액적립식,6,3.5,3.5
030300,저축은행,2026-08-31T05:51:56+00:00,202608,0010510,오투저축은행,310011,E-정기적금,인터넷,"1. 2019년 7월 1일 이전 신규
-보통예금 이율

2. 2019년 7월 1일 신규분 부터
-1개월이내: 신규시점 약정이율과 만기시점 약정이율 중 낮은 이율
-1개월 초과: 보통예금 이율",없음,1,제한없음,"중도해지이율
-1개월 미만: 보통예금이율
-1개월 이상~3개월 미만: 계약일의 계약기간별 약정이율의 50%
-3개월 이상~12개월 미만: 계약일의 계약기간별 약정이율의 60%
-12개월 이상: 계약일의 계약기간별 약정이율의 70%",,20260820,,202608201500,S,단리,S,정액적립식,12,3.5,3.5
030300,저축은행,2026-08-31T05:51:56+00:00,202608,0010510,오투저축은행,310011,E-정기적금,인터넷,"1. 2019년 7월 1일 이전 신규
-보통예금 이율

2. 2019년 7월 1일 신규분 부터
-1개월이내: 신규시점 약정이율과 만기시점 약정이율 중 낮은 이율
-1개월 초과: 보통예금 이율",없음,1,제한없음,"중도해지이율
-1개월 미만: 보통예금이율
-1개월 이상~3개월 미만: 계약일의 계약기간별 약정이율의 50%
-3개월 이상~12개월 미만: 계약일의 계약기간별 약정이율의 60%
-12개월 이상: 계약일의 계약기간별 약정이율의 70%",,20260820,,202608201500,M,복리,S,정액적립식,12,3.5,3.5
030300,저축은행,2026-08-31T05:51:56+00:00,202608,0010510,오투저축은행,310011,E-정기적금,인터넷,"1. 2019년 7월 1일 이전 신규
-보통예금 이율

2. 2019년 7월 1일 신규분 부터
-1개월이내: 신규시점 약정이율과 만기시점 약정이율 중 낮은 이율
-1개월 초과: 보통예금 이율",없음,1,제한없음,"중도해지이율
-1개월 미만: 보통예금이율
-1개월 이상~3개월 미만: 계약일의 계약기간별 약정이율의 50%
-3개월 이상~12개월 미만: 계약일의 계약기간별 약정이율의 60%
-12개월 이상: 계약일의 계약기간별 약정이율의 70%",,20260820,,202608201500,S,단리,S,정액적립식,24,3.5,3.5
030300,저축은행,2026-08-31T05:51:56+00:00,202608,0010510,오투저축은행,310011,E-정기적금,인터넷,"1. 2019년 7월 1일 이전 신규
-보통예금 이율

2. 2019년 7월 1일 신규분 부터
-1개월이내: 신규시점 약정이율과 만기시점 약정이율 중 낮은 이율
-1개월 초과: 보통예금 이율",없음,1,제한없음,"중도해지이율
-1개월 미만: 보통예금이율
-1개월 이상~3개월 미만: 계약일의 계약기간별 약정이율의 50%
-3개월 이상~12개월 미만: 계약일의 계약기간별 약정이율의 60%
-12개월 이상: 계약일의 계약기간별 약정이율의 70%",,20260820,,202608201500,M,복리,S,정액적립식,24,3.5,3.5
030300,저축은행,2026-08-31T05:51:56+00:00,202608,0010510,오투저축은행,310011,E-정기적금,인터넷,"1. 2019년 7월 1일 이전 신규
-보통예금 이율

2. 2019년 7월 1일 신규분 부터
-1개월이내: 신규시점 약정이율과 만기시점 약정이율 중 낮은 이율
-1개월 초과: 보통예금 이율",없음,1,제한없음,"중도해지이율
-1개월 미만: 보통예금이율
-1개월 이상~3개월 미만: 계약일의 계약기간별 약정이율의 50%
-3개월 이상~12개월 미만: 계약일의 계약기간별 약정이율의 60%
-12개월 이상: 계약일의 계약기간별 약정이율의 70%",,20260820,,202608201500,S,단리,S,정액적립식,36,3.5,3.5
030300,저축은행,2026-08-31T05:51:56+00:00,202608,0010510,오투저축은행,310011,E-정기적금,인터넷,"1. 2019년 7월 1일 이전 신규
-보통예금 이율

2. 2019년 7월 1일 신규분 부터
-1개월이내: 신규시점 약정이율과 만기시점 약정이율 중 낮은 이율
-1개월 초과: 보통예금 이율",없음,1,제한없음,"중도해지이율
-1개월 미만: 보통예금이율
-1개월 이상~3개월 미만: 계약일의 계약기간별 약정이율의 50%
-3개월 이상~12개월 미만: 계약일의 계약기간별 약정이율의 60%
-12개월 이상: 계약일의 계약기간별 약정이율의 70%",,20260820,,202608201500,M,복리,S,정액적립식,36,3.5,3.5
030300,저축은행,2026-08-31T05:51:56+00:00,202608,0010510,오투저축은행,310010,비대면 정기적금,스마트폰,"1. 2019년 7월 1일 이전 신규
-보통예금 이율

2. 2019년 7월 1일 신규분 부터
-1개월이내: 신규시점 약정이율과 만기시점 약정이율 중 낮은 이율
-1개월 초과: 보통예금 이율",없음,1,제한없음,"중도해지이율
-1개월 미만: 보통예금이율
-1개월 이상~3개월 미만: 계약일의 계약기간별 약정이율의 50%
-3개월 이상~12개월 미만: 계약일의 계약기간별 약정이율의 60%
-12개월 이상: 계약일의 계약기간별 약정이율의 70%",,20260820,,202608201500,S,단리,S,정액적립식,6,3.5,3.5
030300,저축은행,2026-08-31T05:51:56+00:00,202608,0010510,오투저축은행,310010,비대면 정기적금,스마트폰,"1. 2019년 7월 1일 이전 신규
-보통예금 이율

2. 2019년 7월 1일 신규분 부터
-1개월이내: 신규시점 약정이율과 만기시점 약정이율 중 낮은 이율
-1개월 초과: 보통예금 이율",없음,1,제한없음,"중도해지이율
-1개월 미만: 보통예금이율
-1개월 이상~3개월 미만: 계약일의 계약기간별 약정이율의 50%
-3개월 이상~12개월 미만: 계약일의 계약기간별 약정이율의 60%
-12개월 이상: 계약일의 계약기간별 약정이율의 70%",,20260820,,202608201500,M,복리,S,정액적립식,6,3.5,3.5
030300,저축은행,2026-08-31T05:51:56+00:00,202608,0010510,오투저축은행,310010,비대면 정기적금,스마트폰,"1. 2019년 7월 1일 이전 신규
-보통예금 이율

2. 2019년 7월 1일 신규분 부터
-1개월이내: 신규시점 약정이율과 만기시점 약정이율 중 낮은 이율
-1개월 초과: 보통예금 이율",없음,1,제한없음,"중도해지이율
-1개월 미만: 보통예금이율
-1개월 이상~3개월 미만: 계약일의 계약기간별 약정이율의 50%
-3개월 이상~12개월 미만: 계약일의 계약기간별 약정이율의 60%
-12개월 이상: 계약일의 계약기간별 약정이율의 70%",,20260820,,202608201500,S,단리,S,정액적립식,12,3.5,3.5
030300,저축은행,2026-08-31T05:51:56+00:00,202608,0010510,오투저축은행,310010,비대면 정기적금,스마트폰,"1. 2019년 7월 1일 이전 신규
-보통예금 이율

2. 2019년 7월 1일 신규분 부터
-1개월이내: 신규시점 약정이율과 만기시점 약정이율 중 낮은 이율
-1개월 초과: 보통예금 이율",없음,1,제한없음,"중도해지이율
-1개월 미만: 보통예금이율
-1개월 이상~3개월 미만: 계약일의 계약기간별 약정이율의 50%
-3개월 이상~12개월 미만: 계약일의 계약기간별 약정이율의 60%
-12개월 이상: 계약일의 계약기간별 약정이율의 70%",,20260820,,202608201500,M,복리,S,정액적립식,12,3.5,3.5
030300,저축은행,2026-08-31T05:51:56+00:00,202608,0010510,오투저축은행,310010,비대면 정기적금,스마트폰,"1. 2019년 7월 1일 이전 신규
-보통예금 이율

2. 2019년 7월 1일 신규분 부터
-1개월이내: 신규시점 약정이율과 만기시점 약정이율 중 낮은 이율
-1개월 초과: 보통예금 이율",없음,1,제한없음,"중도해지이율
-1개월 미만: 보통예금이율
-1개월 이상~3개월 미만: 계약일의 계약기간별 약정이율의 50%
-3개월 이상~12개월 미만: 계약일의 계약기간별 약정이율의 60%
-12개월 이상: 계약일의 계약기간별 약정이율의 70%",,20260820,,202608201500,S,단리,S,정액적립식,24,3.5,3.5
030300,저축은행,2026-08-31T05:51:56+00:00,202608,0010510,오투저축은행,310010,비대면 정기적금,스마트폰,"1. 2019년 7월 1일 이전 신규
-보통예금 이율

2. 2019년 7월 1일 신규분 부터
-1개월이내: 신규시점 약정이율과 만기시점 약정이율 중 낮은 이율
-1개월 초과: 보통예금 이율",없음,1,제한없음,"중도해지이율
-1개월 미만: 보통예금이율
-1개월 이상~3개월 미만: 계약일의 계약기간별 약정이율의 50%
-3개월 이상~12개월 미만: 계약일의 계약기간별 약정이율의 60%
-12개월 이상: 계약일의 계약기간별 약정이율의 70%",,20260820,,202608201500,M,복리,S,정액적립식,24,3.5,3.5
030300,저축은행,2026-08-31T05:51:56+00:00,202608,0010510,오투저축은행,310010,비대면 정기적금,스마트폰,"1. 2019년 7월 1일 이전 신규
-보통예금 이율

2. 2019년 7월 1일 신규분 부터
-1개월이내: 신규시점 약정이율과 만기시점 약정이율 중 낮은 이율
-1개월 초과: 보통예금 이율",없음,1,제한없음,"중도해지이율
-1개월 미만: 보통예금이율
-1개월 이상~3개월 미만: 계약일의 계약기간별 약정이율의 50%
-3개월 이상~12개월 미만: 계약일의 계약기간별 약정이율의 60%
-12개월 이상: 계약일의 계약기간별 약정이율의 70%",,20260820,,202608201500,S,단리,S,정액적립식,36,3.5,3.5
030300,저축은행,2026-08-31T05:51:56+00:00,202608,0010510,오투저축은행,310010,비대면 정기적금,스마트폰,"1. 2019년 7월 1일 이전 신규
-보통예금 이율

2. 2019년 7월 1일 신규분 부터
-1개월이내: 신규시점 약정이율과 만기시점 약정이율 중 낮은 이율
-1개월 초과: 보통예금 이율",없음,1,제한없음,"중도해지이율
-1개월 미만: 보통예금이율
-1개월 이상~3개월 미만: 계약일의 계약기간별 약정이율의 50%
-3개월 이상~12개월 미만: 계약일의 계약기간별 약정이율의 60%
-12개월 이상: 계약일의 계약기간별 약정이율의 70%",,20260820,,202608201500,M,복리,S,정액적립식,36,3.5,3.5
030300,저축은행,2026-08-31T05:51:56+00:00,202608,0010510,오투저축은행,310001,정기적금,영업점,"1. 2019년 7월 1일 이전 신규
-보통예금 이율

2. 2019년 7월 1일 신규분 부터
-1개월이내: 신규시점 약정이율과 만기시점 약정이율 중 낮은 이율
-1개월 초과: 보통예금 이율",없음,1,제한없음,"중도해지이율
-1개월 미만: 보통예금이율
-1개월 이상~3개월 미만: 계약일의 계약기간별 약정이율의 50%
-3개월 이상~12개월 미만: 계약일의 계약기간별 약정이율의 60%
-12개월 이상: 계약일의 계약기간별 약정이율의 70%",,20260820,,202608201500,S,단리,F,자유적립식,1,2,2
030300,저축은행,2026-08-31T05:51:56+00:00,202608,0010510,오투저축은행,310001,정기적금,영업점,"1. 2019년 7월 1일 이전 신규
-보통예금 이율

2. 2019년 7월 1일 신규분 부터
-1개월이내: 신규시점 약정이율과 만기시점 약정이율 중 낮은 이율
-1개월 초과: 보통예금 이율",없음,1,제한없음,"중도해지이율
-1개월 미만: 보통예금이율
-1개월 이상~3개월 미만: 계약일의 계약기간별 약정이율의 50%
-3개월 이상~12개월 미만: 계약일의 계약기간별 약정이율의 60%
-12개월 이상: 계약일의 계약기간별 약정이율의 70%",,20260820,,202608201500,M,복리,F,자유적립식,1,2,2
030300,저축은행,2026-08-31T05:51:56+00:00,202608,0010510,오투저축은행,310001,정기적금,영업점,"1. 2019년 7월 1일 이전 신규
-보통예금 이율

2. 2019년 7월 1일 신규분 부터
-1개월이내: 신규시점 약정이율과 만기시점 약정이율 중 낮은 이율
-1개월 초과: 보통예금 이율",없음,1,제한없음,"중도해지이율
-1개월 미만: 보통예금이율
-1개월 이상~3개월 미만: 계약일의 계약기간별 약정이율의 50%
-3개월 이상~12개월 미만: 계약일의 계약기간별 약정이율의 60%
-12개월 이상: 계약일의 계약기간별 약정이율의 70%",,20260820,,202608201500,S,단리,F,자유적립식,3,2,2
030300,저축은행,2026-08-31T05:51:56+00:00,202608,0010510,오투저축은행,310001,정기적금,영업점,"1. 2019년 7월 1일 이전 신규
-보통예금 이율

2. 2019년 7월 1일 신규분 부터
-1개월이내: 신규시점 약정이율과 만기시점 약정이율 중 낮은 이율
-1개월 초과: 보통예금 이율",없음,1,제한없음,"중도해지이율
-1개월 미만: 보통예금이율
-1개월 이상~3개월 미만: 계약일의 계약기간별 약정이율의 50%
-3개월 이상~12개월 미만: 계약일의 계약기간별 약정이율의 60%
-12개월 이상: 계약일의 계약기간별 약정이율의 70%",,20260820,,202608201500,M,복리,F,자유적립식,3,2,2
030300,저축은행,2026-08-31T05:51:56+00:00,202608,0010510,오투저축은행,310001,정기적금,영업점,"1. 2019년 7월 1일 이전 신규
-보통예금 이율

2. 2019년 7월 1일 신규분 부터
-1개월이내: 신규시점 약정이율과 만기시점 약정이율 중 낮은 이율
-1개월 초과: 보통예금 이율",없음,1,제한없음,"중도해지이율
-1개월 미만: 보통예금이율
-1개월 이상~3개월 미만: 계약일의 계약기간별 약정이율의 50%
-3개월 이상~12개월 미만: 계약일의 계약기간별 약정이율의 60%
-12개월 이상: 계약일의 계약기간별 약정이율의 70%",,20260820,,202608201500,S,단리,F,자유적립식,6,3.7,3.7
030300,저축은행,2026-08-31T05:51:56+00:00,202608,0010510,오투저축은행,310001,정기적금,영업점,"1. 2019년 7월 1일 이전 신규
-보통예금 이율

2. 2019년 7월 1일 신규분 부터
-1개월이내: 신규시점 약정이율과 만기시점 약정이율 중 낮은 이율
-1개월 초과: 보통예금 이율",없음,1,제한없음,"중도해지이율
-1개월 미만: 보통예금이율
-1개월 이상~3개월 미만: 계약일의 계약기간별 약정이율의 50%
-3개월 이상~12개월 미만: 계약일의 계약기간별 약정이율의 60%
-12개월 이상: 계약일의 계약기간별 약정이율의 70%",,20260820,,202608201500,M,복리,F,자유적립식,6,3.7,3.7
030300,저축은행,2026-08-31T05:51:56+00:00,202608,0010510,오투저축은행,310001,정기적금,영업점,"1. 2019년 7월 1일 이전 신규
-보통예금 이율

2. 2019년 7월 1일 신규분 부터
-1개월이내: 신규시점 약정이율과 만기시점 약정이율 중 낮은 이율
-1개월 초과: 보통예금 이율",없음,1,제한없음,"중도해지이율
-1개월 미만: 보통예금이율
-1개월 이상~3개월 미만: 계약일의 계약기간별 약정이율의 50%
-3개월 이상~12개월 미만: 계약일의 계약기간별 약정이율의 60%
-12개월 이상: 계약일의 계약기간별 약정이율의 70%",,20260820,,202608201500,S,단리,F,자유적립식,12,3.9,3.9
030300,저축은행,2026-08-31T05:51:56+00:00,202608,0010510,오투저축은행,310001,정기적금,영업점,"1. 2019년 7월 1일 이전 신규
-보통예금 이율

2. 2019년 7월 1일 신규분 부터
-1개월이내: 신규시점 약정이율과 만기시점 약정이율 중 낮은 이율
-1개월 초과: 보통예금 이율",없음,1,제한없음,"중도해지이율
-1개월 미만: 보통예금이율
-1개월 이상~3개월 미만: 계약일의 계약기간별 약정이율의 50%
-3개월 이상~12개월 미만: 계약일의 계약기간별 약정이율의 60%
-12개월 이상: 계약일의 계약기간별 약정이율의 70%",,20260820,,202608201500,M,복리,F,자유적립식,12,3.9,3.9
030300,저축은행,2026-08-31T05:51:56+00:00,202608,0010510,오투저축은행,310001,정기적금,영업점,"1. 2019년 7월 1일 이전 신규
-보통예금 이율

2. 2019년 7월 1일 신규분 부터
-1개월이내: 신규시점 약정이율과 만기시점 약정이율 중 낮은 이율
-1개월 초과: 보통예금 이율",없음,1,제한없음,"중도해지이율
-1개월 미만: 보통예금이율
-1개월 이상~3개월 미만: 계약일의 계약기간별 약정이율의 50%
-3개월 이상~12개월 미만: 계약일의 계약기간별 약정이율의 60%
-12개월 이상: 계약일의 계약기간별 약정이율의 70%",,20260820,,202608201500,S,단리,F,자유적립식,24,3.3,3.3
030300,저축은행,2026-08-31T05:51:56+00:00,202608,0010510,오투저축은행,310001,정기적금,영업점,"1. 2019년 7월 1일 이전 신규
-보통예금 이율

2. 2019년 7월 1일 신규분 부터
-1개월이내: 신규시점 약정이율과 만기시점 약정이율 중 낮은 이율
-1개월 초과: 보통예금 이율",없음,1,제한없음,"중도해지이율
-1개월 미만: 보통예금이율
-1개월 이상~3개월 미만: 계약일의 계약기간별 약정이율의 50%
-3개월 이상~12개월 미만: 계약일의 계약기간별 약정이율의 60%
-12개월 이상: 계약일의 계약기간별 약정이율의 70%",,20260820,,202608201500,M,복리,F,자유적립식,24,3.3,3.3
030300,저축은행,2026-08-31T05:51:56+00:00,202608,0010510,오투저축은행,310001,정기적금,영업점,"1. 2019년 7월 1일 이전 신규
-보통예금 이율

2. 2019년 7월 1일 신규분 부터
-1개월이내: 신규시점 약정이율과 만기시점 약정이율 중 낮은 이율
-1개월 초과: 보통예금 이율",없음,1,제한없음,"중도해지이율
-1개월 미만: 보통예금이율
-1개월 이상~3개월 미만: 계약일의 계약기간별 약정이율의 50%
-3개월 이상~12개월 미만: 계약일의 계약기간별 약정이율의 60%
-12개월 이상: 계약일의 계약기간별 약정이율의 70%",,20260820,,202608201500,S,단리,F,자유적립식,36,3.3,3.3
030300,저축은행,2026-08-31T05:51:56+00:00,202608,0010510,오투저축은행,310001,정기적금,영업점,"1. 2019년 7월 1일 이전 신규
-보통예금 이율

2. 2019년 7월 1일 신규분 부터
-1개월이내: 신규시점 약정이율과 만기시점 약정이율 중 낮은 이율
-1개월 초과: 보통예금 이율",없음,1,제한없음,"중도해지이율
-1개월 미만: 보통예금이율
-1개월 이상~3개월 미만: 계약일의 계약기간별 약정이율의 50%
-3개월 이상~12개월 미만: 계약일의 계약기간별 약정이율의 60%
-12개월 이상: 계약일의 계약기간별 약정이율의 70%",,20260820,,202608201500,M,복리,F,자유적립식,36,3.3,3.3
030300,저축은행,2026-08-31T05:51:56+00:00,202608,0010488,우리금융저축은행,310034,e-정기적금,"인터넷,스마트폰",*만기 후 1개월 이내: 가입 시 약정이율과 만기 시 판매이율 중 낮은금리 적용 *1개월 초과 시 : 연0.3% *2019.07.01. 이후 가입분 부터적용.이전가입분은 연0.3%,-,1,제한없음,-,,20260828,,202608280907,S,단리,S,정액적립식,6,1.6,1.6
030300,저축은행,2026-08-31T05:51:56+00:00,202608,0010488,우리금융저축은행,310034,e-정기적금,"인터넷,스마트폰",*만기 후 1개월 이내: 가입 시 약정이율과 만기 시 판매이율 중 낮은금리 적용 *1개월 초과 시 : 연0.3% *2019.07.01. 이후 가입분 부터적용.이전가입분은 연0.3%,-,1,제한없음,-,,20260828,,202608280907,M,복리,S,정액적립식,6,1.6,1.6
030300,저축은행,2026-08-31T05:51:56+00:00,202608,0010488,우리금융저축은행,310034,e-정기적금,"인터넷,스마트폰",*만기 후 1개월 이내: 가입 시 약정이율과 만기 시 판매이율 중 낮은금리 적용 *1개월 초과 시 : 연0.3% *2019.07.01. 이후 가입분 부터적용.이전가입분은 연0.3%,-,1,제한없음,-,,20260828,,202608280907,S,단리,S,정액적립식,12,2.6,2.6
030300,저축은행,2026-08-31T05:51:56+00:00,202608,0010488,우리금융저축은행,310034,e-정기적금,"인터넷,스마트폰",*만기 후 1개월 이내: 가입 시 약정이율과 만기 시 판매이율 중 낮은금리 적용 *1개월 초과 시 : 연0.3% *2019.07.01. 이후 가입분 부터적용.이전가입분은 연0.3%,-,1,제한없음,-,,20260828,,202608280907,M,복리,S,정액적립식,12,2.6,2.6
030300,저축은행,2026-08-31T05:51:56+00:00,202608,0010488,우리금융저축은행,310034,e-정기적금,"인터넷,스마트폰",*만기 후 1개월 이내: 가입 시 약정이율과 만기 시 판매이율 중 낮은금리 적용 *1개월 초과 시 : 연0.3% *2019.07.01. 이후 가입분 부터적용.이전가입분은 연0.3%,-,1,제한없음,-,,20260828,,202608280907,S,단리,S,정액적립식,24,2.7,2.7
030300,저축은행,2026-08-31T05:51:56+00:00,202608,0010488,우리금융저축은행,310034,e-정기적금,"인터넷,스마트폰",*만기 후 1개월 이내: 가입 시 약정이율과 만기 시 판매이율 중 낮은금리 적용 *1개월 초과 시 : 연0.3% *2019.07.01. 이후 가입분 부터적용.이전가입분은 연0.3%,-,1,제한없음,-,,20260828,,202608280907,M,복리,S,정액적립식,24,2.7,2.7
030300,저축은행,2026-08-31T05:51:56+00:00,202608,0010488,우리금융저축은행,310034,e-정기적금,"인터넷,스마트폰",*만기 후 1개월 이내: 가입 시 약정이율과 만기 시 판매이율 중 낮은금리 적용 *1개월 초과 시 : 연0.3% *2019.07.01. 이후 가입분 부터적용.이전가입분은 연0.3%,-,1,제한없음,-,,20260828,,202608280907,S,단리,S,정액적립식,36,2.7,2.7
030300,저축은행,2026-08-31T05:51:56+00:00,202608,0010488,우리금융저축은행,310034,e-정기적금,"인터넷,스마트폰",*만기 후 1개월 이내: 가입 시 약정이율과 만기 시 판매이율 중 낮은금리 적용 *1개월 초과 시 : 연0.3% *2019.07.01. 이후 가입분 부터적용.이전가입분은 연0.3%,-,1,제한없음,-,,20260828,,202608280907,M,복리,S,정액적립식,36,2.7,2.7
030300,저축은행,2026-08-31T05:51:56+00:00,202608,0010488,우리금융저축은행,310024,정기적금,영업점,*만기 후 1개월 이내: 가입 시 약정이율과 만기 시 판매이율 중 낮은금리 적용 *1개월 초과 시 : 연0.3% *2019.07.01. 이후 가입분 부터적용.이전가입분은 연0.3%,인터넷/스마트폰뱅킹 가입시 0.1% 우대,1,제한없음,-,,20260828,,202608280907,M,복리,S,정액적립식,6,1.5,1.6
030300,저축은행,2026-08-31T05:51:56+00:00,202608,0010488,우리금융저축은행,310024,정기적금,영업점,*만기 후 1개월 이내: 가입 시 약정이율과 만기 시 판매이율 중 낮은금리 적용 *1개월 초과 시 : 연0.3% *2019.07.01. 이후 가입분 부터적용.이전가입분은 연0.3%,인터넷/스마트폰뱅킹 가입시 0.1% 우대,1,제한없음,-,,20260828,,202608280907,S,단리,S,정액적립식,6,1.5,1.6
030300,저축은행,2026-08-31T05:51:56+00:00,202608,0010488,우리금융저축은행,310024,정기적금,영업점,*만기 후 1개월 이내: 가입 시 약정이율과 만기 시 판매이율 중 낮은금리 적용 *1개월 초과 시 : 연0.3% *2019.07.01. 이후 가입분 부터적용.이전가입분은 연0.3%,인터넷/스마트폰뱅킹 가입시 0.1% 우대,1,제한없음,-,,20260828,,202608280907,M,복리,S,정액적립식,12,2.5,2.6
030300,저축은행,2026-08-31T05:51:56+00:00,202608,0010488,우리금융저축은행,310024,정기적금,영업점,*만기 후 1개월 이내: 가입 시 약정이율과 만기 시 판매이율 중 낮은금리 적용 *1개월 초과 시 : 연0.3% *2019.07.01. 이후 가입분 부터적용.이전가입분은 연0.3%,인터넷/스마트폰뱅킹 가입시 0.1% 우대,1,제한없음,-,,20260828,,202608280907,S,단리,S,정액적립식,12,2.5,2.6
030300,저축은행,2026-08-31T05:51:56+00:00,202608,0010488,우리금융저축은행,310024,정기적금,영업점,*만기 후 1개월 이내: 가입 시 약정이율과 만기 시 판매이율 중 낮은금리 적용 *1개월 초과 시 : 연0.3% *2019.07.01. 이후 가입분 부터적용.이전가입분은 연0.3%,인터넷/스마트폰뱅킹 가입시 0.1% 우대,1,제한없음,-,,20260828,,202608280907,M,복리,S,정액적립식,24,2.6,2.7
030300,저축은행,2026-08-31T05:51:56+00:00,202608,0010488,우리금융저축은행,310024,정기적금,영업점,*만기 후 1개월 이내: 가입 시 약정이율과 만기 시 판매이율 중 낮은금리 적용 *1개월 초과 시 : 연0.3% *2019.07.01. 이후 가입분 부터적용.이전가입분은 연0.3%,인터넷/스마트폰뱅킹 가입시 0.1% 우대,1,제한없음,-,,20260828,,202608280907,S,단리,S,정액적립식,24,2.6,2.7
030300,저축은행,2026-08-31T05:51:56+00:00,202608,0010488,우리금융저축은행,310024,정기적금,영업점,*만기 후 1개월 이내: 가입 시 약정이율과 만기 시 판매이율 중 낮은금리 적용 *1개월 초과 시 : 연0.3% *2019.07.01. 이후 가입분 부터적용.이전가입분은 연0.3%,인터넷/스마트폰뱅킹 가입시 0.1% 우대,1,제한없음,-,,20260828,,202608280907,M,복리,S,정액적립식,36,2.6,2.7
030300,저축은행,2026-08-31T05:51:56+00:00,202608,0010488,우리금융저축은행,310024,정기적금,영업점,*만기 후 1개월 이내: 가입 시 약정이율과 만기 시 판매이율 중 낮은금리 적용 *1개월 초과 시 : 연0.3% *2019.07.01. 이후 가입분 부터적용.이전가입분은 연0.3%,인터넷/스마트폰뱅킹 가입시 0.1% 우대,1,제한없음,-,,20260828,,202608280907,S,단리,S,정액적립식,36,2.6,2.7
030300,저축은행,2026-08-31T05:51:56+00:00,202608,0010418,우리저축은행,310003,정기적금(월수),영업점,"*만기후1개월이내:약정금리와현재금리비교후낮은금리
*만기후1개월초과:보통예금이율",없음,1,제한없음,없음,,20260820,,202608201500,S,단리,S,정액적립식,6,2.2,2.2
030300,저축은행,2026-08-31T05:51:56+00:00,202608,0010418,우리저축은행,310003,정기적금(월수),영업점,"*만기후1개월이내:약정금리와현재금리비교후낮은금리
*만기후1개월초과:보통예금이율",없음,1,제한없음,없음,,20260820,,202608201500,S,단리,S,정액적립식,12,2.3,2.3
030300,저축은행,2026-08-31T05:51:56+00:00,202608,0010418,우리저축은행,310003,정기적금(월수),영업점,"*만기후1개월이내:약정금리와현재금리비교후낮은금리
*만기후1개월초과:보통예금이율",없음,1,제한없음,없음,,20260820,,202608201500,S,단리,S,정액적립식,24,2.4,2.4
030300,저축은행,2026-08-31T05:51:56+00:00,202608,0010418,우리저축은행,310003,정기적금(월수),영업점,"*만기후1개월이내:약정금리와현재금리비교후낮은금리
*만기후1개월초과:보통예금이율",없음,1,제한없음,없음,,20260820,,202608201500,S,단리,S,정액적립식,36,2.5,2.5
030300,저축은행,2026-08-31T05:51:56+00:00,202608,0010418,우리저축은행,310004,정기적금(월수)(비대면),"인터넷,스마트폰","*만기후1개월이내:약정금리와현재금리비교후낮은금리
*만기후1개월초과:보통예금이율",없음,1,제한없음,없음,,20260820,,202608201500,S,단리,S,정액적립식,6,2.3,2.3
030300,저축은행,2026-08-31T05:51:56+00:00,202608,0010418,우리저축은행,310004,정기적금(월수)(비대면),"인터넷,스마트폰","*만기후1개월이내:약정금리와현재금리비교후낮은금리
*만기후1개월초과:보통예금이율",없음,1,제한없음,없음,,20260820,,202608201500,S,단리,S,정액적립식,12,2.4,2.4
030300,저축은행,2026-08-31T05:51:56+00:00,202608,0010418,우리저축은행,310004,정기적금(월수)(비대면),"인터넷,스마트폰","*만기후1개월이내:약정금리와현재금리비교후낮은금리
*만기후1개월초과:보통예금이율",없음,1,제한없음,없음,,20260820,,202608201500,S,단리,S,정액적립식,24,2.5,2.5
030300,저축은행,2026-08-31T05:51:56+00:00,202608,0010418,우리저축은행,310004,정기적금(월수)(비대면),"인터넷,스마트폰","*만기후1개월이내:약정금리와현재금리비교후낮은금리
*만기후1개월초과:보통예금이율",없음,1,제한없음,없음,,20260820,,202608201500,S,단리,S,정액적립식,36,2.6,2.6
030300,저축은행,2026-08-31T05:51:56+00:00,202608,0013350,웰컴저축은행,1130315004,WELCOME 디딤돌적금,영업점,"*만기 후 1개월 이하 : 이 예금의 가입 당시 약정금리나 만기시점의 동일 상품, 동일 계약기간의 신규약정금리 중 낮은 금리를 적용 
*만기 후 1개월 초과 : 연 0.1% ※ 만기시점의 동일 상품, 동일 계약기간이 없을 경우 가입 당시의 약정금리를 적용",기본금리 3.1% + 우대금리 1.7% = 적용이율 4.8%,1,"사회적배려대상자 (기초생활수급자,소년소녀가장,북한이탈주민,차상위계층 중 본인부담 경감대상자, 한부모가족지원 보호대상자, 장애인연금, 장애수당, 장애아동수당 대상자)","중도해지금리 - 일반중도해지 : 1.6% , 특별중도해지 : 4.8%",300000,20260820,,202608201500,S,단리,S,정액적립식,12,3.1,4.8
030300,저축은행,2026-08-31T05:51:56+00:00,202608,0013350,웰컴저축은행,1130315008,WELCOME 아이사랑 정기적금,"영업점,인터넷,스마트폰","*만기 후 1개월 이하 : 이 예금의 가입 당시 약정금리나 만기시점의 동일 상품, 동일 계약기간의 신규약정금리 중 낮은 금리를 적용
*만기 후 1개월 초과 : 연 0.3%
※ 만기시점의 동일 상품, 동일 계약기간이 없을 경우 가입 당시의 약정금리를 적용","① 계약기간의 2/3회 이상 웰컴 입출금통장을 통한 자동이체로 납입 : 1.0%p 
② 증빙서류 제출 시점 만 16세이하 가구원수에 따른 우대 - 1명 : 3.0%p - 2명 : 4.0%p - 3명 이상 : 6.0%p",1,제한없음,1인당 가입한도 월 10만원 (1인 1계좌),100000,20260820,,202608201500,S,단리,S,정액적립식,12,1,8
030300,저축은행,2026-08-31T05:51:56+00:00,202608,0013350,웰컴저축은행,1130313561,WELCOME 잔돈모아올림적금,스마트폰,"*만기 후 1개월 이하 : 이 예금의 가입 당시 약정금리나 만기시점의 동일 상품, 동일 계약기간의 신규약정금리 중 낮은 금리를 적용
*만기 후 1개월 초과 : 연 0.1% ※ 만기시점의 동일 상품, 동일 계약기간이 없을 경우 가입 당시의 약정금리를 적용","①만기 시 총 불입금 1백만원 이상
②당행 잔돈적립, 타행 잔돈적립 각 4회이상(잔돈적립서비스를 통한 잔돈적립을 의미하며, 동일월 수회 이용시에도 1회납입으로 인정)
※만기올림서비스 : 만기 해지시 세후 원리금을 만원단위로 올려주는 서비스(①,② 모두 충족시 제공)
※잔돈적립서비스 : 사전에 지정한 본인명의 입출금계좌의 잔돈을 적금으로 적립하는 서비스",3,제한없음,타행 잔돈적립을 위한 연결계좌는 당행 오픈뱅킹에 등록된 타행 입출금 계좌 최대 3개 설정 가능합니다. 1회차 납입금액은 제한이 없으나 2회차 이후 납입금액은 매월 초일부터 말일까지의 입금합계액이 가입한도의 10%를 초과할 수 없습니다. (월 최대 불입액 : 50만원),5000000,20260820,,202608201500,S,단리,F,자유적립식,12,2.8,2.8
030300,저축은행,2026-08-31T05:51:56+00:00,202608,0013350,웰컴저축은행,1130312007,WELCOME 첫거래우대 e정기적금,인터넷,"*만기 후 1개월 이하 : 이 예금의 가입 당시 약정금리나 만기시점의 동일 상품, 동일 계약기간의 신규약정금리 중 낮은 금리를 적용
*만기 후 1개월 초과 : 연 0.1%
※ 만기시점의 동일 상품, 동일 계약기간이 없을 경우 가입 당시의 약정금리를 적용","① 8회 이상 당행 입출금통장 통한 자동이체로 납입 시 연 2.0%p
② 적금 신규일부터 계약상 만기일 전일까지의 입출금통장 평잔 50만원 이상 시 연 4.0%p",1,"1) 최초 개설한 예·적금(입출금이 자유로운 예금 포함) 가입일로부터 30일 內 가입, 2) 적금 신규 직전일 기준 웰컴 입출금통장의 입출금거래가 90일 이상 없을 경우",월 최대 불입액 : 20만원 (1인 1계좌),200000,20260820,,202608201500,S,단리,S,정액적립식,12,1,7
030300,저축은행,2026-08-31T05:51:56+00:00,202608,0013350,웰컴저축은행,1130313504,WELCOME 첫거래우대 m정기적금,스마트폰,"*만기 후 1개월 이하 : 이 예금의 가입 당시 약정금리나 만기시점의 동일 상품, 동일 계약기간의 신규약정금리 중 낮은 금리를 적용
*만기 후 1개월 초과 : 연 0.1%
※ 만기시점의 동일 상품, 동일 계약기간이 없을 경우 가입 당시의 약정금리를 적용","① 8회 이상 당행 입출금통장 통한 자동이체로 납입 시 연 2.0%p
② 적금 신규일부터 계약상 만기일 전일까지의 입출금통장 평잔 50만원 이상 시 연 4.0%p",1,"1) 최초 개설한 예·적금(입출금이 자유로운 예금 포함) 가입일로부터 30일 內 가입, 2) 적금 신규 직전일 기준 웰컴 입출금통장의 입출금거래가 90일 이상 없을 경우",월 최대 불입액 : 20만원 (1인 1계좌),200000,20260820,,202608201500,S,단리,S,정액적립식,12,1,7
030300,저축은행,2026-08-31T05:51:56+00:00,202608,0013350,웰컴저축은행,1130312001,e정기적금,인터넷,"*만기 후 1개월 이하 : 이 예금의 가입 당시 약정금리나 만기시점의 동일 상품, 동일 계약기간의 신규약정금리 중 낮은 금리를 적용 
*만기 후 1개월 초과 : 연 0.1% ※ 만기시점의 동일 상품, 동일 계약기간이 없을 경우 가입 당시의 약정금리를 적용",계약기간(월수)의 2/3회 이상 당행 입출금통장 통한 자동이체 시 연 0.8%p,1,제한없음,인터넷뱅킹 전용상품,,20260820,,202608201500,S,단리,S,정액적립식,6,2.9,3.7
030300,저축은행,2026-08-31T05:51:56+00:00,202608,0013350,웰컴저축은행,1130312001,e정기적금,인터넷,"*만기 후 1개월 이하 : 이 예금의 가입 당시 약정금리나 만기시점의 동일 상품, 동일 계약기간의 신규약정금리 중 낮은 금리를 적용 
*만기 후 1개월 초과 : 연 0.1% ※ 만기시점의 동일 상품, 동일 계약기간이 없을 경우 가입 당시의 약정금리를 적용",계약기간(월수)의 2/3회 이상 당행 입출금통장 통한 자동이체 시 연 0.8%p,1,제한없음,인터넷뱅킹 전용상품,,20260820,,202608201500,S,단리,S,정액적립식,12,3.2,4
030300,저축은행,2026-08-31T05:51:56+00:00,202608,0013350,웰컴저축은행,1130312001,e정기적금,인터넷,"*만기 후 1개월 이하 : 이 예금의 가입 당시 약정금리나 만기시점의 동일 상품, 동일 계약기간의 신규약정금리 중 낮은 금리를 적용 
*만기 후 1개월 초과 : 연 0.1% ※ 만기시점의 동일 상품, 동일 계약기간이 없을 경우 가입 당시의 약정금리를 적용",계약기간(월수)의 2/3회 이상 당행 입출금통장 통한 자동이체 시 연 0.8%p,1,제한없음,인터넷뱅킹 전용상품,,20260820,,202608201500,S,단리,S,정액적립식,24,3.4,4.2
030300,저축은행,2026-08-31T05:51:56+00:00,202608,0013350,웰컴저축은행,1130312001,e정기적금,인터넷,"*만기 후 1개월 이하 : 이 예금의 가입 당시 약정금리나 만기시점의 동일 상품, 동일 계약기간의 신규약정금리 중 낮은 금리를 적용 
*만기 후 1개월 초과 : 연 0.1% ※ 만기시점의 동일 상품, 동일 계약기간이 없을 경우 가입 당시의 약정금리를 적용",계약기간(월수)의 2/3회 이상 당행 입출금통장 통한 자동이체 시 연 0.8%p,1,제한없음,인터넷뱅킹 전용상품,,20260820,,202608201500,S,단리,S,정액적립식,36,3.6,4.4
030300,저축은행,2026-08-31T05:51:56+00:00,202608,0013350,웰컴저축은행,1130313002,m정기적금,스마트폰,"*만기 후 1개월 이하 : 이 예금의 가입 당시 약정금리나 만기시점의 동일 상품, 동일 계약기간의 신규약정금리 중 낮은 금리를 적용 
*만기 후 1개월 초과 : 연 0.1% ※ 만기시점의 동일 상품, 동일 계약기간이 없을 경우 가입 당시의 약정금리를 적용",계약기간(월수)의 2/3회 이상 당행 입출금통장 통한 자동이체 시 연 0.8%p,1,제한없음,스마트(모바일)뱅킹 전용상품,,20260820,,202608201500,S,단리,S,정액적립식,6,2.9,3.7
030300,저축은행,2026-08-31T05:51:56+00:00,202608,0013350,웰컴저축은행,1130313002,m정기적금,스마트폰,"*만기 후 1개월 이하 : 이 예금의 가입 당시 약정금리나 만기시점의 동일 상품, 동일 계약기간의 신규약정금리 중 낮은 금리를 적용 
*만기 후 1개월 초과 : 연 0.1% ※ 만기시점의 동일 상품, 동일 계약기간이 없을 경우 가입 당시의 약정금리를 적용",계약기간(월수)의 2/3회 이상 당행 입출금통장 통한 자동이체 시 연 0.8%p,1,제한없음,스마트(모바일)뱅킹 전용상품,,20260820,,202608201500,S,단리,S,정액적립식,12,3.2,4
030300,저축은행,2026-08-31T05:51:56+00:00,202608,0013350,웰컴저축은행,1130313002,m정기적금,스마트폰,"*만기 후 1개월 이하 : 이 예금의 가입 당시 약정금리나 만기시점의 동일 상품, 동일 계약기간의 신규약정금리 중 낮은 금리를 적용 
*만기 후 1개월 초과 : 연 0.1% ※ 만기시점의 동일 상품, 동일 계약기간이 없을 경우 가입 당시의 약정금리를 적용",계약기간(월수)의 2/3회 이상 당행 입출금통장 통한 자동이체 시 연 0.8%p,1,제한없음,스마트(모바일)뱅킹 전용상품,,20260820,,202608201500,S,단리,S,정액적립식,24,3.4,4.2
030300,저축은행,2026-08-31T05:51:56+00:00,202608,0013350,웰컴저축은행,1130313002,m정기적금,스마트폰,"*만기 후 1개월 이하 : 이 예금의 가입 당시 약정금리나 만기시점의 동일 상품, 동일 계약기간의 신규약정금리 중 낮은 금리를 적용 
*만기 후 1개월 초과 : 연 0.1% ※ 만기시점의 동일 상품, 동일 계약기간이 없을 경우 가입 당시의 약정금리를 적용",계약기간(월수)의 2/3회 이상 당행 입출금통장 통한 자동이체 시 연 0.8%p,1,제한없음,스마트(모바일)뱅킹 전용상품,,20260820,,202608201500,S,단리,S,정액적립식,36,3.6,4.4
030300,저축은행,2026-08-31T05:51:56+00:00,202608,0013350,웰컴저축은행,1130313506,웰뱅 든든적금,"인터넷,스마트폰","- 만기 후 1개월 이하 : 이 예금의 가입 당시 약정금리나 만기시점의 동일 상품, 동일 계약기간의 신규약정금리 중 낮은 금리를 적용하며, 만기시점의 동일 상품, 동일 계약기간이 없을 경우 가입 당시의 약정금리를 적용
- 만기 후 1개월 초과 : 연 0.1%","- 최초 개설한 예·적금 가입일로부터 30일 이내 본 적금 가입 시 : 연 1.0%p
- 적금 가입 시점 예금주 신용평점에 따라 우대 : 최대 연 3.0%p
▶ 신용평점 850점 이하 ~ 650점 초과(연 1.0%p), 신용평점 650점 이하 ~ 350점 초과 (연 2.0%p), 신용평점 350점 이하 ~ 1점 이상(연 3.0%p)",1,- 만 19세 이상 실명의 개인,"※ 신용평점별 우대금리 적용을 위해 적금 가입 시 개인(신용)정보 조회 동의가 필요하며, 미동의 시 신용평점별 우대금리 적용이 불가합니다. ※ 적금 가입 시점 NICE평가정보를 통해 조회된 신용평점을 기준으로 우대이율이 확정됩니다. ※ 월 최대 불입액 : 30만원",300000,20260820,,202608201500,S,단리,S,정액적립식,12,2,6
030300,저축은행,2026-08-31T05:51:56+00:00,202608,0013350,웰컴저축은행,1130313563,웰뱅 라이킷(LIKIT) 적금,스마트폰,"*만기 후 1개월 이하 : 이 예금의 가입 당시 약정금리나 만기시점의 동일 상품, 동일 계약기간(없을시, 가입 당시 약정금리) 신규약정금리 중 낮은 금리를 적용
*만기 후 1개월 초과 : 가입 당시 영업점 및 인터넷 홈페이지에 고시된 만기 후 1개월 초과 시 금리","① 롯데카드 결제계좌를 당행 입출금통장으로 지정 및 납부실적 3개월 이상 (연 2.0%p)
롯데카드 우대조건
② LOCA LIKIT 카드 누적 이용실적 50만원 이상 (연 7.0%p)
③ LOCA LIKIT 카드 자동이체 납부 실적 3개월 이상 (연 3.0%p)",1,제한없음,"*실적인정기간 : 적금 가입월부터 만기일의 전전월 말일
*단, 실적인정기간 동안 대상 카드(LOCA LIKIT) 교체/해지/탈회 시 우대금리 미적용 (월 최대 불입액 : 30만원)",300000,20260820,,202608201500,S,단리,F,자유적립식,12,2,14
030300,저축은행,2026-08-31T05:51:56+00:00,202608,0013350,웰컴저축은행,1130313507,웰뱅 워킹 적금,스마트폰,"*만기 후 1개월 이하 : 이 예금의 가입 당시 약정금리나 만기시점의 동일 상품, 동일 계약기간의 신규약정금리 중 낮은 금리를 적용
*만기 후 1개월 초과 : 연 0.2%
※ 만기시점의 동일 상품, 동일 계약기간이 없을 경우 가입 당시의 약정금리를 적용","① 연간 걸음수 달성여부에 따른 우대금리 지급 -1백만보 이상 1.0%p -2백만보 이상 2.0%p -3백만보 이상 3.0%p -4백만보 이상 6.0%p 
② 6회 이상 당행 입출금 통장을 통한 자동이체로 적금 납입 시 연 1.0%p
* 적금 신규일부터 계약상 만기일 전일까지의 웰뱅 워킹 서비스를 통해 기록된 걸음수로 실적 산정",1,제한없음,월 최대 불입액 : 20만원 (1인 1계좌),200000,20260820,,202608201500,S,단리,S,정액적립식,12,1,8
030300,저축은행,2026-08-31T05:51:56+00:00,202608,0013350,웰컴저축은행,1130313562,웰뱅 잔돈자동적금,스마트폰,"*만기 후 1개월 이하 : 이 예금의 가입 당시 약정금리나 만기시점의 동일 상품, 동일 계약기간의 신규약정금리 중 낮은 금리를 적용
*만기 후 1개월 초과 : 연 0.1% ※ 만기시점의 동일 상품, 동일 계약기간이 없을 경우 가입 당시의 약정금리를 적용","①카드 잔돈적립 6회 이상 연 1.0%p
②주간 잔돈적립 6회 이상 연 1.0%p
③타행 잔돈적립 6회 이상 연 1.0%p ※잔돈적립서비스를 통한 잔돈적립을 의미하며, 동일월 수회 이용시에도 1회납입으로 인정
※잔돈적립서비스 : 사전에 지정한 본인명의 입출금계좌의 잔돈을 적금으로 적립하는 서비스",3,제한없음,타행 잔돈적립을 위한 연결계좌는 당행 오픈뱅킹에 등록된 타행 입출금 계좌 최대 3개 설정 가능합니다. 1회차 납입금액은 제한이 없으나 2회차 이후 납입금액은 매월 초일부터 말일까지의 입금합계액이 가입한도의 10%를 초과할 수 없습니다. (월 최대 불입액 : 20만원),2000000,20260820,,202608201500,S,단리,F,자유적립식,12,1.5,4.5
030300,저축은행,2026-08-31T05:51:56+00:00,202608,0013350,웰컴저축은행,1130315009,웰뱅하자 정기적금,"영업점,인터넷,스마트폰","*만기 후 1개월 이하 : 이 예금의 가입 당시 약정금리나 만기시점의 동일 상품, 동일 계약기간의 신규약정금리 중 낮은 금리를 적용
*만기 후 1개월 초과 : 연 0.1%
※ 만기시점의 동일 상품, 동일 계약기간이 없을 경우 가입 당시의 약정금리를 적용","1) 웰컴 입출금통장에서 CMS/지로 자동납부 월 2건이상 실적이 계약기간의 2/3회 이상 : 3.5%p
2) 웰컴 입출금통장 평잔 실적이 50만원 이상 : 1.0%p",1,제한없음,1인당 가입한도 월 20만원 (1인 1계좌),200000,20260820,,202608201500,S,단리,S,정액적립식,12,1,5.5
030300,저축은행,2026-08-31T05:51:56+00:00,202608,0013350,웰컴저축은행,1130315009,웰뱅하자 정기적금,"영업점,인터넷,스마트폰","*만기 후 1개월 이하 : 이 예금의 가입 당시 약정금리나 만기시점의 동일 상품, 동일 계약기간의 신규약정금리 중 낮은 금리를 적용
*만기 후 1개월 초과 : 연 0.1%
※ 만기시점의 동일 상품, 동일 계약기간이 없을 경우 가입 당시의 약정금리를 적용","1) 웰컴 입출금통장에서 CMS/지로 자동납부 월 2건이상 실적이 계약기간의 2/3회 이상 : 3.5%p
2) 웰컴 입출금통장 평잔 실적이 50만원 이상 : 1.0%p",1,제한없음,1인당 가입한도 월 20만원 (1인 1계좌),200000,20260820,,202608201500,S,단리,S,정액적립식,24,1,5.5
030300,저축은행,2026-08-31T05:51:56+00:00,202608,0013350,웰컴저축은행,1130315011,웰컴 페이적금,"영업점,인터넷,스마트폰","*만기 후 1개월 이하 : 이 예금의 가입 당시 약정금리나 만기시점의 동일 상품, 동일 계약기간의 신규약정금리 중 낮은 금리를 적용
*만기 후 1개월 초과 : 연 0.1%
※ 만기시점의 동일 상품, 동일 계약기간이 없을 경우 가입 당시의 약정금리를 적용","1) 계약기간의 2/3회 이상 웰컴 입출금통장을 통한 자동이체로 납입 : 2.0%p
2) 웰컴 입출금통장을 연결하여 거래한 간편결제 또는 체크카드 월평균 이용 실적
- 10만원 이상 30만원 미만 : 1.5%p
- 30만원 이상 50만원 미만 : 2.0%p
- 50만원 이상 : 3.5%p",1,제한없음,"1인당 가입한도 월 30만원 (1인 1계좌, WELCOME 체크플러스2 정기적금 보유자 가입 불가)",300000,20260820,,202608201500,S,단리,S,정액적립식,12,1,6.5
030300,저축은행,2026-08-31T05:51:56+00:00,202608,0013350,웰컴저축은행,1130315011,웰컴 페이적금,"영업점,인터넷,스마트폰","*만기 후 1개월 이하 : 이 예금의 가입 당시 약정금리나 만기시점의 동일 상품, 동일 계약기간의 신규약정금리 중 낮은 금리를 적용
*만기 후 1개월 초과 : 연 0.1%
※ 만기시점의 동일 상품, 동일 계약기간이 없을 경우 가입 당시의 약정금리를 적용","1) 계약기간의 2/3회 이상 웰컴 입출금통장을 통한 자동이체로 납입 : 2.0%p
2) 웰컴 입출금통장을 연결하여 거래한 간편결제 또는 체크카드 월평균 이용 실적
- 10만원 이상 30만원 미만 : 1.5%p
- 30만원 이상 50만원 미만 : 2.0%p
- 50만원 이상 : 3.5%p",1,제한없음,"1인당 가입한도 월 30만원 (1인 1계좌, WELCOME 체크플러스2 정기적금 보유자 가입 불가)",300000,20260820,,202608201500,S,단리,S,정액적립식,24,1,6.5
030300,저축은행,2026-08-31T05:51:56+00:00,202608,0013350,웰컴저축은행,1130311001,일반정기적금,영업점,"*만기 후 1개월 이하 : 이 예금의 가입 당시 약정금리나 만기시점의 동일 상품, 동일 계약기간의 신규약정금리 중 낮은 금리를 적용 
*만기 후 1개월 초과 : 연 0.1% ※ 만기시점의 동일 상품, 동일 계약기간이 없을 경우 가입 당시의 약정금리를 적용",계약기간(월수)의 2/3회 이상 당행 입출금통장 통한 자동이체 시 연 0.8%p,1,제한없음,영업점 전용상품,,20260820,,202608201500,S,단리,S,정액적립식,6,2.9,3.7
030300,저축은행,2026-08-31T05:51:56+00:00,202608,0013350,웰컴저축은행,1130311001,일반정기적금,영업점,"*만기 후 1개월 이하 : 이 예금의 가입 당시 약정금리나 만기시점의 동일 상품, 동일 계약기간의 신규약정금리 중 낮은 금리를 적용 
*만기 후 1개월 초과 : 연 0.1% ※ 만기시점의 동일 상품, 동일 계약기간이 없을 경우 가입 당시의 약정금리를 적용",계약기간(월수)의 2/3회 이상 당행 입출금통장 통한 자동이체 시 연 0.8%p,1,제한없음,영업점 전용상품,,20260820,,202608201500,S,단리,S,정액적립식,12,3.1,3.9
030300,저축은행,2026-08-31T05:51:56+00:00,202608,0013350,웰컴저축은행,1130311001,일반정기적금,영업점,"*만기 후 1개월 이하 : 이 예금의 가입 당시 약정금리나 만기시점의 동일 상품, 동일 계약기간의 신규약정금리 중 낮은 금리를 적용 
*만기 후 1개월 초과 : 연 0.1% ※ 만기시점의 동일 상품, 동일 계약기간이 없을 경우 가입 당시의 약정금리를 적용",계약기간(월수)의 2/3회 이상 당행 입출금통장 통한 자동이체 시 연 0.8%p,1,제한없음,영업점 전용상품,,20260820,,202608201500,S,단리,S,정액적립식,24,3.3,4.1
030300,저축은행,2026-08-31T05:51:56+00:00,202608,0013350,웰컴저축은행,1130311001,일반정기적금,영업점,"*만기 후 1개월 이하 : 이 예금의 가입 당시 약정금리나 만기시점의 동일 상품, 동일 계약기간의 신규약정금리 중 낮은 금리를 적용 
*만기 후 1개월 초과 : 연 0.1% ※ 만기시점의 동일 상품, 동일 계약기간이 없을 경우 가입 당시의 약정금리를 적용",계약기간(월수)의 2/3회 이상 당행 입출금통장 통한 자동이체 시 연 0.8%p,1,제한없음,영업점 전용상품,,20260820,,202608201500,S,단리,S,정액적립식,36,3.5,4.3
030300,저축은행,2026-08-31T05:51:56+00:00,202608,0010438,유니온저축은행,310010,e-정기적금,"인터넷,스마트폰","* 1개월 이내 : 약정이율과 현행이율 중에 낮은 금리

* 1개월 초과 : 보통예금 이율",없음,1,제한없음,"2019년 7월 1일 이후 신규분
*1개월미만 :계약일의 보통예금 이율
*1개월~3개월 미만 :약정이율의 50%
*3개월~6개월 미만 :약정이율의 55%
* 6개월~24개월 미만 :약정이율의 60%
* 24개월 이상 :약정이율의 70%",,20260820,,202608201500,M,복리,S,정액적립식,6,2,2
030300,저축은행,2026-08-31T05:51:56+00:00,202608,0010438,유니온저축은행,310010,e-정기적금,"인터넷,스마트폰","* 1개월 이내 : 약정이율과 현행이율 중에 낮은 금리

* 1개월 초과 : 보통예금 이율",없음,1,제한없음,"2019년 7월 1일 이후 신규분
*1개월미만 :계약일의 보통예금 이율
*1개월~3개월 미만 :약정이율의 50%
*3개월~6개월 미만 :약정이율의 55%
* 6개월~24개월 미만 :약정이율의 60%
* 24개월 이상 :약정이율의 70%",,20260820,,202608201500,S,단리,S,정액적립식,6,2,2
030300,저축은행,2026-08-31T05:51:56+00:00,202608,0010438,유니온저축은행,310010,e-정기적금,"인터넷,스마트폰","* 1개월 이내 : 약정이율과 현행이율 중에 낮은 금리

* 1개월 초과 : 보통예금 이율",없음,1,제한없음,"2019년 7월 1일 이후 신규분
*1개월미만 :계약일의 보통예금 이율
*1개월~3개월 미만 :약정이율의 50%
*3개월~6개월 미만 :약정이율의 55%
* 6개월~24개월 미만 :약정이율의 60%
* 24개월 이상 :약정이율의 70%",,20260820,,202608201500,M,복리,S,정액적립식,12,3.7,3.7
030300,저축은행,2026-08-31T05:51:56+00:00,202608,0010438,유니온저축은행,310010,e-정기적금,"인터넷,스마트폰","* 1개월 이내 : 약정이율과 현행이율 중에 낮은 금리

* 1개월 초과 : 보통예금 이율",없음,1,제한없음,"2019년 7월 1일 이후 신규분
*1개월미만 :계약일의 보통예금 이율
*1개월~3개월 미만 :약정이율의 50%
*3개월~6개월 미만 :약정이율의 55%
* 6개월~24개월 미만 :약정이율의 60%
* 24개월 이상 :약정이율의 70%",,20260820,,202608201500,S,단리,S,정액적립식,12,3.7,3.7
030300,저축은행,2026-08-31T05:51:56+00:00,202608,0010438,유니온저축은행,310010,e-정기적금,"인터넷,스마트폰","* 1개월 이내 : 약정이율과 현행이율 중에 낮은 금리

* 1개월 초과 : 보통예금 이율",없음,1,제한없음,"2019년 7월 1일 이후 신규분
*1개월미만 :계약일의 보통예금 이율
*1개월~3개월 미만 :약정이율의 50%
*3개월~6개월 미만 :약정이율의 55%
* 6개월~24개월 미만 :약정이율의 60%
* 24개월 이상 :약정이율의 70%",,20260820,,202608201500,M,복리,S,정액적립식,24,3.8,3.8
030300,저축은행,2026-08-31T05:51:56+00:00,202608,0010438,유니온저축은행,310010,e-정기적금,"인터넷,스마트폰","* 1개월 이내 : 약정이율과 현행이율 중에 낮은 금리

* 1개월 초과 : 보통예금 이율",없음,1,제한없음,"2019년 7월 1일 이후 신규분
*1개월미만 :계약일의 보통예금 이율
*1개월~3개월 미만 :약정이율의 50%
*3개월~6개월 미만 :약정이율의 55%
* 6개월~24개월 미만 :약정이율의 60%
* 24개월 이상 :약정이율의 70%",,20260820,,202608201500,S,단리,S,정액적립식,24,3.8,3.8
030300,저축은행,2026-08-31T05:51:56+00:00,202608,0010438,유니온저축은행,310010,e-정기적금,"인터넷,스마트폰","* 1개월 이내 : 약정이율과 현행이율 중에 낮은 금리

* 1개월 초과 : 보통예금 이율",없음,1,제한없음,"2019년 7월 1일 이후 신규분
*1개월미만 :계약일의 보통예금 이율
*1개월~3개월 미만 :약정이율의 50%
*3개월~6개월 미만 :약정이율의 55%
* 6개월~24개월 미만 :약정이율의 60%
* 24개월 이상 :약정이율의 70%",,20260820,,202608201500,M,복리,S,정액적립식,36,3.9,3.9
030300,저축은행,2026-08-31T05:51:56+00:00,202608,0010438,유니온저축은행,310010,e-정기적금,"인터넷,스마트폰","* 1개월 이내 : 약정이율과 현행이율 중에 낮은 금리

* 1개월 초과 : 보통예금 이율",없음,1,제한없음,"2019년 7월 1일 이후 신규분
*1개월미만 :계약일의 보통예금 이율
*1개월~3개월 미만 :약정이율의 50%
*3개월~6개월 미만 :약정이율의 55%
* 6개월~24개월 미만 :약정이율의 60%
* 24개월 이상 :약정이율의 70%",,20260820,,202608201500,S,단리,S,정액적립식,36,3.9,3.9
030300,저축은행,2026-08-31T05:51:56+00:00,202608,0010438,유니온저축은행,310009,정기적금,영업점,"* 1개월 이내 : 약정이율과 현행이율 중에 낮은 금리

* 1개월 초과 : 보통예금 이율",없음,1,제한없음,"2019년 7월 1일 이후 신규분
*1개월미만 :계약일의 보통예금 이율
*1개월~3개월 미만 :약정이율의 50%
*3개월~6개월 미만 :약정이율의 55%
* 6개월~24개월 미만 :약정이율의 60%
* 24개월 이상 :약정이율의 70%",,20260820,,202608201500,S,단리,S,정액적립식,6,2,2
030300,저축은행,2026-08-31T05:51:56+00:00,202608,0010438,유니온저축은행,310009,정기적금,영업점,"* 1개월 이내 : 약정이율과 현행이율 중에 낮은 금리

* 1개월 초과 : 보통예금 이율",없음,1,제한없음,"2019년 7월 1일 이후 신규분
*1개월미만 :계약일의 보통예금 이율
*1개월~3개월 미만 :약정이율의 50%
*3개월~6개월 미만 :약정이율의 55%
* 6개월~24개월 미만 :약정이율의 60%
* 24개월 이상 :약정이율의 70%",,20260820,,202608201500,M,복리,S,정액적립식,6,2,2
030300,저축은행,2026-08-31T05:51:56+00:00,202608,0010438,유니온저축은행,310009,정기적금,영업점,"* 1개월 이내 : 약정이율과 현행이율 중에 낮은 금리

* 1개월 초과 : 보통예금 이율",없음,1,제한없음,"2019년 7월 1일 이후 신규분
*1개월미만 :계약일의 보통예금 이율
*1개월~3개월 미만 :약정이율의 50%
*3개월~6개월 미만 :약정이율의 55%
* 6개월~24개월 미만 :약정이율의 60%
* 24개월 이상 :약정이율의 70%",,20260820,,202608201500,S,단리,S,정액적립식,12,3.6,3.6
030300,저축은행,2026-08-31T05:51:56+00:00,202608,0010438,유니온저축은행,310009,정기적금,영업점,"* 1개월 이내 : 약정이율과 현행이율 중에 낮은 금리

* 1개월 초과 : 보통예금 이율",없음,1,제한없음,"2019년 7월 1일 이후 신규분
*1개월미만 :계약일의 보통예금 이율
*1개월~3개월 미만 :약정이율의 50%
*3개월~6개월 미만 :약정이율의 55%
* 6개월~24개월 미만 :약정이율의 60%
* 24개월 이상 :약정이율의 70%",,20260820,,202608201500,M,복리,S,정액적립식,12,3.6,3.6
030300,저축은행,2026-08-31T05:51:56+00:00,202608,0010438,유니온저축은행,310009,정기적금,영업점,"* 1개월 이내 : 약정이율과 현행이율 중에 낮은 금리

* 1개월 초과 : 보통예금 이율",없음,1,제한없음,"2019년 7월 1일 이후 신규분
*1개월미만 :계약일의 보통예금 이율
*1개월~3개월 미만 :약정이율의 50%
*3개월~6개월 미만 :약정이율의 55%
* 6개월~24개월 미만 :약정이율의 60%
* 24개월 이상 :약정이율의 70%",,20260820,,202608201500,S,단리,S,정액적립식,24,3.7,3.7
030300,저축은행,2026-08-31T05:51:56+00:00,202608,0010438,유니온저축은행,310009,정기적금,영업점,"* 1개월 이내 : 약정이율과 현행이율 중에 낮은 금리

* 1개월 초과 : 보통예금 이율",없음,1,제한없음,"2019년 7월 1일 이후 신규분
*1개월미만 :계약일의 보통예금 이율
*1개월~3개월 미만 :약정이율의 50%
*3개월~6개월 미만 :약정이율의 55%
* 6개월~24개월 미만 :약정이율의 60%
* 24개월 이상 :약정이율의 70%",,20260820,,202608201500,M,복리,S,정액적립식,24,3.7,3.7
030300,저축은행,2026-08-31T05:51:56+00:00,202608,0010438,유니온저축은행,310009,정기적금,영업점,"* 1개월 이내 : 약정이율과 현행이율 중에 낮은 금리

* 1개월 초과 : 보통예금 이율",없음,1,제한없음,"2019년 7월 1일 이후 신규분
*1개월미만 :계약일의 보통예금 이율
*1개월~3개월 미만 :약정이율의 50%
*3개월~6개월 미만 :약정이율의 55%
* 6개월~24개월 미만 :약정이율의 60%
* 24개월 이상 :약정이율의 70%",,20260820,,202608201500,S,단리,S,정액적립식,36,3.8,3.8
030300,저축은행,2026-08-31T05:51:56+00:00,202608,0010438,유니온저축은행,310009,정기적금,영업점,"* 1개월 이내 : 약정이율과 현행이율 중에 낮은 금리

* 1개월 초과 : 보통예금 이율",없음,1,제한없음,"2019년 7월 1일 이후 신규분
*1개월미만 :계약일의 보통예금 이율
*1개월~3개월 미만 :약정이율의 50%
*3개월~6개월 미만 :약정이율의 55%
* 6개월~24개월 미만 :약정이율의 60%
* 24개월 이상 :약정이율의 70%",,20260820,,202608201500,M,복리,S,정액적립식,36,3.8,3.8
030300,저축은행,2026-08-31T05:51:56+00:00,202608,0010389,유안타저축은행,31-1,e-정기적금,"인터넷,스마트폰","만기후 1개월이하:
약정금리와 현행금리 중 낮은 금리
만기후 1개월초과:
현행 보통예금금리",없음,1,제한없음,없음,,20260820,,202608201500,S,단리,S,정액적립식,12,3.75,3.75
030300,저축은행,2026-08-31T05:51:56+00:00,202608,0010389,유안타저축은행,31-1,e-정기적금,"인터넷,스마트폰","만기후 1개월이하:
약정금리와 현행금리 중 낮은 금리
만기후 1개월초과:
현행 보통예금금리",없음,1,제한없음,없음,,20260820,,202608201500,S,단리,S,정액적립식,24,3.75,3.75
030300,저축은행,2026-08-31T05:51:56+00:00,202608,0010389,유안타저축은행,31-1,e-정기적금,"인터넷,스마트폰","만기후 1개월이하:
약정금리와 현행금리 중 낮은 금리
만기후 1개월초과:
현행 보통예금금리",없음,1,제한없음,없음,,20260820,,202608201500,S,단리,S,정액적립식,36,3.75,3.75
030300,저축은행,2026-08-31T05:51:56+00:00,202608,0010389,유안타저축은행,31-2,아이행복적금,영업점,"만기후 1개월이하:
약정금리와 현행금리 중 낮은 금리
만기후 1개월초과:
현행 보통예금금리","※ 최고우대금리 : 3.00 %p
- 신규 가입일 당시 18세 이하 자녀 2명 이상인 경우 : 1.00 %p
- 의료기관에서 발급받은 임신확인서 제출하는 경우 또는
신규 가입일 당시 2년 이내 출생한 자녀의 부모인 경우 : 1.00 %p
- 한부모가정의 부모인 경우 : 1.00 %p",3,? 아래의 조건 중 하나 이상을 충족하는 19세 이상 실명의 개인(1인 1계좌) - 18세 이하 자녀가 2명 이상인 부모 - 본인 혹은 배우자가 출산 예정인 자 - 신규 가입일 기준 2년 이내 출생 자녀를 둔 부모,"1. 1인당 가입한도 : 월 1만원 ~ 30만원
2. 창구 가입 전용상품
3. 가입기간 12개월 한정
4. 판매한도 : 300좌(한도 소진 시 판매 중지)",300000,20260820,,202608201500,S,단리,S,정액적립식,12,3.75,6.75
030300,저축은행,2026-08-31T05:51:56+00:00,202608,0010389,유안타저축은행,31,정기적금,영업점,"만기후 1개월이하:
약정금리와 현행금리 중 낮은 금리
만기후 1개월초과:
현행 보통예금금리",없음,1,제한없음,없음,,20260820,,202608201500,S,단리,S,정액적립식,12,3.75,3.75
030300,저축은행,2026-08-31T05:51:56+00:00,202608,0010389,유안타저축은행,31,정기적금,영업점,"만기후 1개월이하:
약정금리와 현행금리 중 낮은 금리
만기후 1개월초과:
현행 보통예금금리",없음,1,제한없음,없음,,20260820,,202608201500,S,단리,S,정액적립식,24,3.75,3.75
030300,저축은행,2026-08-31T05:51:56+00:00,202608,0010389,유안타저축은행,31,정기적금,영업점,"만기후 1개월이하:
약정금리와 현행금리 중 낮은 금리
만기후 1개월초과:
현행 보통예금금리",없음,1,제한없음,없음,,20260820,,202608201500,S,단리,S,정액적립식,36,3.75,3.75
030300,저축은행,2026-08-31T05:51:56+00:00,202608,0010467,융창저축은행,311100,SB톡톡 정기적금,스마트폰,"- 만기 후 1개월 이하: 적금 계좌의 약정이율과 만기시점 해당상품 신규약정이율 중 낮은 이율 적용
- 만기 후 1개월 초과:0.2%",없음,1,제한없음,없음,,20260820,,202608201500,S,단리,S,정액적립식,6,3,3
030300,저축은행,2026-08-31T05:51:56+00:00,202608,0010467,융창저축은행,311100,SB톡톡 정기적금,스마트폰,"- 만기 후 1개월 이하: 적금 계좌의 약정이율과 만기시점 해당상품 신규약정이율 중 낮은 이율 적용
- 만기 후 1개월 초과:0.2%",없음,1,제한없음,없음,,20260820,,202608201500,S,단리,S,정액적립식,12,3.2,3.2
030300,저축은행,2026-08-31T05:51:56+00:00,202608,0010467,융창저축은행,311100,SB톡톡 정기적금,스마트폰,"- 만기 후 1개월 이하: 적금 계좌의 약정이율과 만기시점 해당상품 신규약정이율 중 낮은 이율 적용
- 만기 후 1개월 초과:0.2%",없음,1,제한없음,없음,,20260820,,202608201500,S,단리,S,정액적립식,24,4,4
030300,저축은행,2026-08-31T05:51:56+00:00,202608,0010467,융창저축은행,311100,SB톡톡 정기적금,스마트폰,"- 만기 후 1개월 이하: 적금 계좌의 약정이율과 만기시점 해당상품 신규약정이율 중 낮은 이율 적용
- 만기 후 1개월 초과:0.2%",없음,1,제한없음,없음,,20260820,,202608201500,S,단리,S,정액적립식,36,4,4
030300,저축은행,2026-08-31T05:51:56+00:00,202608,0010467,융창저축은행,311000,e정기적금,"인터넷,스마트폰","- 만기 후 1개월 이하: 적금 계좌의 약정이율과 만기시점 해당상품 신규약정이율 중 낮은 이율 적용
- 만기 후 1개월 초과:0.2%",없음,1,제한없음,없음,,20260820,,202608201500,S,단리,S,정액적립식,6,3,3
030300,저축은행,2026-08-31T05:51:56+00:00,202608,0010467,융창저축은행,311000,e정기적금,"인터넷,스마트폰","- 만기 후 1개월 이하: 적금 계좌의 약정이율과 만기시점 해당상품 신규약정이율 중 낮은 이율 적용
- 만기 후 1개월 초과:0.2%",없음,1,제한없음,없음,,20260820,,202608201500,S,단리,S,정액적립식,12,3.2,3.2
030300,저축은행,2026-08-31T05:51:56+00:00,202608,0010467,융창저축은행,311000,e정기적금,"인터넷,스마트폰","- 만기 후 1개월 이하: 적금 계좌의 약정이율과 만기시점 해당상품 신규약정이율 중 낮은 이율 적용
- 만기 후 1개월 초과:0.2%",없음,1,제한없음,없음,,20260820,,202608201500,S,단리,S,정액적립식,24,4,4
030300,저축은행,2026-08-31T05:51:56+00:00,202608,0010467,융창저축은행,311000,e정기적금,"인터넷,스마트폰","- 만기 후 1개월 이하: 적금 계좌의 약정이율과 만기시점 해당상품 신규약정이율 중 낮은 이율 적용
- 만기 후 1개월 초과:0.2%",없음,1,제한없음,없음,,20260820,,202608201500,S,단리,S,정액적립식,36,4,4
030300,저축은행,2026-08-31T05:51:56+00:00,202608,0010467,융창저축은행,310000,정기적금,영업점,"- 만기 후 1개월 이하: 적금 계좌의 약정이율과 만기시점 해당상품 신규약정이율 중 낮은 이율 적용
- 만기 후 1개월 초과:0.2%",없음,1,제한없음,없음,,20260820,,202608201500,S,단리,S,정액적립식,6,3,3
030300,저축은행,2026-08-31T05:51:56+00:00,202608,0010467,융창저축은행,310000,정기적금,영업점,"- 만기 후 1개월 이하: 적금 계좌의 약정이율과 만기시점 해당상품 신규약정이율 중 낮은 이율 적용
- 만기 후 1개월 초과:0.2%",없음,1,제한없음,없음,,20260820,,202608201500,S,단리,S,정액적립식,12,3.2,3.2
030300,저축은행,2026-08-31T05:51:56+00:00,202608,0010467,융창저축은행,310000,정기적금,영업점,"- 만기 후 1개월 이하: 적금 계좌의 약정이율과 만기시점 해당상품 신규약정이율 중 낮은 이율 적용
- 만기 후 1개월 초과:0.2%",없음,1,제한없음,없음,,20260820,,202608201500,S,단리,S,정액적립식,24,4,4
030300,저축은행,2026-08-31T05:51:56+00:00,202608,0010467,융창저축은행,310000,정기적금,영업점,"- 만기 후 1개월 이하: 적금 계좌의 약정이율과 만기시점 해당상품 신규약정이율 중 낮은 이율 적용
- 만기 후 1개월 초과:0.2%",없음,1,제한없음,없음,,20260820,,202608201500,S,단리,S,정액적립식,36,4,4
030300,저축은행,2026-08-31T05:51:56+00:00,202608,0010467,융창저축은행,310011,플러스알파 정기적금,영업점,"- 만기 후 1개월 이하: 당초약정금리 또는 만기시점 해당상품 신규약정이율 중 낮은 이율
- 만기 후 1개월 초과: 보통예금 이율(0.2%)","- 당행 본인명의 입출금계좌에서 6회 이상 자동이체 시 : 0.7%(* 단, 만기해지에 한해 조건충족 시 적용)",1,제한없음,"1. 최소가입금액 : 월 30만원
2. 창구 가입 전용상품",,20260820,,202608201500,S,단리,S,정액적립식,12,3.2,3.9
030300,저축은행,2026-08-31T05:51:56+00:00,202608,0010419,인성저축은행,310010,e-정기적금,"인터넷,스마트폰",-보통예금이율 0.1%,없음,1,-만19세이상의 개인,-통장을 발급하지 않는 온라인 전용상품으로 영업점 해지시 우대금리 적용불가,,20260820,,202608201500,S,단리,S,정액적립식,1,1.8,1.8
030300,저축은행,2026-08-31T05:51:56+00:00,202608,0010419,인성저축은행,310010,e-정기적금,"인터넷,스마트폰",-보통예금이율 0.1%,없음,1,-만19세이상의 개인,-통장을 발급하지 않는 온라인 전용상품으로 영업점 해지시 우대금리 적용불가,,20260820,,202608201500,S,단리,S,정액적립식,3,1.8,1.8
030300,저축은행,2026-08-31T05:51:56+00:00,202608,0010419,인성저축은행,310010,e-정기적금,"인터넷,스마트폰",-보통예금이율 0.1%,없음,1,-만19세이상의 개인,-통장을 발급하지 않는 온라인 전용상품으로 영업점 해지시 우대금리 적용불가,,20260820,,202608201500,S,단리,S,정액적립식,6,3,3
030300,저축은행,2026-08-31T05:51:56+00:00,202608,0010419,인성저축은행,310010,e-정기적금,"인터넷,스마트폰",-보통예금이율 0.1%,없음,1,-만19세이상의 개인,-통장을 발급하지 않는 온라인 전용상품으로 영업점 해지시 우대금리 적용불가,,20260820,,202608201500,S,단리,S,정액적립식,12,3.5,3.5
030300,저축은행,2026-08-31T05:51:56+00:00,202608,0010419,인성저축은행,310010,e-정기적금,"인터넷,스마트폰",-보통예금이율 0.1%,없음,1,-만19세이상의 개인,-통장을 발급하지 않는 온라인 전용상품으로 영업점 해지시 우대금리 적용불가,,20260820,,202608201500,S,단리,S,정액적립식,24,3.4,3.4
030300,저축은행,2026-08-31T05:51:56+00:00,202608,0010419,인성저축은행,310010,e-정기적금,"인터넷,스마트폰",-보통예금이율 0.1%,없음,1,-만19세이상의 개인,-통장을 발급하지 않는 온라인 전용상품으로 영업점 해지시 우대금리 적용불가,,20260820,,202608201500,S,단리,S,정액적립식,36,3.2,3.2
030300,저축은행,2026-08-31T05:51:56+00:00,202608,0010419,인성저축은행,310009,정기적금,영업점,-보통예금이율 0.1%,없음,1,-제한없음,-없음,,20260820,,202608201500,S,단리,S,정액적립식,1,1.8,1.8
030300,저축은행,2026-08-31T05:51:56+00:00,202608,0010419,인성저축은행,310009,정기적금,영업점,-보통예금이율 0.1%,없음,1,-제한없음,-없음,,20260820,,202608201500,S,단리,S,정액적립식,3,1.8,1.8
030300,저축은행,2026-08-31T05:51:56+00:00,202608,0010419,인성저축은행,310009,정기적금,영업점,-보통예금이율 0.1%,없음,1,-제한없음,-없음,,20260820,,202608201500,S,단리,S,정액적립식,6,3,3
030300,저축은행,2026-08-31T05:51:56+00:00,202608,0010419,인성저축은행,310009,정기적금,영업점,-보통예금이율 0.1%,없음,1,-제한없음,-없음,,20260820,,202608201500,S,단리,S,정액적립식,12,3.5,3.5
030300,저축은행,2026-08-31T05:51:56+00:00,202608,0010419,인성저축은행,310009,정기적금,영업점,-보통예금이율 0.1%,없음,1,-제한없음,-없음,,20260820,,202608201500,S,단리,S,정액적립식,24,3.4,3.4
030300,저축은행,2026-08-31T05:51:56+00:00,202608,0010419,인성저축은행,310009,정기적금,영업점,-보통예금이율 0.1%,없음,1,-제한없음,-없음,,20260820,,202608201500,S,단리,S,정액적립식,36,3.2,3.2
030300,저축은행,2026-08-31T05:51:56+00:00,202608,0010426,인천저축은행,310007,e-보다 정기적금,"인터넷,스마트폰",1. 1개월이내 : 최초약정이율 / 2. 1개월초과 : 연 0.1%,인터넷뱅킹 전용상품,1,제한없음,적금가입금액 1만원이상,,20260820,,202608201500,S,단리,S,정액적립식,12,4,4
030300,저축은행,2026-08-31T05:51:56+00:00,202608,0010426,인천저축은행,310007,e-보다 정기적금,"인터넷,스마트폰",1. 1개월이내 : 최초약정이율 / 2. 1개월초과 : 연 0.1%,인터넷뱅킹 전용상품,1,제한없음,적금가입금액 1만원이상,,20260820,,202608201500,S,단리,S,정액적립식,24,4.5,4.5
030300,저축은행,2026-08-31T05:51:56+00:00,202608,0010426,인천저축은행,310007,e-보다 정기적금,"인터넷,스마트폰",1. 1개월이내 : 최초약정이율 / 2. 1개월초과 : 연 0.1%,인터넷뱅킹 전용상품,1,제한없음,적금가입금액 1만원이상,,20260820,,202608201500,S,단리,S,정액적립식,36,5.5,5.5
030300,저축은행,2026-08-31T05:51:56+00:00,202608,0010426,인천저축은행,310010,매출쑥쑥정기적금,영업점,1. 1개월이내 : 최초약정이율 / 2. 1개월초과 : 연 0.1%,창구전용상품,1,"개인사업자(""인천광역시""에 사업장 소재지를 둔 개인사업자)",적금가입금액 10만원이상,,20260820,,202608201500,S,단리,S,정액적립식,12,4.3,4.3
030300,저축은행,2026-08-31T05:51:56+00:00,202608,0010426,인천저축은행,310009,생일축하플러스정기적금,영업점,1. 1개월이내 : 최초약정이율 / 2. 1개월초과 : 연 0.1%,창구전용상품,1,적금 가입월과 주민등록상 생일 기준월이 일치하는 고객,적금가입금액 1만원이상,,20260820,,202608201500,S,단리,S,정액적립식,12,4.3,4.3
030300,저축은행,2026-08-31T05:51:56+00:00,202608,0010426,인천저축은행,310006,정기적금,영업점,1. 1개월이내 : 최초약정이율 / 2. 1개월초과 : 연 0.1%,창구전용상품,1,제한없음,적금가입금액 1만원이상,,20260820,,202608201500,S,단리,S,정액적립식,12,4,4
030300,저축은행,2026-08-31T05:51:56+00:00,202608,0010426,인천저축은행,310006,정기적금,영업점,1. 1개월이내 : 최초약정이율 / 2. 1개월초과 : 연 0.1%,창구전용상품,1,제한없음,적금가입금액 1만원이상,,20260820,,202608201500,S,단리,S,정액적립식,24,4.5,4.5
030300,저축은행,2026-08-31T05:51:56+00:00,202608,0010426,인천저축은행,310006,정기적금,영업점,1. 1개월이내 : 최초약정이율 / 2. 1개월초과 : 연 0.1%,창구전용상품,1,제한없음,적금가입금액 1만원이상,,20260820,,202608201500,S,단리,S,정액적립식,36,5.5,5.5
030300,저축은행,2026-08-31T05:51:56+00:00,202608,0010366,조은저축은행,024312001,e-정기적금,"인터넷,스마트폰","- 1개월이내 해지: 만기시 동일상품 동일계약기간의 신규약정금리
'- 1개월초과 이후 해지: 보통예금 이율",없음,1,제한없음,없음,,20260820,,202608201500,S,단리,S,정액적립식,6,2.4,2.4
030300,저축은행,2026-08-31T05:51:56+00:00,202608,0010366,조은저축은행,024312001,e-정기적금,"인터넷,스마트폰","- 1개월이내 해지: 만기시 동일상품 동일계약기간의 신규약정금리
'- 1개월초과 이후 해지: 보통예금 이율",없음,1,제한없음,없음,,20260820,,202608201500,S,단리,S,정액적립식,12,2.6,2.6
030300,저축은행,2026-08-31T05:51:56+00:00,202608,0010366,조은저축은행,024312001,e-정기적금,"인터넷,스마트폰","- 1개월이내 해지: 만기시 동일상품 동일계약기간의 신규약정금리
'- 1개월초과 이후 해지: 보통예금 이율",없음,1,제한없음,없음,,20260820,,202608201500,S,단리,S,정액적립식,24,2.8,2.8
030300,저축은행,2026-08-31T05:51:56+00:00,202608,0010366,조은저축은행,024312001,e-정기적금,"인터넷,스마트폰","- 1개월이내 해지: 만기시 동일상품 동일계약기간의 신규약정금리
'- 1개월초과 이후 해지: 보통예금 이율",없음,1,제한없음,없음,,20260820,,202608201500,S,단리,S,정액적립식,36,2.8,2.8
030300,저축은행,2026-08-31T05:51:56+00:00,202608,0010366,조은저축은행,024310001,정기적금(서울본점),영업점,"- 1개월이내 해지: 만기시 동일상품 동일계약기간의 신규약정금리
'- 1개월초과 이후 해지: 보통예금 이율","*최고우대금리 : 0.1%
-자영업자, 직장인(증빙서류제출-재직증명서, 사업자등록증, 명함, 사원카드) : 0.1%",1,제한없음,없음,,20260820,,202608201500,S,단리,S,정액적립식,6,2.4,2.4
030300,저축은행,2026-08-31T05:51:56+00:00,202608,0010366,조은저축은행,024310001,정기적금(서울본점),영업점,"- 1개월이내 해지: 만기시 동일상품 동일계약기간의 신규약정금리
'- 1개월초과 이후 해지: 보통예금 이율","*최고우대금리 : 0.1%
-자영업자, 직장인(증빙서류제출-재직증명서, 사업자등록증, 명함, 사원카드) : 0.1%",1,제한없음,없음,,20260820,,202608201500,S,단리,S,정액적립식,12,2.6,2.6
030300,저축은행,2026-08-31T05:51:56+00:00,202608,0010366,조은저축은행,024310001,정기적금(서울본점),영업점,"- 1개월이내 해지: 만기시 동일상품 동일계약기간의 신규약정금리
'- 1개월초과 이후 해지: 보통예금 이율","*최고우대금리 : 0.1%
-자영업자, 직장인(증빙서류제출-재직증명서, 사업자등록증, 명함, 사원카드) : 0.1%",1,제한없음,없음,,20260820,,202608201500,S,단리,S,정액적립식,24,2.8,2.8
030300,저축은행,2026-08-31T05:51:56+00:00,202608,0010366,조은저축은행,024310001,정기적금(서울본점),영업점,"- 1개월이내 해지: 만기시 동일상품 동일계약기간의 신규약정금리
'- 1개월초과 이후 해지: 보통예금 이율","*최고우대금리 : 0.1%
-자영업자, 직장인(증빙서류제출-재직증명서, 사업자등록증, 명함, 사원카드) : 0.1%",1,제한없음,없음,,20260820,,202608201500,S,단리,S,정액적립식,36,2.8,2.8
030300,저축은행,2026-08-31T05:51:56+00:00,202608,0010366,조은저축은행,024311001,정기적금(여수지점),영업점,"- 1개월이내 해지: 만기시 동일상품 동일계약기간의 신규약정금리
'- 1개월초과 이후 해지: 보통예금 이율","*최고우대금리 : 0.1%
-자영업자, 직장인(증빙서류제출-재직증명서, 사업자등록증, 명함, 사원카드) : 0.1%",1,제한없음,없음,,20260820,,202608201500,S,단리,S,정액적립식,6,2.4,2.4
030300,저축은행,2026-08-31T05:51:56+00:00,202608,0010366,조은저축은행,024311001,정기적금(여수지점),영업점,"- 1개월이내 해지: 만기시 동일상품 동일계약기간의 신규약정금리
'- 1개월초과 이후 해지: 보통예금 이율","*최고우대금리 : 0.1%
-자영업자, 직장인(증빙서류제출-재직증명서, 사업자등록증, 명함, 사원카드) : 0.1%",1,제한없음,없음,,20260820,,202608201500,S,단리,S,정액적립식,12,2.6,2.6
030300,저축은행,2026-08-31T05:51:56+00:00,202608,0010366,조은저축은행,024311001,정기적금(여수지점),영업점,"- 1개월이내 해지: 만기시 동일상품 동일계약기간의 신규약정금리
'- 1개월초과 이후 해지: 보통예금 이율","*최고우대금리 : 0.1%
-자영업자, 직장인(증빙서류제출-재직증명서, 사업자등록증, 명함, 사원카드) : 0.1%",1,제한없음,없음,,20260820,,202608201500,S,단리,S,정액적립식,24,2.8,2.8
030300,저축은행,2026-08-31T05:51:56+00:00,202608,0010366,조은저축은행,024311001,정기적금(여수지점),영업점,"- 1개월이내 해지: 만기시 동일상품 동일계약기간의 신규약정금리
'- 1개월초과 이후 해지: 보통예금 이율","*최고우대금리 : 0.1%
-자영업자, 직장인(증빙서류제출-재직증명서, 사업자등록증, 명함, 사원카드) : 0.1%",1,제한없음,없음,,20260820,,202608201500,S,단리,S,정액적립식,36,2.8,2.8
030300,저축은행,2026-08-31T05:51:56+00:00,202608,0010575,조흥저축은행,JH0002D,e-정기적금,"인터넷,스마트폰","만기후1개월이내 약정금리와 현행고시금리중 낮은 이율
1개월초과시 보통예금 이자율 적용",해당사항 없음,1,제한없음,제한없음,,20260820,,202608201500,S,단리,S,정액적립식,6,2,2
030300,저축은행,2026-08-31T05:51:56+00:00,202608,0010575,조흥저축은행,JH0002D,e-정기적금,"인터넷,스마트폰","만기후1개월이내 약정금리와 현행고시금리중 낮은 이율
1개월초과시 보통예금 이자율 적용",해당사항 없음,1,제한없음,제한없음,,20260820,,202608201500,S,단리,S,정액적립식,12,3.8,3.8
030300,저축은행,2026-08-31T05:51:56+00:00,202608,0010575,조흥저축은행,JH0002D,e-정기적금,"인터넷,스마트폰","만기후1개월이내 약정금리와 현행고시금리중 낮은 이율
1개월초과시 보통예금 이자율 적용",해당사항 없음,1,제한없음,제한없음,,20260820,,202608201500,S,단리,S,정액적립식,24,3.8,3.8
030300,저축은행,2026-08-31T05:51:56+00:00,202608,0010575,조흥저축은행,JH0002D,e-정기적금,"인터넷,스마트폰","만기후1개월이내 약정금리와 현행고시금리중 낮은 이율
1개월초과시 보통예금 이자율 적용",해당사항 없음,1,제한없음,제한없음,,20260820,,202608201500,S,단리,S,정액적립식,36,3.5,3.5
030300,저축은행,2026-08-31T05:51:56+00:00,202608,0010575,조흥저축은행,JH0001B,정기적금,영업점,"만기후1개월이내 약정금리와 현행고시금리중 낮은 이율
1개월초과시 보통예금 이자율 적용",해당사항 없음,1,제한없음,제한없음,,20260820,,202608201500,S,단리,S,정액적립식,6,2,2
030300,저축은행,2026-08-31T05:51:56+00:00,202608,0010575,조흥저축은행,JH0001B,정기적금,영업점,"만기후1개월이내 약정금리와 현행고시금리중 낮은 이율
1개월초과시 보통예금 이자율 적용",해당사항 없음,1,제한없음,제한없음,,20260820,,202608201500,S,단리,S,정액적립식,12,3.8,3.8
030300,저축은행,2026-08-31T05:51:56+00:00,202608,0010575,조흥저축은행,JH0001B,정기적금,영업점,"만기후1개월이내 약정금리와 현행고시금리중 낮은 이율
1개월초과시 보통예금 이자율 적용",해당사항 없음,1,제한없음,제한없음,,20260820,,202608201500,S,단리,S,정액적립식,24,3.8,3.8
030300,저축은행,2026-08-31T05:51:56+00:00,202608,0010575,조흥저축은행,JH0001B,정기적금,영업점,"만기후1개월이내 약정금리와 현행고시금리중 낮은 이율
1개월초과시 보통예금 이자율 적용",해당사항 없음,1,제한없음,제한없음,,20260820,,202608201500,S,단리,S,정액적립식,36,3.5,3.5
030300,저축은행,2026-08-31T05:51:56+00:00,202608,0010576,진주저축은행,310009,E-정기적금(비대면),인터넷,"ㆍ만기일~1개월 까지 : 최초 약정이율과 만기 후 동일상품 신규가입이율 중 낮은 이율

ㆍ1개월 초과 
: 연 0.1%",없음,1,비거주 외국인 외 제한없음,"-65세 이상 거주자로서 [기초연금법] 제2조 제2호에 따른 기초연금 수급자 비과세 종합저축 5,000만원 가능",,20260820,,202608201500,S,단리,S,정액적립식,12,3.5,3.5
030300,저축은행,2026-08-31T05:51:56+00:00,202608,0010576,진주저축은행,310009,E-정기적금(비대면),인터넷,"ㆍ만기일~1개월 까지 : 최초 약정이율과 만기 후 동일상품 신규가입이율 중 낮은 이율

ㆍ1개월 초과 
: 연 0.1%",없음,1,비거주 외국인 외 제한없음,"-65세 이상 거주자로서 [기초연금법] 제2조 제2호에 따른 기초연금 수급자 비과세 종합저축 5,000만원 가능",,20260820,,202608201500,S,단리,S,정액적립식,24,3.6,3.6
030300,저축은행,2026-08-31T05:51:56+00:00,202608,0010576,진주저축은행,310009,E-정기적금(비대면),인터넷,"ㆍ만기일~1개월 까지 : 최초 약정이율과 만기 후 동일상품 신규가입이율 중 낮은 이율

ㆍ1개월 초과 
: 연 0.1%",없음,1,비거주 외국인 외 제한없음,"-65세 이상 거주자로서 [기초연금법] 제2조 제2호에 따른 기초연금 수급자 비과세 종합저축 5,000만원 가능",,20260820,,202608201500,S,단리,S,정액적립식,36,3.7,3.7
030300,저축은행,2026-08-31T05:51:56+00:00,202608,0010576,진주저축은행,310015,M-정기적금(비대면),스마트폰,"ㆍ만기일~1개월 까지 : 최초 약정이율과 만기 후 동일상품 신규가입이율 중 낮은 이율

ㆍ1개월 초과 
: 연 0.1%",없음,1,비거주 외국인 외 제한없음,"-65세 이상 거주자로서 [기초연금법] 제2조 제2호에 따른 기초연금 수급자 비과세 종합저축 5,000만원 가능",,20260820,,202608201500,S,단리,S,정액적립식,12,3.5,3.5
030300,저축은행,2026-08-31T05:51:56+00:00,202608,0010576,진주저축은행,310015,M-정기적금(비대면),스마트폰,"ㆍ만기일~1개월 까지 : 최초 약정이율과 만기 후 동일상품 신규가입이율 중 낮은 이율

ㆍ1개월 초과 
: 연 0.1%",없음,1,비거주 외국인 외 제한없음,"-65세 이상 거주자로서 [기초연금법] 제2조 제2호에 따른 기초연금 수급자 비과세 종합저축 5,000만원 가능",,20260820,,202608201500,S,단리,S,정액적립식,24,3.6,3.6
030300,저축은행,2026-08-31T05:51:56+00:00,202608,0010576,진주저축은행,310015,M-정기적금(비대면),스마트폰,"ㆍ만기일~1개월 까지 : 최초 약정이율과 만기 후 동일상품 신규가입이율 중 낮은 이율

ㆍ1개월 초과 
: 연 0.1%",없음,1,비거주 외국인 외 제한없음,"-65세 이상 거주자로서 [기초연금법] 제2조 제2호에 따른 기초연금 수급자 비과세 종합저축 5,000만원 가능",,20260820,,202608201500,S,단리,S,정액적립식,36,3.7,3.7
030300,저축은행,2026-08-31T05:51:56+00:00,202608,0010576,진주저축은행,310016,안심정기적금 (창구전용),영업점,"ㆍ만기일~1개월 까지 : 최초 약정이율과 만기 후 동일상품 신규가입이율 중 낮은 이율

ㆍ1개월 초과 
: 연 0.1%",없음,1,비거주 외국인 외 제한없음,"-65세 이상 거주자로서 [기초연금법] 제2조 제2호에 따른 기초연금 수급자 비과세 종합저축 5,000만원 가능",,20260820,,202608201500,S,단리,S,정액적립식,12,3.5,3.5
030300,저축은행,2026-08-31T05:51:56+00:00,202608,0010576,진주저축은행,310016,안심정기적금 (창구전용),영업점,"ㆍ만기일~1개월 까지 : 최초 약정이율과 만기 후 동일상품 신규가입이율 중 낮은 이율

ㆍ1개월 초과 
: 연 0.1%",없음,1,비거주 외국인 외 제한없음,"-65세 이상 거주자로서 [기초연금법] 제2조 제2호에 따른 기초연금 수급자 비과세 종합저축 5,000만원 가능",,20260820,,202608201500,S,단리,S,정액적립식,24,3.6,3.6
030300,저축은행,2026-08-31T05:51:56+00:00,202608,0010576,진주저축은행,310016,안심정기적금 (창구전용),영업점,"ㆍ만기일~1개월 까지 : 최초 약정이율과 만기 후 동일상품 신규가입이율 중 낮은 이율

ㆍ1개월 초과 
: 연 0.1%",없음,1,비거주 외국인 외 제한없음,"-65세 이상 거주자로서 [기초연금법] 제2조 제2호에 따른 기초연금 수급자 비과세 종합저축 5,000만원 가능",,20260820,,202608201500,S,단리,S,정액적립식,36,3.7,3.7
030300,저축은행,2026-08-31T05:51:56+00:00,202608,0010576,진주저축은행,310010,자유적립식적금,영업점,"ㆍ만기일~1개월 까지 : 최초 약정이율과 만기 후 동일상품 신규가입이율 중 낮은 이율

ㆍ1개월 초과 
: 연 0.1%",없음,1,비거주 외국인 외 제한없음,"-만65세 이상 비과세 종합저축 5,000만원 가능",,20260820,,202608201500,S,단리,F,자유적립식,12,3.5,3.5
030300,저축은행,2026-08-31T05:51:56+00:00,202608,0010576,진주저축은행,310010,자유적립식적금,영업점,"ㆍ만기일~1개월 까지 : 최초 약정이율과 만기 후 동일상품 신규가입이율 중 낮은 이율

ㆍ1개월 초과 
: 연 0.1%",없음,1,비거주 외국인 외 제한없음,"-만65세 이상 비과세 종합저축 5,000만원 가능",,20260820,,202608201500,S,단리,F,자유적립식,24,4,4
030300,저축은행,2026-08-31T05:51:56+00:00,202608,0010576,진주저축은행,240001,정기예금(진주),"영업점,인터넷,스마트폰","- 만기일~1개월 까지 : 최초 약정이율과 만기 후 동일상품 신규가입이율 중 낮은 이율
- 1개월 초과 : 연 0.1%",없음,1,제한없음,"-만65세 이상 비과세 종합저축 5,000만원 가능",,20260820,,202608201500,S,단리,F,자유적립식,6,0.8,0.8
030300,저축은행,2026-08-31T05:51:56+00:00,202608,0010576,진주저축은행,240001,정기예금(진주),"영업점,인터넷,스마트폰","- 만기일~1개월 까지 : 최초 약정이율과 만기 후 동일상품 신규가입이율 중 낮은 이율
- 1개월 초과 : 연 0.1%",없음,1,제한없음,"-만65세 이상 비과세 종합저축 5,000만원 가능",,20260820,,202608201500,M,복리,F,자유적립식,6,0.8,0.8
030300,저축은행,2026-08-31T05:51:56+00:00,202608,0010576,진주저축은행,240001,정기예금(진주),"영업점,인터넷,스마트폰","- 만기일~1개월 까지 : 최초 약정이율과 만기 후 동일상품 신규가입이율 중 낮은 이율
- 1개월 초과 : 연 0.1%",없음,1,제한없음,"-만65세 이상 비과세 종합저축 5,000만원 가능",,20260820,,202608201500,S,단리,S,정액적립식,6,1.79,1.79
030300,저축은행,2026-08-31T05:51:56+00:00,202608,0010576,진주저축은행,240001,정기예금(진주),"영업점,인터넷,스마트폰","- 만기일~1개월 까지 : 최초 약정이율과 만기 후 동일상품 신규가입이율 중 낮은 이율
- 1개월 초과 : 연 0.1%",없음,1,제한없음,"-만65세 이상 비과세 종합저축 5,000만원 가능",,20260820,,202608201500,M,복리,S,정액적립식,6,1.8,1.8
030300,저축은행,2026-08-31T05:51:56+00:00,202608,0010576,진주저축은행,240001,정기예금(진주),"영업점,인터넷,스마트폰","- 만기일~1개월 까지 : 최초 약정이율과 만기 후 동일상품 신규가입이율 중 낮은 이율
- 1개월 초과 : 연 0.1%",없음,1,제한없음,"-만65세 이상 비과세 종합저축 5,000만원 가능",,20260820,,202608201500,S,단리,F,자유적립식,12,1.3,1.3
030300,저축은행,2026-08-31T05:51:56+00:00,202608,0010576,진주저축은행,240001,정기예금(진주),"영업점,인터넷,스마트폰","- 만기일~1개월 까지 : 최초 약정이율과 만기 후 동일상품 신규가입이율 중 낮은 이율
- 1개월 초과 : 연 0.1%",없음,1,제한없음,"-만65세 이상 비과세 종합저축 5,000만원 가능",,20260820,,202608201500,M,복리,F,자유적립식,12,1.3,1.3
030300,저축은행,2026-08-31T05:51:56+00:00,202608,0010576,진주저축은행,240001,정기예금(진주),"영업점,인터넷,스마트폰","- 만기일~1개월 까지 : 최초 약정이율과 만기 후 동일상품 신규가입이율 중 낮은 이율
- 1개월 초과 : 연 0.1%",없음,1,제한없음,"-만65세 이상 비과세 종합저축 5,000만원 가능",,20260820,,202608201500,S,단리,S,정액적립식,12,2.27,2.27
030300,저축은행,2026-08-31T05:51:56+00:00,202608,0010576,진주저축은행,240001,정기예금(진주),"영업점,인터넷,스마트폰","- 만기일~1개월 까지 : 최초 약정이율과 만기 후 동일상품 신규가입이율 중 낮은 이율
- 1개월 초과 : 연 0.1%",없음,1,제한없음,"-만65세 이상 비과세 종합저축 5,000만원 가능",,20260820,,202608201500,M,복리,S,정액적립식,12,2.3,2.3
030300,저축은행,2026-08-31T05:51:56+00:00,202608,0010576,진주저축은행,240001,정기예금(진주),"영업점,인터넷,스마트폰","- 만기일~1개월 까지 : 최초 약정이율과 만기 후 동일상품 신규가입이율 중 낮은 이율
- 1개월 초과 : 연 0.1%",없음,1,제한없음,"-만65세 이상 비과세 종합저축 5,000만원 가능",,20260820,,202608201500,S,단리,F,자유적립식,24,1.5,1.5
030300,저축은행,2026-08-31T05:51:56+00:00,202608,0010576,진주저축은행,240001,정기예금(진주),"영업점,인터넷,스마트폰","- 만기일~1개월 까지 : 최초 약정이율과 만기 후 동일상품 신규가입이율 중 낮은 이율
- 1개월 초과 : 연 0.1%",없음,1,제한없음,"-만65세 이상 비과세 종합저축 5,000만원 가능",,20260820,,202608201500,M,복리,F,자유적립식,24,1.5,1.5
030300,저축은행,2026-08-31T05:51:56+00:00,202608,0010576,진주저축은행,240001,정기예금(진주),"영업점,인터넷,스마트폰","- 만기일~1개월 까지 : 최초 약정이율과 만기 후 동일상품 신규가입이율 중 낮은 이율
- 1개월 초과 : 연 0.1%",없음,1,제한없음,"-만65세 이상 비과세 종합저축 5,000만원 가능",,20260820,,202608201500,S,단리,S,정액적립식,24,2.44,2.44
030300,저축은행,2026-08-31T05:51:56+00:00,202608,0010576,진주저축은행,240001,정기예금(진주),"영업점,인터넷,스마트폰","- 만기일~1개월 까지 : 최초 약정이율과 만기 후 동일상품 신규가입이율 중 낮은 이율
- 1개월 초과 : 연 0.1%",없음,1,제한없음,"-만65세 이상 비과세 종합저축 5,000만원 가능",,20260820,,202608201500,M,복리,S,정액적립식,24,2.5,2.5
030300,저축은행,2026-08-31T05:51:56+00:00,202608,0010576,진주저축은행,310007,정기적금,영업점,"ㆍ만기일~1개월 까지 : 최초 약정이율과 만기 후 동일상품 신규가입이율 중 낮은 이율

ㆍ1개월 초과 
: 연 0.1%",없음,1,비거주 외국인 외 제한없음,"-65세 이상 거주자로서 [기초연금법] 제2조 제2호에 따른 기초연금 수급자 비과세 종합저축 5,000만원 가능",,20260820,,202608201500,S,단리,S,정액적립식,12,3.5,3.5
030300,저축은행,2026-08-31T05:51:56+00:00,202608,0010576,진주저축은행,310007,정기적금,영업점,"ㆍ만기일~1개월 까지 : 최초 약정이율과 만기 후 동일상품 신규가입이율 중 낮은 이율

ㆍ1개월 초과 
: 연 0.1%",없음,1,비거주 외국인 외 제한없음,"-65세 이상 거주자로서 [기초연금법] 제2조 제2호에 따른 기초연금 수급자 비과세 종합저축 5,000만원 가능",,20260820,,202608201500,S,단리,S,정액적립식,24,3.6,3.6
030300,저축은행,2026-08-31T05:51:56+00:00,202608,0010576,진주저축은행,310007,정기적금,영업점,"ㆍ만기일~1개월 까지 : 최초 약정이율과 만기 후 동일상품 신규가입이율 중 낮은 이율

ㆍ1개월 초과 
: 연 0.1%",없음,1,비거주 외국인 외 제한없음,"-65세 이상 거주자로서 [기초연금법] 제2조 제2호에 따른 기초연금 수급자 비과세 종합저축 5,000만원 가능",,20260820,,202608201500,S,단리,S,정액적립식,36,3.7,3.7
030300,저축은행,2026-08-31T05:51:56+00:00,202608,0010576,진주저축은행,310014,지니뱅크-정기적금(비대면),스마트폰,"ㆍ만기일~1개월 까지 : 최초 약정이율과 만기 후 동일상품 신규가입이율 중 낮은 이율

ㆍ1개월 초과 
: 연 0.1%",없음,1,비거주 외국인 외 제한없음,"-65세 이상 거주자로서 [기초연금법] 제2조 제2호에 따른 기초연금 수급자 비과세 종합저축 5,000만원 가능",,20260820,,202608201500,S,단리,S,정액적립식,12,3.5,3.5
030300,저축은행,2026-08-31T05:51:56+00:00,202608,0010576,진주저축은행,310014,지니뱅크-정기적금(비대면),스마트폰,"ㆍ만기일~1개월 까지 : 최초 약정이율과 만기 후 동일상품 신규가입이율 중 낮은 이율

ㆍ1개월 초과 
: 연 0.1%",없음,1,비거주 외국인 외 제한없음,"-65세 이상 거주자로서 [기초연금법] 제2조 제2호에 따른 기초연금 수급자 비과세 종합저축 5,000만원 가능",,20260820,,202608201500,S,단리,S,정액적립식,24,3.6,3.6
030300,저축은행,2026-08-31T05:51:56+00:00,202608,0010576,진주저축은행,310014,지니뱅크-정기적금(비대면),스마트폰,"ㆍ만기일~1개월 까지 : 최초 약정이율과 만기 후 동일상품 신규가입이율 중 낮은 이율

ㆍ1개월 초과 
: 연 0.1%",없음,1,비거주 외국인 외 제한없음,"-65세 이상 거주자로서 [기초연금법] 제2조 제2호에 따른 기초연금 수급자 비과세 종합저축 5,000만원 가능",,20260820,,202608201500,S,단리,S,정액적립식,36,3.7,3.7
030300,저축은행,2026-08-31T05:51:56+00:00,202608,0010560,참저축은행,C614006,e-정기적금,"인터넷,스마트폰",*만기 후 1개월 간 : 가입이율과 만기일 당시 기간별 정기적금이율 중 낮은 이율 ＊만기후 1개월초과 : 보통예금 이율 * 적용대상 : 19.07.01 신규가입자부터 적용 (이전가입자는 영업점 확인요망),없음,1,제한없음,"인터넷뱅킹, SB톡톡플러스 로그인 시",,20260824,,202608240915,S,단리,S,정액적립식,6,3,3
030300,저축은행,2026-08-31T05:51:56+00:00,202608,0010560,참저축은행,C614006,e-정기적금,"인터넷,스마트폰",*만기 후 1개월 간 : 가입이율과 만기일 당시 기간별 정기적금이율 중 낮은 이율 ＊만기후 1개월초과 : 보통예금 이율 * 적용대상 : 19.07.01 신규가입자부터 적용 (이전가입자는 영업점 확인요망),없음,1,제한없음,"인터넷뱅킹, SB톡톡플러스 로그인 시",,20260824,,202608240915,S,단리,S,정액적립식,12,4.2,4.2
030300,저축은행,2026-08-31T05:51:56+00:00,202608,0010560,참저축은행,C614006,e-정기적금,"인터넷,스마트폰",*만기 후 1개월 간 : 가입이율과 만기일 당시 기간별 정기적금이율 중 낮은 이율 ＊만기후 1개월초과 : 보통예금 이율 * 적용대상 : 19.07.01 신규가입자부터 적용 (이전가입자는 영업점 확인요망),없음,1,제한없음,"인터넷뱅킹, SB톡톡플러스 로그인 시",,20260824,,202608240915,S,단리,S,정액적립식,24,3.8,3.8
030300,저축은행,2026-08-31T05:51:56+00:00,202608,0010560,참저축은행,C614005,비대면정기적금,스마트폰,*만기 후 1개월 간 : 가입이율과 만기일 당시 기간별 정기적금이율 중 낮은 이율 ＊만기후 1개월초과 : 보통예금 이율 * 적용대상 : 19.07.01 신규가입자부터 적용 (이전가입자는 영업점 확인요망),없음,1,만19세 이상 내국인(법인불가),SB톡톡플러스 비로그인서비스로 신규가입 시,,20260824,,202608240915,S,단리,S,정액적립식,6,3,3
030300,저축은행,2026-08-31T05:51:56+00:00,202608,0010560,참저축은행,C614005,비대면정기적금,스마트폰,*만기 후 1개월 간 : 가입이율과 만기일 당시 기간별 정기적금이율 중 낮은 이율 ＊만기후 1개월초과 : 보통예금 이율 * 적용대상 : 19.07.01 신규가입자부터 적용 (이전가입자는 영업점 확인요망),없음,1,만19세 이상 내국인(법인불가),SB톡톡플러스 비로그인서비스로 신규가입 시,,20260824,,202608240915,S,단리,S,정액적립식,12,4.2,4.2
030300,저축은행,2026-08-31T05:51:56+00:00,202608,0010560,참저축은행,C614005,비대면정기적금,스마트폰,*만기 후 1개월 간 : 가입이율과 만기일 당시 기간별 정기적금이율 중 낮은 이율 ＊만기후 1개월초과 : 보통예금 이율 * 적용대상 : 19.07.01 신규가입자부터 적용 (이전가입자는 영업점 확인요망),없음,1,만19세 이상 내국인(법인불가),SB톡톡플러스 비로그인서비스로 신규가입 시,,20260824,,202608240915,S,단리,S,정액적립식,24,3.8,3.8
030300,저축은행,2026-08-31T05:51:56+00:00,202608,0010560,참저축은행,C614004,정기적금,영업점,*만기 후 1개월 간 : 가입이율과 만기일 당시 기간별 정기적금이율 중 낮은 이율 ＊만기후 1개월초과 : 보통예금 이율 * 적용대상 : 19.07.01 신규가입자부터 적용 (이전가입자는 영업점 확인요망),없음,1,제한없음,없음,,20260824,,202608240915,S,단리,S,정액적립식,6,3,3
030300,저축은행,2026-08-31T05:51:56+00:00,202608,0010560,참저축은행,C614004,정기적금,영업점,*만기 후 1개월 간 : 가입이율과 만기일 당시 기간별 정기적금이율 중 낮은 이율 ＊만기후 1개월초과 : 보통예금 이율 * 적용대상 : 19.07.01 신규가입자부터 적용 (이전가입자는 영업점 확인요망),없음,1,제한없음,없음,,20260824,,202608240915,S,단리,S,정액적립식,12,4.2,4.2
030300,저축은행,2026-08-31T05:51:56+00:00,202608,0010560,참저축은행,C614004,정기적금,영업점,*만기 후 1개월 간 : 가입이율과 만기일 당시 기간별 정기적금이율 중 낮은 이율 ＊만기후 1개월초과 : 보통예금 이율 * 적용대상 : 19.07.01 신규가입자부터 적용 (이전가입자는 영업점 확인요망),없음,1,제한없음,없음,,20260824,,202608240915,S,단리,S,정액적립식,24,3.8,3.8
030300,저축은행,2026-08-31T05:51:56+00:00,202608,0010489,청주저축은행,310012,단비 정기적금,"영업점,인터넷,스마트폰","1개월이내 : 만기시 동일상품 동일계약기간의 신규 약정금리
1개월초과 : 보통예금이율",없음,1,제한없음,상품 문의 ☎ 043-256-9114,,20260824,,202608241841,S,단리,S,정액적립식,6,2.1,2.1
030300,저축은행,2026-08-31T05:51:56+00:00,202608,0010489,청주저축은행,310012,단비 정기적금,"영업점,인터넷,스마트폰","1개월이내 : 만기시 동일상품 동일계약기간의 신규 약정금리
1개월초과 : 보통예금이율",없음,1,제한없음,상품 문의 ☎ 043-256-9114,,20260824,,202608241841,S,단리,S,정액적립식,12,6,6
030300,저축은행,2026-08-31T05:51:56+00:00,202608,0010489,청주저축은행,310012,단비 정기적금,"영업점,인터넷,스마트폰","1개월이내 : 만기시 동일상품 동일계약기간의 신규 약정금리
1개월초과 : 보통예금이율",없음,1,제한없음,상품 문의 ☎ 043-256-9114,,20260824,,202608241841,S,단리,S,정액적립식,24,5,5
030300,저축은행,2026-08-31T05:51:56+00:00,202608,0010489,청주저축은행,310012,단비 정기적금,"영업점,인터넷,스마트폰","1개월이내 : 만기시 동일상품 동일계약기간의 신규 약정금리
1개월초과 : 보통예금이율",없음,1,제한없음,상품 문의 ☎ 043-256-9114,,20260824,,202608241841,S,단리,S,정액적립식,36,4,4
030300,저축은행,2026-08-31T05:51:56+00:00,202608,0010489,청주저축은행,310008,정기적금,영업점,"1개월이내 : 만기시 동일상품 동일계약기간의 신규 약정금리
1개월초과 : 보통예금이율",없음,1,제한없음,상품 문의 ☎ 043-256-9114,,20260824,,202608241841,S,단리,F,자유적립식,1,1.2,1.2
030300,저축은행,2026-08-31T05:51:56+00:00,202608,0010489,청주저축은행,310008,정기적금,영업점,"1개월이내 : 만기시 동일상품 동일계약기간의 신규 약정금리
1개월초과 : 보통예금이율",없음,1,제한없음,상품 문의 ☎ 043-256-9114,,20260824,,202608241841,S,단리,F,자유적립식,3,2.5,2.5
030300,저축은행,2026-08-31T05:51:56+00:00,202608,0010489,청주저축은행,310008,정기적금,영업점,"1개월이내 : 만기시 동일상품 동일계약기간의 신규 약정금리
1개월초과 : 보통예금이율",없음,1,제한없음,상품 문의 ☎ 043-256-9114,,20260824,,202608241841,S,단리,F,자유적립식,6,3.05,3.05
030300,저축은행,2026-08-31T05:51:56+00:00,202608,0010489,청주저축은행,310008,정기적금,영업점,"1개월이내 : 만기시 동일상품 동일계약기간의 신규 약정금리
1개월초과 : 보통예금이율",없음,1,제한없음,상품 문의 ☎ 043-256-9114,,20260824,,202608241841,S,단리,S,정액적립식,6,2.1,2.1
030300,저축은행,2026-08-31T05:51:56+00:00,202608,0010489,청주저축은행,310008,정기적금,영업점,"1개월이내 : 만기시 동일상품 동일계약기간의 신규 약정금리
1개월초과 : 보통예금이율",없음,1,제한없음,상품 문의 ☎ 043-256-9114,,20260824,,202608241841,S,단리,F,자유적립식,12,4,4
030300,저축은행,2026-08-31T05:51:56+00:00,202608,0010489,청주저축은행,310008,정기적금,영업점,"1개월이내 : 만기시 동일상품 동일계약기간의 신규 약정금리
1개월초과 : 보통예금이율",없음,1,제한없음,상품 문의 ☎ 043-256-9114,,20260824,,202608241841,S,단리,S,정액적립식,12,3.8,3.8
030300,저축은행,2026-08-31T05:51:56+00:00,202608,0010489,청주저축은행,310008,정기적금,영업점,"1개월이내 : 만기시 동일상품 동일계약기간의 신규 약정금리
1개월초과 : 보통예금이율",없음,1,제한없음,상품 문의 ☎ 043-256-9114,,20260824,,202608241841,S,단리,F,자유적립식,24,3.6,3.6
030300,저축은행,2026-08-31T05:51:56+00:00,202608,0010489,청주저축은행,310008,정기적금,영업점,"1개월이내 : 만기시 동일상품 동일계약기간의 신규 약정금리
1개월초과 : 보통예금이율",없음,1,제한없음,상품 문의 ☎ 043-256-9114,,20260824,,202608241841,S,단리,S,정액적립식,24,3.7,3.7
030300,저축은행,2026-08-31T05:51:56+00:00,202608,0010489,청주저축은행,310008,정기적금,영업점,"1개월이내 : 만기시 동일상품 동일계약기간의 신규 약정금리
1개월초과 : 보통예금이율",없음,1,제한없음,상품 문의 ☎ 043-256-9114,,20260824,,202608241841,S,단리,F,자유적립식,36,3.6,3.6
030300,저축은행,2026-08-31T05:51:56+00:00,202608,0010489,청주저축은행,310008,정기적금,영업점,"1개월이내 : 만기시 동일상품 동일계약기간의 신규 약정금리
1개월초과 : 보통예금이율",없음,1,제한없음,상품 문의 ☎ 043-256-9114,,20260824,,202608241841,S,단리,S,정액적립식,36,3.7,3.7
030300,저축은행,2026-08-31T05:51:56+00:00,202608,0010489,청주저축은행,310010,정기적금(온라인),"인터넷,스마트폰","1개월이내 : 만기시 동일상품 동일계약기간의 신규 약정금리
1개월초과 : 보통예금이율",없음,1,제한없음,상품 문의 ☎ 043-256-9114,,20260824,,202608241841,S,단리,S,정액적립식,6,2.1,2.1
030300,저축은행,2026-08-31T05:51:56+00:00,202608,0010489,청주저축은행,310010,정기적금(온라인),"인터넷,스마트폰","1개월이내 : 만기시 동일상품 동일계약기간의 신규 약정금리
1개월초과 : 보통예금이율",없음,1,제한없음,상품 문의 ☎ 043-256-9114,,20260824,,202608241841,S,단리,S,정액적립식,12,3.8,3.8
030300,저축은행,2026-08-31T05:51:56+00:00,202608,0010489,청주저축은행,310010,정기적금(온라인),"인터넷,스마트폰","1개월이내 : 만기시 동일상품 동일계약기간의 신규 약정금리
1개월초과 : 보통예금이율",없음,1,제한없음,상품 문의 ☎ 043-256-9114,,20260824,,202608241841,S,단리,S,정액적립식,24,3.7,3.7
030300,저축은행,2026-08-31T05:51:56+00:00,202608,0010489,청주저축은행,310010,정기적금(온라인),"인터넷,스마트폰","1개월이내 : 만기시 동일상품 동일계약기간의 신규 약정금리
1개월초과 : 보통예금이율",없음,1,제한없음,상품 문의 ☎ 043-256-9114,,20260824,,202608241841,S,단리,S,정액적립식,36,3.7,3.7
030300,저축은행,2026-08-31T05:51:56+00:00,202608,0010489,청주저축은행,310011,펫팸정기적금_천안지점,영업점,"1개월이내 : 만기시 동일상품 동일계약기간의 신규 약정금리
1개월초과 : 보통예금이율",없음,1,반려동물을 키우는 지점방문고객(개인),상품 문의 ☎ 041-522-9114,,20260824,,202608241841,S,단리,S,정액적립식,12,6,6
030300,저축은행,2026-08-31T05:51:56+00:00,202608,0010359,키움예스저축은행,310007,SB톡톡 키워드림 정기적금 (비대면),스마트폰,"*만기후 1개월 이내 : 당초 약정금리 또는 만기시 동일상품 동일계약기간의 신규 약정금리 중 낮은 이율
*만기후 1개월 초과 : 만기시점 보통예금 이율",-,1,제한없음,-,,20260820,,202608201500,S,단리,S,정액적립식,6,2.2,2.2
030300,저축은행,2026-08-31T05:51:56+00:00,202608,0010359,키움예스저축은행,310007,SB톡톡 키워드림 정기적금 (비대면),스마트폰,"*만기후 1개월 이내 : 당초 약정금리 또는 만기시 동일상품 동일계약기간의 신규 약정금리 중 낮은 이율
*만기후 1개월 초과 : 만기시점 보통예금 이율",-,1,제한없음,-,,20260820,,202608201500,S,단리,S,정액적립식,12,3.5,3.5
030300,저축은행,2026-08-31T05:51:56+00:00,202608,0010359,키움예스저축은행,310007,SB톡톡 키워드림 정기적금 (비대면),스마트폰,"*만기후 1개월 이내 : 당초 약정금리 또는 만기시 동일상품 동일계약기간의 신규 약정금리 중 낮은 이율
*만기후 1개월 초과 : 만기시점 보통예금 이율",-,1,제한없음,-,,20260820,,202608201500,S,단리,S,정액적립식,24,3.2,3.2
030300,저축은행,2026-08-31T05:51:56+00:00,202608,0010359,키움예스저축은행,310007,SB톡톡 키워드림 정기적금 (비대면),스마트폰,"*만기후 1개월 이내 : 당초 약정금리 또는 만기시 동일상품 동일계약기간의 신규 약정금리 중 낮은 이율
*만기후 1개월 초과 : 만기시점 보통예금 이율",-,1,제한없음,-,,20260820,,202608201500,S,단리,S,정액적립식,36,3,3
030300,저축은행,2026-08-31T05:51:56+00:00,202608,0010359,키움예스저축은행,310006,"키워드림 e-정기적금 (인터넷뱅킹, 스마트뱅킹)","인터넷,스마트폰","*만기후 1개월 이내 : 당초 약정금리 또는 만기시 동일상품 동일계약기간의 신규 약정금리 중 낮은 이율
*만기후 1개월 초과 : 만기시점 보통예금 이율",-,1,제한없음,-,,20260820,,202608201500,S,단리,S,정액적립식,6,2.2,2.2
030300,저축은행,2026-08-31T05:51:56+00:00,202608,0010359,키움예스저축은행,310006,"키워드림 e-정기적금 (인터넷뱅킹, 스마트뱅킹)","인터넷,스마트폰","*만기후 1개월 이내 : 당초 약정금리 또는 만기시 동일상품 동일계약기간의 신규 약정금리 중 낮은 이율
*만기후 1개월 초과 : 만기시점 보통예금 이율",-,1,제한없음,-,,20260820,,202608201500,S,단리,S,정액적립식,12,3.5,3.5
030300,저축은행,2026-08-31T05:51:56+00:00,202608,0010359,키움예스저축은행,310006,"키워드림 e-정기적금 (인터넷뱅킹, 스마트뱅킹)","인터넷,스마트폰","*만기후 1개월 이내 : 당초 약정금리 또는 만기시 동일상품 동일계약기간의 신규 약정금리 중 낮은 이율
*만기후 1개월 초과 : 만기시점 보통예금 이율",-,1,제한없음,-,,20260820,,202608201500,S,단리,S,정액적립식,24,3.2,3.2
030300,저축은행,2026-08-31T05:51:56+00:00,202608,0010359,키움예스저축은행,310006,"키워드림 e-정기적금 (인터넷뱅킹, 스마트뱅킹)","인터넷,스마트폰","*만기후 1개월 이내 : 당초 약정금리 또는 만기시 동일상품 동일계약기간의 신규 약정금리 중 낮은 이율
*만기후 1개월 초과 : 만기시점 보통예금 이율",-,1,제한없음,-,,20260820,,202608201500,S,단리,S,정액적립식,36,3,3
030300,저축은행,2026-08-31T05:51:56+00:00,202608,0010359,키움예스저축은행,310005,키워드림 정기적금,영업점,"*만기후 1개월 이내 : 당초 약정금리 또는 만기시 동일상품 동일계약기간의 신규 약정금리 중 낮은 이율
*만기후 1개월 초과 : 만기시점 보통예금 이율","*인터넷뱅킹, 스마트뱅킹, 비대면 가입시 우대금리 적용",1,제한없음,-,,20260820,,202608201500,S,단리,S,정액적립식,6,2.1,2.1
030300,저축은행,2026-08-31T05:51:56+00:00,202608,0010359,키움예스저축은행,310005,키워드림 정기적금,영업점,"*만기후 1개월 이내 : 당초 약정금리 또는 만기시 동일상품 동일계약기간의 신규 약정금리 중 낮은 이율
*만기후 1개월 초과 : 만기시점 보통예금 이율","*인터넷뱅킹, 스마트뱅킹, 비대면 가입시 우대금리 적용",1,제한없음,-,,20260820,,202608201500,S,단리,S,정액적립식,12,3.4,3.4
030300,저축은행,2026-08-31T05:51:56+00:00,202608,0010359,키움예스저축은행,310005,키워드림 정기적금,영업점,"*만기후 1개월 이내 : 당초 약정금리 또는 만기시 동일상품 동일계약기간의 신규 약정금리 중 낮은 이율
*만기후 1개월 초과 : 만기시점 보통예금 이율","*인터넷뱅킹, 스마트뱅킹, 비대면 가입시 우대금리 적용",1,제한없음,-,,20260820,,202608201500,S,단리,S,정액적립식,24,3.1,3.1
030300,저축은행,2026-08-31T05:51:56+00:00,202608,0010359,키움예스저축은행,310005,키워드림 정기적금,영업점,"*만기후 1개월 이내 : 당초 약정금리 또는 만기시 동일상품 동일계약기간의 신규 약정금리 중 낮은 이율
*만기후 1개월 초과 : 만기시점 보통예금 이율","*인터넷뱅킹, 스마트뱅킹, 비대면 가입시 우대금리 적용",1,제한없음,-,,20260820,,202608201500,S,단리,S,정액적립식,36,2.9,2.9
030300,저축은행,2026-08-31T05:51:56+00:00,202608,0010456,키움저축은행,310010,SB톡톡정기적금 (비대면),스마트폰,"-만기후 1개월 이내
당초 약정금리 또는 만기시 동일상품 동일계약기간의 신규 약정금리 중 낮은 이율
-만기후 1개월 초과
연 0.2% (신규시점의 보통예금 금리)
※2019년 7월 1일 이후 신규 가입 계좌에 한함.",없음,1,제한없음,비대면,,20260820,,202608201500,S,단리,S,정액적립식,6,3.2,3.2
030300,저축은행,2026-08-31T05:51:56+00:00,202608,0010456,키움저축은행,310010,SB톡톡정기적금 (비대면),스마트폰,"-만기후 1개월 이내
당초 약정금리 또는 만기시 동일상품 동일계약기간의 신규 약정금리 중 낮은 이율
-만기후 1개월 초과
연 0.2% (신규시점의 보통예금 금리)
※2019년 7월 1일 이후 신규 가입 계좌에 한함.",없음,1,제한없음,비대면,,20260820,,202608201500,S,단리,S,정액적립식,12,4,4
030300,저축은행,2026-08-31T05:51:56+00:00,202608,0010456,키움저축은행,310010,SB톡톡정기적금 (비대면),스마트폰,"-만기후 1개월 이내
당초 약정금리 또는 만기시 동일상품 동일계약기간의 신규 약정금리 중 낮은 이율
-만기후 1개월 초과
연 0.2% (신규시점의 보통예금 금리)
※2019년 7월 1일 이후 신규 가입 계좌에 한함.",없음,1,제한없음,비대면,,20260820,,202608201500,S,단리,S,정액적립식,24,4,4
030300,저축은행,2026-08-31T05:51:56+00:00,202608,0010456,키움저축은행,310010,SB톡톡정기적금 (비대면),스마트폰,"-만기후 1개월 이내
당초 약정금리 또는 만기시 동일상품 동일계약기간의 신규 약정금리 중 낮은 이율
-만기후 1개월 초과
연 0.2% (신규시점의 보통예금 금리)
※2019년 7월 1일 이후 신규 가입 계좌에 한함.",없음,1,제한없음,비대면,,20260820,,202608201500,S,단리,S,정액적립식,36,4.2,4.2
030300,저축은행,2026-08-31T05:51:56+00:00,202608,0010456,키움저축은행,310012,"e-plus 기업정기적금 (인터넷뱅킹,스마트뱅킹)","인터넷,스마트폰","-만기후 1개월 이내
당초 약정금리 또는 만기시 동일상품 동일계약기간의 신규 약정금리 중 낮은 이율
-만기후 1개월 초과
연 0.2% (신규시점의 보통예금 금리)
※2019년 7월 1일 이후 신규 가입 계좌에 한함.",없음,1,"법인 (영리법인,비영리법인)",인터넷 가입,,20260820,,202608201500,S,단리,S,정액적립식,6,1.4,1.4
030300,저축은행,2026-08-31T05:51:56+00:00,202608,0010456,키움저축은행,310012,"e-plus 기업정기적금 (인터넷뱅킹,스마트뱅킹)","인터넷,스마트폰","-만기후 1개월 이내
당초 약정금리 또는 만기시 동일상품 동일계약기간의 신규 약정금리 중 낮은 이율
-만기후 1개월 초과
연 0.2% (신규시점의 보통예금 금리)
※2019년 7월 1일 이후 신규 가입 계좌에 한함.",없음,1,"법인 (영리법인,비영리법인)",인터넷 가입,,20260820,,202608201500,S,단리,S,정액적립식,12,1.7,1.7
030300,저축은행,2026-08-31T05:51:56+00:00,202608,0010456,키움저축은행,310012,"e-plus 기업정기적금 (인터넷뱅킹,스마트뱅킹)","인터넷,스마트폰","-만기후 1개월 이내
당초 약정금리 또는 만기시 동일상품 동일계약기간의 신규 약정금리 중 낮은 이율
-만기후 1개월 초과
연 0.2% (신규시점의 보통예금 금리)
※2019년 7월 1일 이후 신규 가입 계좌에 한함.",없음,1,"법인 (영리법인,비영리법인)",인터넷 가입,,20260820,,202608201500,S,단리,S,정액적립식,24,1.8,1.8
030300,저축은행,2026-08-31T05:51:56+00:00,202608,0010456,키움저축은행,310012,"e-plus 기업정기적금 (인터넷뱅킹,스마트뱅킹)","인터넷,스마트폰","-만기후 1개월 이내
당초 약정금리 또는 만기시 동일상품 동일계약기간의 신규 약정금리 중 낮은 이율
-만기후 1개월 초과
연 0.2% (신규시점의 보통예금 금리)
※2019년 7월 1일 이후 신규 가입 계좌에 한함.",없음,1,"법인 (영리법인,비영리법인)",인터넷 가입,,20260820,,202608201500,S,단리,S,정액적립식,36,1.9,1.9
030300,저축은행,2026-08-31T05:51:56+00:00,202608,0010456,키움저축은행,310009,"e-plus 정기적금 (인터넷뱅킹,스마트뱅킹)","인터넷,스마트폰","-만기후 1개월 이내
당초 약정금리 또는 만기시 동일상품 동일계약기간의 신규 약정금리 중 낮은 이율
-만기후 1개월 초과
연 0.2% (신규시점의 보통예금 금리)
※2019년 7월 1일 이후 신규 가입 계좌에 한함.",없음,1,개인 및 개인사업자,인터넷 가입,,20260820,,202608201500,S,단리,S,정액적립식,6,3.2,3.2
030300,저축은행,2026-08-31T05:51:56+00:00,202608,0010456,키움저축은행,310009,"e-plus 정기적금 (인터넷뱅킹,스마트뱅킹)","인터넷,스마트폰","-만기후 1개월 이내
당초 약정금리 또는 만기시 동일상품 동일계약기간의 신규 약정금리 중 낮은 이율
-만기후 1개월 초과
연 0.2% (신규시점의 보통예금 금리)
※2019년 7월 1일 이후 신규 가입 계좌에 한함.",없음,1,개인 및 개인사업자,인터넷 가입,,20260820,,202608201500,S,단리,S,정액적립식,12,4,4
030300,저축은행,2026-08-31T05:51:56+00:00,202608,0010456,키움저축은행,310009,"e-plus 정기적금 (인터넷뱅킹,스마트뱅킹)","인터넷,스마트폰","-만기후 1개월 이내
당초 약정금리 또는 만기시 동일상품 동일계약기간의 신규 약정금리 중 낮은 이율
-만기후 1개월 초과
연 0.2% (신규시점의 보통예금 금리)
※2019년 7월 1일 이후 신규 가입 계좌에 한함.",없음,1,개인 및 개인사업자,인터넷 가입,,20260820,,202608201500,S,단리,S,정액적립식,24,4,4
030300,저축은행,2026-08-31T05:51:56+00:00,202608,0010456,키움저축은행,310009,"e-plus 정기적금 (인터넷뱅킹,스마트뱅킹)","인터넷,스마트폰","-만기후 1개월 이내
당초 약정금리 또는 만기시 동일상품 동일계약기간의 신규 약정금리 중 낮은 이율
-만기후 1개월 초과
연 0.2% (신규시점의 보통예금 금리)
※2019년 7월 1일 이후 신규 가입 계좌에 한함.",없음,1,개인 및 개인사업자,인터넷 가입,,20260820,,202608201500,S,단리,S,정액적립식,36,4.2,4.2
030300,저축은행,2026-08-31T05:51:56+00:00,202608,0010456,키움저축은행,310011,기업 정기적금,영업점,"-만기후 1개월 이내
당초 약정금리 또는 만기시 동일상품 동일계약기간의 신규 약정금리 중 낮은 이율
-만기후 1개월 초과
연 0.2% (신규시점의 보통예금 금리)
※2019년 7월 1일 이후 신규 가입 계좌에 한함.",없음,1,"법인 (영리법인,비영리법인)",없음,,20260820,,202608201500,S,단리,S,정액적립식,6,1.4,1.4
030300,저축은행,2026-08-31T05:51:56+00:00,202608,0010456,키움저축은행,310011,기업 정기적금,영업점,"-만기후 1개월 이내
당초 약정금리 또는 만기시 동일상품 동일계약기간의 신규 약정금리 중 낮은 이율
-만기후 1개월 초과
연 0.2% (신규시점의 보통예금 금리)
※2019년 7월 1일 이후 신규 가입 계좌에 한함.",없음,1,"법인 (영리법인,비영리법인)",없음,,20260820,,202608201500,S,단리,S,정액적립식,12,1.7,1.7
030300,저축은행,2026-08-31T05:51:56+00:00,202608,0010456,키움저축은행,310011,기업 정기적금,영업점,"-만기후 1개월 이내
당초 약정금리 또는 만기시 동일상품 동일계약기간의 신규 약정금리 중 낮은 이율
-만기후 1개월 초과
연 0.2% (신규시점의 보통예금 금리)
※2019년 7월 1일 이후 신규 가입 계좌에 한함.",없음,1,"법인 (영리법인,비영리법인)",없음,,20260820,,202608201500,S,단리,S,정액적립식,24,1.8,1.8
030300,저축은행,2026-08-31T05:51:56+00:00,202608,0010456,키움저축은행,310011,기업 정기적금,영업점,"-만기후 1개월 이내
당초 약정금리 또는 만기시 동일상품 동일계약기간의 신규 약정금리 중 낮은 이율
-만기후 1개월 초과
연 0.2% (신규시점의 보통예금 금리)
※2019년 7월 1일 이후 신규 가입 계좌에 한함.",없음,1,"법인 (영리법인,비영리법인)",없음,,20260820,,202608201500,S,단리,S,정액적립식,36,1.9,1.9
030300,저축은행,2026-08-31T05:51:56+00:00,202608,0010456,키움저축은행,310014,아이키움정기적금,영업점,"-만기후 1개월 이내
당초 약정금리 또는 만기시 동일상품 동일계약기간의 신규 약정금리 중 낮은 이율
-만기후 1개월 초과
연 0.2% (신규시점의 보통예금 금리)",없음,1,개인 (만 7세이하 본인 또는 만7세 이하의 자녀를 둔 부모님),"1)가입기간: 12개월~60개월(월단위)
2)제한사항: 1인1계좌",300000,20260820,,202608201500,S,단리,S,정액적립식,12,4.5,4.5
030300,저축은행,2026-08-31T05:51:56+00:00,202608,0010456,키움저축은행,310014,아이키움정기적금,영업점,"-만기후 1개월 이내
당초 약정금리 또는 만기시 동일상품 동일계약기간의 신규 약정금리 중 낮은 이율
-만기후 1개월 초과
연 0.2% (신규시점의 보통예금 금리)",없음,1,개인 (만 7세이하 본인 또는 만7세 이하의 자녀를 둔 부모님),"1)가입기간: 12개월~60개월(월단위)
2)제한사항: 1인1계좌",300000,20260820,,202608201500,S,단리,S,정액적립식,24,4.5,4.5
030300,저축은행,2026-08-31T05:51:56+00:00,202608,0010456,키움저축은행,310014,아이키움정기적금,영업점,"-만기후 1개월 이내
당초 약정금리 또는 만기시 동일상품 동일계약기간의 신규 약정금리 중 낮은 이율
-만기후 1개월 초과
연 0.2% (신규시점의 보통예금 금리)",없음,1,개인 (만 7세이하 본인 또는 만7세 이하의 자녀를 둔 부모님),"1)가입기간: 12개월~60개월(월단위)
2)제한사항: 1인1계좌",300000,20260820,,202608201500,S,단리,S,정액적립식,36,4.5,4.5
030300,저축은행,2026-08-31T05:51:56+00:00,202608,0010456,키움저축은행,310008,정기적금,영업점,"-만기후 1개월 이내
당초 약정금리 또는 만기시 동일상품 동일계약기간의 신규 약정금리 중 낮은 이율
-만기후 1개월 초과
연 0.2% (신규시점의 보통예금 금리)
※2019년 7월 1일 이후 신규 가입 계좌에 한함.",없음,1,개인 및 개인사업자,없음,,20260820,,202608201500,S,단리,S,정액적립식,6,3,3
030300,저축은행,2026-08-31T05:51:56+00:00,202608,0010456,키움저축은행,310008,정기적금,영업점,"-만기후 1개월 이내
당초 약정금리 또는 만기시 동일상품 동일계약기간의 신규 약정금리 중 낮은 이율
-만기후 1개월 초과
연 0.2% (신규시점의 보통예금 금리)
※2019년 7월 1일 이후 신규 가입 계좌에 한함.",없음,1,개인 및 개인사업자,없음,,20260820,,202608201500,S,단리,S,정액적립식,12,3.8,3.8
030300,저축은행,2026-08-31T05:51:56+00:00,202608,0010456,키움저축은행,310008,정기적금,영업점,"-만기후 1개월 이내
당초 약정금리 또는 만기시 동일상품 동일계약기간의 신규 약정금리 중 낮은 이율
-만기후 1개월 초과
연 0.2% (신규시점의 보통예금 금리)
※2019년 7월 1일 이후 신규 가입 계좌에 한함.",없음,1,개인 및 개인사업자,없음,,20260820,,202608201500,S,단리,S,정액적립식,24,3.8,3.8
030300,저축은행,2026-08-31T05:51:56+00:00,202608,0010456,키움저축은행,310008,정기적금,영업점,"-만기후 1개월 이내
당초 약정금리 또는 만기시 동일상품 동일계약기간의 신규 약정금리 중 낮은 이율
-만기후 1개월 초과
연 0.2% (신규시점의 보통예금 금리)
※2019년 7월 1일 이후 신규 가입 계좌에 한함.",없음,1,개인 및 개인사업자,없음,,20260820,,202608201500,S,단리,S,정액적립식,36,4,4
030300,저축은행,2026-08-31T05:51:56+00:00,202608,0010471,페퍼저축은행,31-0026,정기적금,영업점,"* 만기 후 1개월 이내 기간 : 최종 이율과 만기 시점 동일 상품 동일 계약기간의 신규 약정금리 중 낮은 금리를 적용
* 만기 후 1개월 초과 이후 기간 : 보통예금 이율(연 0.50%) 적용",우대사항 없음,1,제한없음,최소가입금액: 1만원 이상,,20260820,,202608201500,S,단리,S,정액적립식,6,3,3
030300,저축은행,2026-08-31T05:51:56+00:00,202608,0010471,페퍼저축은행,31-0026,정기적금,영업점,"* 만기 후 1개월 이내 기간 : 최종 이율과 만기 시점 동일 상품 동일 계약기간의 신규 약정금리 중 낮은 금리를 적용
* 만기 후 1개월 초과 이후 기간 : 보통예금 이율(연 0.50%) 적용",우대사항 없음,1,제한없음,최소가입금액: 1만원 이상,,20260820,,202608201500,S,단리,S,정액적립식,12,3.5,3.5
030300,저축은행,2026-08-31T05:51:56+00:00,202608,0010471,페퍼저축은행,31-0026,정기적금,영업점,"* 만기 후 1개월 이내 기간 : 최종 이율과 만기 시점 동일 상품 동일 계약기간의 신규 약정금리 중 낮은 금리를 적용
* 만기 후 1개월 초과 이후 기간 : 보통예금 이율(연 0.50%) 적용",우대사항 없음,1,제한없음,최소가입금액: 1만원 이상,,20260820,,202608201500,S,단리,S,정액적립식,24,3,3
030300,저축은행,2026-08-31T05:51:56+00:00,202608,0010471,페퍼저축은행,31-0026,정기적금,영업점,"* 만기 후 1개월 이내 기간 : 최종 이율과 만기 시점 동일 상품 동일 계약기간의 신규 약정금리 중 낮은 금리를 적용
* 만기 후 1개월 초과 이후 기간 : 보통예금 이율(연 0.50%) 적용",우대사항 없음,1,제한없음,최소가입금액: 1만원 이상,,20260820,,202608201500,S,단리,S,정액적립식,36,2.8,2.8
030300,저축은행,2026-08-31T05:51:56+00:00,202608,0010471,페퍼저축은행,31-0027,"정기적금 (인터넷,스마트,비대면)","인터넷,스마트폰","* 만기 후 1개월 이내 기간 : 최종 이율과 만기 시점 동일 상품 동일 계약기간의 신규 약정금리 중 낮은 금리를 적용
* 만기 후 1개월 초과 이후 기간 : 보통예금 이율(연 0.50%) 적용",우대사항 없음,1,제한없음,최소가입금액: 1만원 이상,,20260820,,202608201500,S,단리,S,정액적립식,6,3,3
030300,저축은행,2026-08-31T05:51:56+00:00,202608,0010471,페퍼저축은행,31-0027,"정기적금 (인터넷,스마트,비대면)","인터넷,스마트폰","* 만기 후 1개월 이내 기간 : 최종 이율과 만기 시점 동일 상품 동일 계약기간의 신규 약정금리 중 낮은 금리를 적용
* 만기 후 1개월 초과 이후 기간 : 보통예금 이율(연 0.50%) 적용",우대사항 없음,1,제한없음,최소가입금액: 1만원 이상,,20260820,,202608201500,S,단리,S,정액적립식,12,3.5,3.5
030300,저축은행,2026-08-31T05:51:56+00:00,202608,0010471,페퍼저축은행,31-0027,"정기적금 (인터넷,스마트,비대면)","인터넷,스마트폰","* 만기 후 1개월 이내 기간 : 최종 이율과 만기 시점 동일 상품 동일 계약기간의 신규 약정금리 중 낮은 금리를 적용
* 만기 후 1개월 초과 이후 기간 : 보통예금 이율(연 0.50%) 적용",우대사항 없음,1,제한없음,최소가입금액: 1만원 이상,,20260820,,202608201500,S,단리,S,정액적립식,24,3,3
030300,저축은행,2026-08-31T05:51:56+00:00,202608,0010471,페퍼저축은행,31-0027,"정기적금 (인터넷,스마트,비대면)","인터넷,스마트폰","* 만기 후 1개월 이내 기간 : 최종 이율과 만기 시점 동일 상품 동일 계약기간의 신규 약정금리 중 낮은 금리를 적용
* 만기 후 1개월 초과 이후 기간 : 보통예금 이율(연 0.50%) 적용",우대사항 없음,1,제한없음,최소가입금액: 1만원 이상,,20260820,,202608201500,S,단리,S,정액적립식,36,2.8,2.8
030300,저축은행,2026-08-31T05:51:56+00:00,202608,0010471,페퍼저축은행,31-0030,페퍼룰루 2030적금(비대면),스마트폰,"* 만기 후 1개월 이내 기간 : 당초 약정금리와 만기 시점 동일 상품 동일 계약기간의 신규 약정금리 중 낮은 금리를 적용
* 만기 후 1개월 초과 이후 기간 : 보통예금 이율(연 0.50%) 적용 납입지연,만기앞당김 이율: 기간별 가입당일 약정이율 적용","우대이율 최고 연1.5%적용(우대금리는 만기해지에 한해 조건충족시 적용)조건1)당행 입출금계좌에서 페퍼룰루2030적금 계좌로 6회이상 자동이체 시 1.0% 우대 조건2)마케팅 상품서비스안내(문자,전화 2개항목) 모두 동의 시(신규일부터 만기일까지 유지) 0.5%우대 *조건1,2,는 각각 적용 가능",1,"실명의 개인(1인1계좌, 당행입출금계좌 보유고객","비대면 전용, 기본이율 3.5%+우대이율 최고 1.5%(우대이율: 당행 입출금계좌에서 페퍼룰루 2030적금으로 6회 이상 자동이체 시, 1.0%, 마케팅 상품서비스 안내문자 전화동의시 0.5%), 가입자격: 1인1계좌 당행입출금계좌 보유고객, 가입기간 12개월, 가입금액: 1만원~30만원",300000,20260820,,202608201500,S,단리,S,정액적립식,12,3.5,3.5
030300,저축은행,2026-08-31T05:51:56+00:00,202608,0010471,페퍼저축은행,31-0031,페퍼스2030적금 (디지털페퍼앱),스마트폰,"-만기 후 1개월 이내 기간 : 당초 기본이율과 만기 시점 동일 상품 동일 계약기간의 신규 약정금리 중 낮은 금리를 적용 
-만기 후 1개월 초과 이후 기간 : 보통예금 이율(연 0.50%) 적용 
-납입지연,만기앞당김 이율 : 기간별 가입당일 약정이율 적용","-우대이율 최고 연1.5%적용(우대금리는 만기해지에 한해 조건충족시 적용)
조건1)당행 입출금계좌에서 페퍼스2030적금 계좌로 6회이상 자동이체 시 1.0% 우대 
조건2)마케팅 상품서비스 안내(문자,전화 2개항목) 모두 동의 시(신규일부터 만기일까지 유지) 0.5%우대 
*조건1,2,는 각각 적용 가능",1,"실명의 개인(1인1계좌, 당행입출금계좌 보유 고객)","비대면 전용, 기본이율 3.5%+우대이율 최고 1.5%(우대이율: 당행 입출금계좌에서 페퍼룰루 2030적금으로 6회이상 자동이체 시, 1.0%, 마케팅 상품서비스 안내문자 전화동의시 0.5%)
-가입자격: 1인1계좌 당행입출금계좌 보유고객
-가입기간 12개월
-가입금액: 1만원~30만원",300000,20260820,,202608201500,S,단리,S,정액적립식,12,3.5,3.5
030300,저축은행,2026-08-31T05:51:56+00:00,202608,0010471,페퍼저축은행,31-0032,페퍼스정기적금 (디지털페퍼앱),스마트폰,"* 만기 후 1개월 이내 기간 : 최종 이율과 만기 시점 동일 상품 동일 계약기간의 신규 약정금리 중 낮은 금리를 적용
* 만기 후 1개월 초과 이후 기간 : 보통예금 이율(연 0.50%) 적용",우대사항 없음,1,실명의 개인,"비대면 전용상품
최소가입금액: 1만원 이상",,20260820,,202608201500,S,단리,S,정액적립식,6,3,3
030300,저축은행,2026-08-31T05:51:56+00:00,202608,0010471,페퍼저축은행,31-0032,페퍼스정기적금 (디지털페퍼앱),스마트폰,"* 만기 후 1개월 이내 기간 : 최종 이율과 만기 시점 동일 상품 동일 계약기간의 신규 약정금리 중 낮은 금리를 적용
* 만기 후 1개월 초과 이후 기간 : 보통예금 이율(연 0.50%) 적용",우대사항 없음,1,실명의 개인,"비대면 전용상품
최소가입금액: 1만원 이상",,20260820,,202608201500,S,단리,S,정액적립식,12,3.5,3.5
030300,저축은행,2026-08-31T05:51:56+00:00,202608,0010471,페퍼저축은행,31-0032,페퍼스정기적금 (디지털페퍼앱),스마트폰,"* 만기 후 1개월 이내 기간 : 최종 이율과 만기 시점 동일 상품 동일 계약기간의 신규 약정금리 중 낮은 금리를 적용
* 만기 후 1개월 초과 이후 기간 : 보통예금 이율(연 0.50%) 적용",우대사항 없음,1,실명의 개인,"비대면 전용상품
최소가입금액: 1만원 이상",,20260820,,202608201500,S,단리,S,정액적립식,24,3,3
030300,저축은행,2026-08-31T05:51:56+00:00,202608,0010471,페퍼저축은행,31-0032,페퍼스정기적금 (디지털페퍼앱),스마트폰,"* 만기 후 1개월 이내 기간 : 최종 이율과 만기 시점 동일 상품 동일 계약기간의 신규 약정금리 중 낮은 금리를 적용
* 만기 후 1개월 초과 이후 기간 : 보통예금 이율(연 0.50%) 적용",우대사항 없음,1,실명의 개인,"비대면 전용상품
최소가입금액: 1만원 이상",,20260820,,202608201500,S,단리,S,정액적립식,36,2.8,2.8
030300,저축은행,2026-08-31T05:51:56+00:00,202608,0010460,평택저축은행,310010,정기적금,영업점,"1개월이내→약정금리 또는 만기시 정기적금이율 중 낮은금리 적용, 1개월 초과→보통예금이율",없음,1,제한없음,보호금융상품 1인당 최고 1억원,,20260820,,202608201500,S,단리,S,정액적립식,6,2.2,2.2
030300,저축은행,2026-08-31T05:51:56+00:00,202608,0010460,평택저축은행,310010,정기적금,영업점,"1개월이내→약정금리 또는 만기시 정기적금이율 중 낮은금리 적용, 1개월 초과→보통예금이율",없음,1,제한없음,보호금융상품 1인당 최고 1억원,,20260820,,202608201500,M,복리,S,정액적립식,6,2.2,2.2
030300,저축은행,2026-08-31T05:51:56+00:00,202608,0010460,평택저축은행,310010,정기적금,영업점,"1개월이내→약정금리 또는 만기시 정기적금이율 중 낮은금리 적용, 1개월 초과→보통예금이율",없음,1,제한없음,보호금융상품 1인당 최고 1억원,,20260820,,202608201500,S,단리,S,정액적립식,12,3.5,3.5
030300,저축은행,2026-08-31T05:51:56+00:00,202608,0010460,평택저축은행,310010,정기적금,영업점,"1개월이내→약정금리 또는 만기시 정기적금이율 중 낮은금리 적용, 1개월 초과→보통예금이율",없음,1,제한없음,보호금융상품 1인당 최고 1억원,,20260820,,202608201500,M,복리,S,정액적립식,12,3.5,3.5
030300,저축은행,2026-08-31T05:51:56+00:00,202608,0010460,평택저축은행,310010,정기적금,영업점,"1개월이내→약정금리 또는 만기시 정기적금이율 중 낮은금리 적용, 1개월 초과→보통예금이율",없음,1,제한없음,보호금융상품 1인당 최고 1억원,,20260820,,202608201500,S,단리,S,정액적립식,24,3.1,3.1
030300,저축은행,2026-08-31T05:51:56+00:00,202608,0010460,평택저축은행,310010,정기적금,영업점,"1개월이내→약정금리 또는 만기시 정기적금이율 중 낮은금리 적용, 1개월 초과→보통예금이율",없음,1,제한없음,보호금융상품 1인당 최고 1억원,,20260820,,202608201500,M,복리,S,정액적립식,24,3.1,3.1
030300,저축은행,2026-08-31T05:51:56+00:00,202608,0010460,평택저축은행,310010,정기적금,영업점,"1개월이내→약정금리 또는 만기시 정기적금이율 중 낮은금리 적용, 1개월 초과→보통예금이율",없음,1,제한없음,보호금융상품 1인당 최고 1억원,,20260820,,202608201500,S,단리,S,정액적립식,36,3,3
030300,저축은행,2026-08-31T05:51:56+00:00,202608,0010460,평택저축은행,310010,정기적금,영업점,"1개월이내→약정금리 또는 만기시 정기적금이율 중 낮은금리 적용, 1개월 초과→보통예금이율",없음,1,제한없음,보호금융상품 1인당 최고 1억원,,20260820,,202608201500,M,복리,S,정액적립식,36,3,3
030300,저축은행,2026-08-31T05:51:56+00:00,202608,0010460,평택저축은행,310013,정기적금-모바일,스마트폰,"1개월이내→약정금리 또는 만기시 정기적금이율 중 낮은금리 적용, 1개월 초과→보통예금이율",없음,1,제한없음,보호금융상품 1인당 최고 5천만원,,20260820,,202608201500,S,단리,S,정액적립식,6,2.2,2.2
030300,저축은행,2026-08-31T05:51:56+00:00,202608,0010460,평택저축은행,310013,정기적금-모바일,스마트폰,"1개월이내→약정금리 또는 만기시 정기적금이율 중 낮은금리 적용, 1개월 초과→보통예금이율",없음,1,제한없음,보호금융상품 1인당 최고 5천만원,,20260820,,202608201500,M,복리,S,정액적립식,6,2.2,2.2
030300,저축은행,2026-08-31T05:51:56+00:00,202608,0010460,평택저축은행,310013,정기적금-모바일,스마트폰,"1개월이내→약정금리 또는 만기시 정기적금이율 중 낮은금리 적용, 1개월 초과→보통예금이율",없음,1,제한없음,보호금융상품 1인당 최고 5천만원,,20260820,,202608201500,S,단리,S,정액적립식,12,3.2,3.2
030300,저축은행,2026-08-31T05:51:56+00:00,202608,0010460,평택저축은행,310013,정기적금-모바일,스마트폰,"1개월이내→약정금리 또는 만기시 정기적금이율 중 낮은금리 적용, 1개월 초과→보통예금이율",없음,1,제한없음,보호금융상품 1인당 최고 5천만원,,20260820,,202608201500,M,복리,S,정액적립식,12,3.2,3.2
030300,저축은행,2026-08-31T05:51:56+00:00,202608,0010460,평택저축은행,310013,정기적금-모바일,스마트폰,"1개월이내→약정금리 또는 만기시 정기적금이율 중 낮은금리 적용, 1개월 초과→보통예금이율",없음,1,제한없음,보호금융상품 1인당 최고 5천만원,,20260820,,202608201500,S,단리,S,정액적립식,24,3.1,3.1
030300,저축은행,2026-08-31T05:51:56+00:00,202608,0010460,평택저축은행,310013,정기적금-모바일,스마트폰,"1개월이내→약정금리 또는 만기시 정기적금이율 중 낮은금리 적용, 1개월 초과→보통예금이율",없음,1,제한없음,보호금융상품 1인당 최고 5천만원,,20260820,,202608201500,M,복리,S,정액적립식,24,3.1,3.1
030300,저축은행,2026-08-31T05:51:56+00:00,202608,0010460,평택저축은행,310013,정기적금-모바일,스마트폰,"1개월이내→약정금리 또는 만기시 정기적금이율 중 낮은금리 적용, 1개월 초과→보통예금이율",없음,1,제한없음,보호금융상품 1인당 최고 5천만원,,20260820,,202608201500,S,단리,S,정액적립식,36,3,3
030300,저축은행,2026-08-31T05:51:56+00:00,202608,0010460,평택저축은행,310013,정기적금-모바일,스마트폰,"1개월이내→약정금리 또는 만기시 정기적금이율 중 낮은금리 적용, 1개월 초과→보통예금이율",없음,1,제한없음,보호금융상품 1인당 최고 5천만원,,20260820,,202608201500,M,복리,S,정액적립식,36,3,3
030300,저축은행,2026-08-31T05:51:56+00:00,202608,0010460,평택저축은행,310011,정기적금-인터넷,인터넷,"1개월이내→약정금리 또는 만기시 정기적금이율 중 낮은금리 적용, 1개월 초과→보통예금이율",없음,1,제한없음,보호금융상품 1인당 최고 1억원,,20260820,,202608201500,S,단리,S,정액적립식,6,2.2,2.2
030300,저축은행,2026-08-31T05:51:56+00:00,202608,0010460,평택저축은행,310011,정기적금-인터넷,인터넷,"1개월이내→약정금리 또는 만기시 정기적금이율 중 낮은금리 적용, 1개월 초과→보통예금이율",없음,1,제한없음,보호금융상품 1인당 최고 1억원,,20260820,,202608201500,M,복리,S,정액적립식,6,2.2,2.2
030300,저축은행,2026-08-31T05:51:56+00:00,202608,0010460,평택저축은행,310011,정기적금-인터넷,인터넷,"1개월이내→약정금리 또는 만기시 정기적금이율 중 낮은금리 적용, 1개월 초과→보통예금이율",없음,1,제한없음,보호금융상품 1인당 최고 1억원,,20260820,,202608201500,S,단리,S,정액적립식,12,3.5,3.5
030300,저축은행,2026-08-31T05:51:56+00:00,202608,0010460,평택저축은행,310011,정기적금-인터넷,인터넷,"1개월이내→약정금리 또는 만기시 정기적금이율 중 낮은금리 적용, 1개월 초과→보통예금이율",없음,1,제한없음,보호금융상품 1인당 최고 1억원,,20260820,,202608201500,M,복리,S,정액적립식,12,3.5,3.5
030300,저축은행,2026-08-31T05:51:56+00:00,202608,0010460,평택저축은행,310011,정기적금-인터넷,인터넷,"1개월이내→약정금리 또는 만기시 정기적금이율 중 낮은금리 적용, 1개월 초과→보통예금이율",없음,1,제한없음,보호금융상품 1인당 최고 1억원,,20260820,,202608201500,S,단리,S,정액적립식,24,3.1,3.1
030300,저축은행,2026-08-31T05:51:56+00:00,202608,0010460,평택저축은행,310011,정기적금-인터넷,인터넷,"1개월이내→약정금리 또는 만기시 정기적금이율 중 낮은금리 적용, 1개월 초과→보통예금이율",없음,1,제한없음,보호금융상품 1인당 최고 1억원,,20260820,,202608201500,M,복리,S,정액적립식,24,3.1,3.1
030300,저축은행,2026-08-31T05:51:56+00:00,202608,0010460,평택저축은행,310011,정기적금-인터넷,인터넷,"1개월이내→약정금리 또는 만기시 정기적금이율 중 낮은금리 적용, 1개월 초과→보통예금이율",없음,1,제한없음,보호금융상품 1인당 최고 1억원,,20260820,,202608201500,S,단리,S,정액적립식,36,3,3
030300,저축은행,2026-08-31T05:51:56+00:00,202608,0010460,평택저축은행,310011,정기적금-인터넷,인터넷,"1개월이내→약정금리 또는 만기시 정기적금이율 중 낮은금리 적용, 1개월 초과→보통예금이율",없음,1,제한없음,보호금융상품 1인당 최고 1억원,,20260820,,202608201500,M,복리,S,정액적립식,36,3,3
030300,저축은행,2026-08-31T05:51:56+00:00,202608,0010356,푸른저축은행,2001,푸른 정기적금,"영업점,인터넷,스마트폰","만기 후 보통예금 금리에 연동
(단, 만기 1개월 경과시점까지는 약정금리와 동일상품의 만기시점 고시금리 중 낮은 금리 적용)",없음,1,제한없음,"- 중도해지금리
1개월 미만 : 0.20%,
6개월 미만 : 1.90%, 
12개월 미만 : 2.27%,
12개월 이상 : 2.30%",,20260820,,202608201500,S,단리,S,정액적립식,6,3.8,3.8
030300,저축은행,2026-08-31T05:51:56+00:00,202608,0010356,푸른저축은행,2001,푸른 정기적금,"영업점,인터넷,스마트폰","만기 후 보통예금 금리에 연동
(단, 만기 1개월 경과시점까지는 약정금리와 동일상품의 만기시점 고시금리 중 낮은 금리 적용)",없음,1,제한없음,"- 중도해지금리
1개월 미만 : 0.20%,
6개월 미만 : 1.90%, 
12개월 미만 : 2.27%,
12개월 이상 : 2.30%",,20260820,,202608201500,S,단리,S,정액적립식,12,4.2,4.2
030300,저축은행,2026-08-31T05:51:56+00:00,202608,0010356,푸른저축은행,2001,푸른 정기적금,"영업점,인터넷,스마트폰","만기 후 보통예금 금리에 연동
(단, 만기 1개월 경과시점까지는 약정금리와 동일상품의 만기시점 고시금리 중 낮은 금리 적용)",없음,1,제한없음,"- 중도해지금리
1개월 미만 : 0.20%,
6개월 미만 : 1.90%, 
12개월 미만 : 2.27%,
12개월 이상 : 2.30%",,20260820,,202608201500,S,단리,S,정액적립식,24,4.2,4.2
030300,저축은행,2026-08-31T05:51:56+00:00,202608,0010356,푸른저축은행,2002,프리스타일 적금,"영업점,인터넷,스마트폰","만기 후 보통예금 금리에 연동
(단, 만기 1개월 경과시점까지는 약정금리와 동일상품의 만기시점 고시금리 중 낮은 금리 적용)",없음,1,개인,"- 중도해지금리
1개월 미만 : 0.20%,
3개월 미만 : 1.60%,
6개월 미만 : 1.85%, 
12개월 미만 : 1.94%,
12개월 이상 : 1.95% 

- 1인 1계좌만 가능
- 최고한도 : 5억원",500000000,20260820,,202608201500,S,단리,F,자유적립식,12,3.7,3.7
030300,저축은행,2026-08-31T05:51:56+00:00,202608,0010356,푸른저축은행,2002,프리스타일 적금,"영업점,인터넷,스마트폰","만기 후 보통예금 금리에 연동
(단, 만기 1개월 경과시점까지는 약정금리와 동일상품의 만기시점 고시금리 중 낮은 금리 적용)",없음,1,개인,"- 중도해지금리
1개월 미만 : 0.20%,
3개월 미만 : 1.60%,
6개월 미만 : 1.85%, 
12개월 미만 : 1.94%,
12개월 이상 : 1.95% 

- 1인 1계좌만 가능
- 최고한도 : 5억원",500000000,20260820,,202608201500,S,단리,F,자유적립식,24,3.7,3.7
030300,저축은행,2026-08-31T05:51:56+00:00,202608,0013166,하나저축은행,310002,1Q비대면정기적금,"인터넷,스마트폰","-1개월 이내 :가입 당시 약정금리
-1개월 초과 : 현행 고시 보통예금 금리",없음,1,제한없음,"1..최저 가입금액 : 1만원이상

2. 중도해지금리
-1개월미만 : 보통예금 금리 
-1개월이상 : 약정금리 * (경과월수 / 계약월수)*차등율

-1개월이상~12개월미만(차등율:60%)
-12개월이상~24개월미만(차등율:70%)
-24개월 이상(차등율 80%)",,20260820,,202608201500,M,복리,S,정액적립식,6,2.7,2.7
030300,저축은행,2026-08-31T05:51:56+00:00,202608,0013166,하나저축은행,310002,1Q비대면정기적금,"인터넷,스마트폰","-1개월 이내 :가입 당시 약정금리
-1개월 초과 : 현행 고시 보통예금 금리",없음,1,제한없음,"1..최저 가입금액 : 1만원이상

2. 중도해지금리
-1개월미만 : 보통예금 금리 
-1개월이상 : 약정금리 * (경과월수 / 계약월수)*차등율

-1개월이상~12개월미만(차등율:60%)
-12개월이상~24개월미만(차등율:70%)
-24개월 이상(차등율 80%)",,20260820,,202608201500,S,단리,S,정액적립식,6,2.7,2.7
030300,저축은행,2026-08-31T05:51:56+00:00,202608,0013166,하나저축은행,310002,1Q비대면정기적금,"인터넷,스마트폰","-1개월 이내 :가입 당시 약정금리
-1개월 초과 : 현행 고시 보통예금 금리",없음,1,제한없음,"1..최저 가입금액 : 1만원이상

2. 중도해지금리
-1개월미만 : 보통예금 금리 
-1개월이상 : 약정금리 * (경과월수 / 계약월수)*차등율

-1개월이상~12개월미만(차등율:60%)
-12개월이상~24개월미만(차등율:70%)
-24개월 이상(차등율 80%)",,20260820,,202608201500,M,복리,S,정액적립식,12,3.5,3.5
030300,저축은행,2026-08-31T05:51:56+00:00,202608,0013166,하나저축은행,310002,1Q비대면정기적금,"인터넷,스마트폰","-1개월 이내 :가입 당시 약정금리
-1개월 초과 : 현행 고시 보통예금 금리",없음,1,제한없음,"1..최저 가입금액 : 1만원이상

2. 중도해지금리
-1개월미만 : 보통예금 금리 
-1개월이상 : 약정금리 * (경과월수 / 계약월수)*차등율

-1개월이상~12개월미만(차등율:60%)
-12개월이상~24개월미만(차등율:70%)
-24개월 이상(차등율 80%)",,20260820,,202608201500,S,단리,S,정액적립식,12,3.5,3.5
030300,저축은행,2026-08-31T05:51:56+00:00,202608,0013166,하나저축은행,310002,1Q비대면정기적금,"인터넷,스마트폰","-1개월 이내 :가입 당시 약정금리
-1개월 초과 : 현행 고시 보통예금 금리",없음,1,제한없음,"1..최저 가입금액 : 1만원이상

2. 중도해지금리
-1개월미만 : 보통예금 금리 
-1개월이상 : 약정금리 * (경과월수 / 계약월수)*차등율

-1개월이상~12개월미만(차등율:60%)
-12개월이상~24개월미만(차등율:70%)
-24개월 이상(차등율 80%)",,20260820,,202608201500,M,복리,S,정액적립식,24,3.3,3.3
030300,저축은행,2026-08-31T05:51:56+00:00,202608,0013166,하나저축은행,310002,1Q비대면정기적금,"인터넷,스마트폰","-1개월 이내 :가입 당시 약정금리
-1개월 초과 : 현행 고시 보통예금 금리",없음,1,제한없음,"1..최저 가입금액 : 1만원이상

2. 중도해지금리
-1개월미만 : 보통예금 금리 
-1개월이상 : 약정금리 * (경과월수 / 계약월수)*차등율

-1개월이상~12개월미만(차등율:60%)
-12개월이상~24개월미만(차등율:70%)
-24개월 이상(차등율 80%)",,20260820,,202608201500,S,단리,S,정액적립식,24,3.3,3.3
030300,저축은행,2026-08-31T05:51:56+00:00,202608,0013166,하나저축은행,310002,1Q비대면정기적금,"인터넷,스마트폰","-1개월 이내 :가입 당시 약정금리
-1개월 초과 : 현행 고시 보통예금 금리",없음,1,제한없음,"1..최저 가입금액 : 1만원이상

2. 중도해지금리
-1개월미만 : 보통예금 금리 
-1개월이상 : 약정금리 * (경과월수 / 계약월수)*차등율

-1개월이상~12개월미만(차등율:60%)
-12개월이상~24개월미만(차등율:70%)
-24개월 이상(차등율 80%)",,20260820,,202608201500,M,복리,S,정액적립식,36,3.3,3.3
030300,저축은행,2026-08-31T05:51:56+00:00,202608,0013166,하나저축은행,310002,1Q비대면정기적금,"인터넷,스마트폰","-1개월 이내 :가입 당시 약정금리
-1개월 초과 : 현행 고시 보통예금 금리",없음,1,제한없음,"1..최저 가입금액 : 1만원이상

2. 중도해지금리
-1개월미만 : 보통예금 금리 
-1개월이상 : 약정금리 * (경과월수 / 계약월수)*차등율

-1개월이상~12개월미만(차등율:60%)
-12개월이상~24개월미만(차등율:70%)
-24개월 이상(차등율 80%)",,20260820,,202608201500,S,단리,S,정액적립식,36,3.3,3.3
030300,저축은행,2026-08-31T05:51:56+00:00,202608,0013166,하나저축은행,310001,정기적금,"영업점,인터넷,스마트폰","-1개월 이내 :가입 당시 약정금리
-1개월 초과 : 현행 고시 보통예금 금리","* 최고우대금리 : 2.4%
- 인터넷/스마트뱅킹/모바일브랜치/SB톡톡(비대면)가입시 : 0.1%

사회적배려대상 고객가입시 (영업점 가입,1인 1계좌(활동좌),월 불입금 50만원 까지)
:2.4%

※ 단위는 연%p",1,제한없음,"1..최저 가입금액 : 1만원이상

2. 중도해지금리
-1개월미만 : 보통예금 금리 
-1개월이상 : 약정금리 * (경과월수 / 계약월수)*차등율

-1개월이상~12개월미만(차등율:60%)
-12개월이상~24개월미만(차등율:70%)
-24개월 이상(차등율 80%)",,20260820,,202608201500,S,단리,S,정액적립식,6,2.6,2.7
030300,저축은행,2026-08-31T05:51:56+00:00,202608,0013166,하나저축은행,310001,정기적금,"영업점,인터넷,스마트폰","-1개월 이내 :가입 당시 약정금리
-1개월 초과 : 현행 고시 보통예금 금리","* 최고우대금리 : 2.4%
- 인터넷/스마트뱅킹/모바일브랜치/SB톡톡(비대면)가입시 : 0.1%

사회적배려대상 고객가입시 (영업점 가입,1인 1계좌(활동좌),월 불입금 50만원 까지)
:2.4%

※ 단위는 연%p",1,제한없음,"1..최저 가입금액 : 1만원이상

2. 중도해지금리
-1개월미만 : 보통예금 금리 
-1개월이상 : 약정금리 * (경과월수 / 계약월수)*차등율

-1개월이상~12개월미만(차등율:60%)
-12개월이상~24개월미만(차등율:70%)
-24개월 이상(차등율 80%)",,20260820,,202608201500,M,복리,S,정액적립식,6,2.6,2.7
030300,저축은행,2026-08-31T05:51:56+00:00,202608,0013166,하나저축은행,310001,정기적금,"영업점,인터넷,스마트폰","-1개월 이내 :가입 당시 약정금리
-1개월 초과 : 현행 고시 보통예금 금리","* 최고우대금리 : 2.4%
- 인터넷/스마트뱅킹/모바일브랜치/SB톡톡(비대면)가입시 : 0.1%

사회적배려대상 고객가입시 (영업점 가입,1인 1계좌(활동좌),월 불입금 50만원 까지)
:2.4%

※ 단위는 연%p",1,제한없음,"1..최저 가입금액 : 1만원이상

2. 중도해지금리
-1개월미만 : 보통예금 금리 
-1개월이상 : 약정금리 * (경과월수 / 계약월수)*차등율

-1개월이상~12개월미만(차등율:60%)
-12개월이상~24개월미만(차등율:70%)
-24개월 이상(차등율 80%)",,20260820,,202608201500,S,단리,S,정액적립식,12,3.4,5.8
030300,저축은행,2026-08-31T05:51:56+00:00,202608,0013166,하나저축은행,310001,정기적금,"영업점,인터넷,스마트폰","-1개월 이내 :가입 당시 약정금리
-1개월 초과 : 현행 고시 보통예금 금리","* 최고우대금리 : 2.4%
- 인터넷/스마트뱅킹/모바일브랜치/SB톡톡(비대면)가입시 : 0.1%

사회적배려대상 고객가입시 (영업점 가입,1인 1계좌(활동좌),월 불입금 50만원 까지)
:2.4%

※ 단위는 연%p",1,제한없음,"1..최저 가입금액 : 1만원이상

2. 중도해지금리
-1개월미만 : 보통예금 금리 
-1개월이상 : 약정금리 * (경과월수 / 계약월수)*차등율

-1개월이상~12개월미만(차등율:60%)
-12개월이상~24개월미만(차등율:70%)
-24개월 이상(차등율 80%)",,20260820,,202608201500,M,복리,S,정액적립식,12,3.4,5.8
030300,저축은행,2026-08-31T05:51:56+00:00,202608,0013166,하나저축은행,310001,정기적금,"영업점,인터넷,스마트폰","-1개월 이내 :가입 당시 약정금리
-1개월 초과 : 현행 고시 보통예금 금리","* 최고우대금리 : 2.4%
- 인터넷/스마트뱅킹/모바일브랜치/SB톡톡(비대면)가입시 : 0.1%

사회적배려대상 고객가입시 (영업점 가입,1인 1계좌(활동좌),월 불입금 50만원 까지)
:2.4%

※ 단위는 연%p",1,제한없음,"1..최저 가입금액 : 1만원이상

2. 중도해지금리
-1개월미만 : 보통예금 금리 
-1개월이상 : 약정금리 * (경과월수 / 계약월수)*차등율

-1개월이상~12개월미만(차등율:60%)
-12개월이상~24개월미만(차등율:70%)
-24개월 이상(차등율 80%)",,20260820,,202608201500,S,단리,S,정액적립식,24,3.2,3.3
030300,저축은행,2026-08-31T05:51:56+00:00,202608,0013166,하나저축은행,310001,정기적금,"영업점,인터넷,스마트폰","-1개월 이내 :가입 당시 약정금리
-1개월 초과 : 현행 고시 보통예금 금리","* 최고우대금리 : 2.4%
- 인터넷/스마트뱅킹/모바일브랜치/SB톡톡(비대면)가입시 : 0.1%

사회적배려대상 고객가입시 (영업점 가입,1인 1계좌(활동좌),월 불입금 50만원 까지)
:2.4%

※ 단위는 연%p",1,제한없음,"1..최저 가입금액 : 1만원이상

2. 중도해지금리
-1개월미만 : 보통예금 금리 
-1개월이상 : 약정금리 * (경과월수 / 계약월수)*차등율

-1개월이상~12개월미만(차등율:60%)
-12개월이상~24개월미만(차등율:70%)
-24개월 이상(차등율 80%)",,20260820,,202608201500,M,복리,S,정액적립식,24,3.2,3.3
030300,저축은행,2026-08-31T05:51:56+00:00,202608,0013166,하나저축은행,310001,정기적금,"영업점,인터넷,스마트폰","-1개월 이내 :가입 당시 약정금리
-1개월 초과 : 현행 고시 보통예금 금리","* 최고우대금리 : 2.4%
- 인터넷/스마트뱅킹/모바일브랜치/SB톡톡(비대면)가입시 : 0.1%

사회적배려대상 고객가입시 (영업점 가입,1인 1계좌(활동좌),월 불입금 50만원 까지)
:2.4%

※ 단위는 연%p",1,제한없음,"1..최저 가입금액 : 1만원이상

2. 중도해지금리
-1개월미만 : 보통예금 금리 
-1개월이상 : 약정금리 * (경과월수 / 계약월수)*차등율

-1개월이상~12개월미만(차등율:60%)
-12개월이상~24개월미만(차등율:70%)
-24개월 이상(차등율 80%)",,20260820,,202608201500,S,단리,S,정액적립식,36,3.2,3.3
030300,저축은행,2026-08-31T05:51:56+00:00,202608,0013166,하나저축은행,310001,정기적금,"영업점,인터넷,스마트폰","-1개월 이내 :가입 당시 약정금리
-1개월 초과 : 현행 고시 보통예금 금리","* 최고우대금리 : 2.4%
- 인터넷/스마트뱅킹/모바일브랜치/SB톡톡(비대면)가입시 : 0.1%

사회적배려대상 고객가입시 (영업점 가입,1인 1계좌(활동좌),월 불입금 50만원 까지)
:2.4%

※ 단위는 연%p",1,제한없음,"1..최저 가입금액 : 1만원이상

2. 중도해지금리
-1개월미만 : 보통예금 금리 
-1개월이상 : 약정금리 * (경과월수 / 계약월수)*차등율

-1개월이상~12개월미만(차등율:60%)
-12개월이상~24개월미만(차등율:70%)
-24개월 이상(차등율 80%)",,20260820,,202608201500,M,복리,S,정액적립식,36,3.2,3.3
030300,저축은행,2026-08-31T05:51:56+00:00,202608,0013166,하나저축은행,240010,파란 하늘 정기적금,"영업점,인터넷,스마트폰","-1개월 이내 :가입 당시 약정금리
-1개월 초과 : 현행 고시 보통예금 금리","당 저축은행 APP 월1회 이상 로그인 기록 횟수에 따라 차등적용+2.0%
(7회~9회:0.5%/10회~11회:1.0%/ 12회이상:2.0%)
*월 최대 로그인 기록은 1회로 제한 적용(ex.12월 3회 로그인→12월 실적 1회 인정)
당 저축은행 개인(신용)정보 수집·이용 제공동의(상품서비스 안내 등) 및 상품서비스 안내수단 전체 동의 시 1.0%",3,"개인(1인,1계좌에 한함_활동좌기준)","1.6개월 유지시 중도해지 시점 적용된 기본금리+우대금리 이자를 지급하는 정기적금

2. 가입금액 : 1만원이상~100만원이하

3. 중도해지금리
-1개월미만 : 보통예금 금리 
-1개월이상~6개월 미만
약정금리x(경과월수/계약월수)x60%
(최저금리 : 약정금리 * 50%)

-6개월 이상: 해지시점 기본금리+우대금리",1000000,20260820,,202608201500,S,단리,S,정액적립식,12,2,5
030300,저축은행,2026-08-31T05:51:56+00:00,202608,0013166,하나저축은행,240010,파란 하늘 정기적금,"영업점,인터넷,스마트폰","-1개월 이내 :가입 당시 약정금리
-1개월 초과 : 현행 고시 보통예금 금리","당 저축은행 APP 월1회 이상 로그인 기록 횟수에 따라 차등적용+2.0%
(7회~9회:0.5%/10회~11회:1.0%/ 12회이상:2.0%)
*월 최대 로그인 기록은 1회로 제한 적용(ex.12월 3회 로그인→12월 실적 1회 인정)
당 저축은행 개인(신용)정보 수집·이용 제공동의(상품서비스 안내 등) 및 상품서비스 안내수단 전체 동의 시 1.0%",3,"개인(1인,1계좌에 한함_활동좌기준)","1.6개월 유지시 중도해지 시점 적용된 기본금리+우대금리 이자를 지급하는 정기적금

2. 가입금액 : 1만원이상~100만원이하

3. 중도해지금리
-1개월미만 : 보통예금 금리 
-1개월이상~6개월 미만
약정금리x(경과월수/계약월수)x60%
(최저금리 : 약정금리 * 50%)

-6개월 이상: 해지시점 기본금리+우대금리",1000000,20260820,,202608201500,M,복리,S,정액적립식,12,2,5
030300,저축은행,2026-08-31T05:51:56+00:00,202608,0013166,하나저축은행,240010,파란 하늘 정기적금,"영업점,인터넷,스마트폰","-1개월 이내 :가입 당시 약정금리
-1개월 초과 : 현행 고시 보통예금 금리","당 저축은행 APP 월1회 이상 로그인 기록 횟수에 따라 차등적용+2.0%
(7회~9회:0.5%/10회~11회:1.0%/ 12회이상:2.0%)
*월 최대 로그인 기록은 1회로 제한 적용(ex.12월 3회 로그인→12월 실적 1회 인정)
당 저축은행 개인(신용)정보 수집·이용 제공동의(상품서비스 안내 등) 및 상품서비스 안내수단 전체 동의 시 1.0%",3,"개인(1인,1계좌에 한함_활동좌기준)","1.6개월 유지시 중도해지 시점 적용된 기본금리+우대금리 이자를 지급하는 정기적금

2. 가입금액 : 1만원이상~100만원이하

3. 중도해지금리
-1개월미만 : 보통예금 금리 
-1개월이상~6개월 미만
약정금리x(경과월수/계약월수)x60%
(최저금리 : 약정금리 * 50%)

-6개월 이상: 해지시점 기본금리+우대금리",1000000,20260820,,202608201500,S,단리,S,정액적립식,24,2,5
030300,저축은행,2026-08-31T05:51:56+00:00,202608,0013166,하나저축은행,240010,파란 하늘 정기적금,"영업점,인터넷,스마트폰","-1개월 이내 :가입 당시 약정금리
-1개월 초과 : 현행 고시 보통예금 금리","당 저축은행 APP 월1회 이상 로그인 기록 횟수에 따라 차등적용+2.0%
(7회~9회:0.5%/10회~11회:1.0%/ 12회이상:2.0%)
*월 최대 로그인 기록은 1회로 제한 적용(ex.12월 3회 로그인→12월 실적 1회 인정)
당 저축은행 개인(신용)정보 수집·이용 제공동의(상품서비스 안내 등) 및 상품서비스 안내수단 전체 동의 시 1.0%",3,"개인(1인,1계좌에 한함_활동좌기준)","1.6개월 유지시 중도해지 시점 적용된 기본금리+우대금리 이자를 지급하는 정기적금

2. 가입금액 : 1만원이상~100만원이하

3. 중도해지금리
-1개월미만 : 보통예금 금리 
-1개월이상~6개월 미만
약정금리x(경과월수/계약월수)x60%
(최저금리 : 약정금리 * 50%)

-6개월 이상: 해지시점 기본금리+우대금리",1000000,20260820,,202608201500,M,복리,S,정액적립식,24,2,5
030300,저축은행,2026-08-31T05:51:56+00:00,202608,0010537,한국투자저축은행,310005,한투 ACE e-정기적금,"인터넷,스마트폰","- 1개월 이하 : 당초 약정이율과 만기시점 해당상품 신규기본이율 중 낮은 이율
- 1개월 초과 : 연 0.2%",없음,1,제한없음,계약금액 1만원이상(월부금제한없음),,20260820,,202608201500,S,단리,S,정액적립식,6,3.1,3.1
030300,저축은행,2026-08-31T05:51:56+00:00,202608,0010537,한국투자저축은행,310005,한투 ACE e-정기적금,"인터넷,스마트폰","- 1개월 이하 : 당초 약정이율과 만기시점 해당상품 신규기본이율 중 낮은 이율
- 1개월 초과 : 연 0.2%",없음,1,제한없음,계약금액 1만원이상(월부금제한없음),,20260820,,202608201500,S,단리,S,정액적립식,12,3.9,3.9
030300,저축은행,2026-08-31T05:51:56+00:00,202608,0010537,한국투자저축은행,310005,한투 ACE e-정기적금,"인터넷,스마트폰","- 1개월 이하 : 당초 약정이율과 만기시점 해당상품 신규기본이율 중 낮은 이율
- 1개월 초과 : 연 0.2%",없음,1,제한없음,계약금액 1만원이상(월부금제한없음),,20260820,,202608201500,S,단리,S,정액적립식,24,3.7,3.7
030300,저축은행,2026-08-31T05:51:56+00:00,202608,0010537,한국투자저축은행,310005,한투 ACE e-정기적금,"인터넷,스마트폰","- 1개월 이하 : 당초 약정이율과 만기시점 해당상품 신규기본이율 중 낮은 이율
- 1개월 초과 : 연 0.2%",없음,1,제한없음,계약금액 1만원이상(월부금제한없음),,20260820,,202608201500,S,단리,S,정액적립식,36,3.4,3.4
030300,저축은행,2026-08-31T05:51:56+00:00,202608,0010537,한국투자저축은행,310006,한투 ACE e-정기적금(자유적립식),"인터넷,스마트폰","- 1개월 이하 : 당초 약정이율과 만기시점 해당상품 신규기본이율 중 낮은 이율
- 1개월 초과 : 연 0.2%",없음,1,제한없음,계약금액 1만원이상(초입금 납입한도금액내 자유불입.단 2회차부터는 매월 입금합계액이 가입한도의 10/100 초과할수 없음),,20260820,,202608201500,S,단리,F,자유적립식,6,2.3,2.3
030300,저축은행,2026-08-31T05:51:56+00:00,202608,0010537,한국투자저축은행,310006,한투 ACE e-정기적금(자유적립식),"인터넷,스마트폰","- 1개월 이하 : 당초 약정이율과 만기시점 해당상품 신규기본이율 중 낮은 이율
- 1개월 초과 : 연 0.2%",없음,1,제한없음,계약금액 1만원이상(초입금 납입한도금액내 자유불입.단 2회차부터는 매월 입금합계액이 가입한도의 10/100 초과할수 없음),,20260820,,202608201500,S,단리,F,자유적립식,12,3.65,3.65
030300,저축은행,2026-08-31T05:51:56+00:00,202608,0010537,한국투자저축은행,310006,한투 ACE e-정기적금(자유적립식),"인터넷,스마트폰","- 1개월 이하 : 당초 약정이율과 만기시점 해당상품 신규기본이율 중 낮은 이율
- 1개월 초과 : 연 0.2%",없음,1,제한없음,계약금액 1만원이상(초입금 납입한도금액내 자유불입.단 2회차부터는 매월 입금합계액이 가입한도의 10/100 초과할수 없음),,20260820,,202608201500,S,단리,F,자유적립식,24,2,2
030300,저축은행,2026-08-31T05:51:56+00:00,202608,0010537,한국투자저축은행,310006,한투 ACE e-정기적금(자유적립식),"인터넷,스마트폰","- 1개월 이하 : 당초 약정이율과 만기시점 해당상품 신규기본이율 중 낮은 이율
- 1개월 초과 : 연 0.2%",없음,1,제한없음,계약금액 1만원이상(초입금 납입한도금액내 자유불입.단 2회차부터는 매월 입금합계액이 가입한도의 10/100 초과할수 없음),,20260820,,202608201500,S,단리,F,자유적립식,36,2,2
030300,저축은행,2026-08-31T05:51:56+00:00,202608,0010537,한국투자저축은행,310030,한투 ACE m-정기적금,스마트폰,"- 1개월 이하 : 당초 약정이율과 만기시점 해당상품 신규기본이율 중 낮은 이율
- 1개월 초과 : 연 0.2%",없음,1,"만19세 이상, 실명의 내국인(개인)",계약금액 1만원이상(월부금제한없음),,20260820,,202608201500,S,단리,S,정액적립식,6,3.1,3.1
030300,저축은행,2026-08-31T05:51:56+00:00,202608,0010537,한국투자저축은행,310030,한투 ACE m-정기적금,스마트폰,"- 1개월 이하 : 당초 약정이율과 만기시점 해당상품 신규기본이율 중 낮은 이율
- 1개월 초과 : 연 0.2%",없음,1,"만19세 이상, 실명의 내국인(개인)",계약금액 1만원이상(월부금제한없음),,20260820,,202608201500,S,단리,S,정액적립식,12,3.9,3.9
030300,저축은행,2026-08-31T05:51:56+00:00,202608,0010537,한국투자저축은행,310030,한투 ACE m-정기적금,스마트폰,"- 1개월 이하 : 당초 약정이율과 만기시점 해당상품 신규기본이율 중 낮은 이율
- 1개월 초과 : 연 0.2%",없음,1,"만19세 이상, 실명의 내국인(개인)",계약금액 1만원이상(월부금제한없음),,20260820,,202608201500,S,단리,S,정액적립식,24,3.7,3.7
030300,저축은행,2026-08-31T05:51:56+00:00,202608,0010537,한국투자저축은행,310030,한투 ACE m-정기적금,스마트폰,"- 1개월 이하 : 당초 약정이율과 만기시점 해당상품 신규기본이율 중 낮은 이율
- 1개월 초과 : 연 0.2%",없음,1,"만19세 이상, 실명의 내국인(개인)",계약금액 1만원이상(월부금제한없음),,20260820,,202608201500,S,단리,S,정액적립식,36,3.4,3.4
030300,저축은행,2026-08-31T05:51:56+00:00,202608,0010537,한국투자저축은행,310031,한투 ACE m-정기적금(자유적립식),스마트폰,"- 1개월 이하 : 당초 약정이율과 만기시점 해당상품 신규기본이율 중 낮은 이율
- 1개월 초과 : 연 0.2%",없음,1,"만19세 이상, 실명의 내국인(개인)",계약금액 1만원이상(초입금 납입한도금액내 자유불입.단 2회차부터는 매월 입금합계액이 가입한도의 10/100 초과할수 없음),,20260820,,202608201500,S,단리,F,자유적립식,6,2.3,2.3
030300,저축은행,2026-08-31T05:51:56+00:00,202608,0010537,한국투자저축은행,310031,한투 ACE m-정기적금(자유적립식),스마트폰,"- 1개월 이하 : 당초 약정이율과 만기시점 해당상품 신규기본이율 중 낮은 이율
- 1개월 초과 : 연 0.2%",없음,1,"만19세 이상, 실명의 내국인(개인)",계약금액 1만원이상(초입금 납입한도금액내 자유불입.단 2회차부터는 매월 입금합계액이 가입한도의 10/100 초과할수 없음),,20260820,,202608201500,S,단리,F,자유적립식,12,3.65,3.65
030300,저축은행,2026-08-31T05:51:56+00:00,202608,0010537,한국투자저축은행,310031,한투 ACE m-정기적금(자유적립식),스마트폰,"- 1개월 이하 : 당초 약정이율과 만기시점 해당상품 신규기본이율 중 낮은 이율
- 1개월 초과 : 연 0.2%",없음,1,"만19세 이상, 실명의 내국인(개인)",계약금액 1만원이상(초입금 납입한도금액내 자유불입.단 2회차부터는 매월 입금합계액이 가입한도의 10/100 초과할수 없음),,20260820,,202608201500,S,단리,F,자유적립식,24,2,2
030300,저축은행,2026-08-31T05:51:56+00:00,202608,0010537,한국투자저축은행,310031,한투 ACE m-정기적금(자유적립식),스마트폰,"- 1개월 이하 : 당초 약정이율과 만기시점 해당상품 신규기본이율 중 낮은 이율
- 1개월 초과 : 연 0.2%",없음,1,"만19세 이상, 실명의 내국인(개인)",계약금액 1만원이상(초입금 납입한도금액내 자유불입.단 2회차부터는 매월 입금합계액이 가입한도의 10/100 초과할수 없음),,20260820,,202608201500,S,단리,F,자유적립식,36,2,2
030300,저축은행,2026-08-31T05:51:56+00:00,202608,0010537,한국투자저축은행,310001,한투 ACE 정기적금,영업점,"- 1개월 이하 : 당초 약정이율과 만기시점 해당상품 신규기본이율 중 낮은 이율
- 1개월 초과 : 연 0.2%",없음,1,제한없음,계약금액 1만원이상(월부금제한없음),,20260820,,202608201500,S,단리,S,정액적립식,6,3.1,3.1
030300,저축은행,2026-08-31T05:51:56+00:00,202608,0010537,한국투자저축은행,310001,한투 ACE 정기적금,영업점,"- 1개월 이하 : 당초 약정이율과 만기시점 해당상품 신규기본이율 중 낮은 이율
- 1개월 초과 : 연 0.2%",없음,1,제한없음,계약금액 1만원이상(월부금제한없음),,20260820,,202608201500,S,단리,S,정액적립식,12,3.9,3.9
030300,저축은행,2026-08-31T05:51:56+00:00,202608,0010537,한국투자저축은행,310001,한투 ACE 정기적금,영업점,"- 1개월 이하 : 당초 약정이율과 만기시점 해당상품 신규기본이율 중 낮은 이율
- 1개월 초과 : 연 0.2%",없음,1,제한없음,계약금액 1만원이상(월부금제한없음),,20260820,,202608201500,S,단리,S,정액적립식,24,3.7,3.7
030300,저축은행,2026-08-31T05:51:56+00:00,202608,0010537,한국투자저축은행,310001,한투 ACE 정기적금,영업점,"- 1개월 이하 : 당초 약정이율과 만기시점 해당상품 신규기본이율 중 낮은 이율
- 1개월 초과 : 연 0.2%",없음,1,제한없음,계약금액 1만원이상(월부금제한없음),,20260820,,202608201500,S,단리,S,정액적립식,36,3.4,3.4
030300,저축은행,2026-08-31T05:51:56+00:00,202608,0010537,한국투자저축은행,310003,한투 ACE 정기적금(자유적립식),영업점,"- 1개월 이하 : 당초 약정이율과 만기시점 해당상품 신규기본이율 중 낮은 이율
- 1개월 초과 : 연 0.2%",없음,1,제한없음,계약금액 1만원이상(초입금 납입한도금액내 자유불입.단 2회차부터는 매월 입금합계액이 가입한도의 10/100 초과할수 없음),,20260820,,202608201500,S,단리,F,자유적립식,6,2.3,2.3
030300,저축은행,2026-08-31T05:51:56+00:00,202608,0010537,한국투자저축은행,310003,한투 ACE 정기적금(자유적립식),영업점,"- 1개월 이하 : 당초 약정이율과 만기시점 해당상품 신규기본이율 중 낮은 이율
- 1개월 초과 : 연 0.2%",없음,1,제한없음,계약금액 1만원이상(초입금 납입한도금액내 자유불입.단 2회차부터는 매월 입금합계액이 가입한도의 10/100 초과할수 없음),,20260820,,202608201500,S,단리,F,자유적립식,12,3.65,3.65
030300,저축은행,2026-08-31T05:51:56+00:00,202608,0010537,한국투자저축은행,310003,한투 ACE 정기적금(자유적립식),영업점,"- 1개월 이하 : 당초 약정이율과 만기시점 해당상품 신규기본이율 중 낮은 이율
- 1개월 초과 : 연 0.2%",없음,1,제한없음,계약금액 1만원이상(초입금 납입한도금액내 자유불입.단 2회차부터는 매월 입금합계액이 가입한도의 10/100 초과할수 없음),,20260820,,202608201500,S,단리,F,자유적립식,24,2,2
030300,저축은행,2026-08-31T05:51:56+00:00,202608,0010537,한국투자저축은행,310003,한투 ACE 정기적금(자유적립식),영업점,"- 1개월 이하 : 당초 약정이율과 만기시점 해당상품 신규기본이율 중 낮은 이율
- 1개월 초과 : 연 0.2%",없음,1,제한없음,계약금액 1만원이상(초입금 납입한도금액내 자유불입.단 2회차부터는 매월 입금합계액이 가입한도의 10/100 초과할수 없음),,20260820,,202608201500,S,단리,F,자유적립식,36,2,2
030300,저축은행,2026-08-31T05:51:56+00:00,202608,0010537,한국투자저축은행,310041,한투 알아서 중도해지안심정기적금,영업점,"- 1개월 이하 : 당초 약정이율과 만기시점 해당상품 신규기본이율 중 낮은 이율
- 1개월 초과 : 연 0.2%",없음,1,제한없음,"영업점방문(인터넷,비대면 처리 불가), 가입금액 월5만원 이상 100만원이하",1000000,20260820,,202608201500,S,단리,S,정액적립식,12,3.8,3.8
030300,저축은행,2026-08-31T05:51:56+00:00,202608,0010492,한성저축은행,31-0005,e-정기적금,인터넷,"- 만기후 1개월이내 : 가입시점 약정이율과 만기시점 현행이율 중 낮은이율 적용
- 만기후 1개월초과 : 만기후 1개월 초과시점의 보통예금 이율 적용",없음,1,제한없음,"* 중도해지이율
- 1개월미만 : 계약일의 보통예금 이율
- 1개월이상 6개월미만 : 약정이율의 50%
- 6개월이상 12개월미만 : 약정이율의 55%
- 12개월이상 : 약정이율의 60%
* 단, 최저금리는 보통예금이율 이상 적용",,20260820,,202608201500,S,단리,S,정액적립식,6,2.6,2.6
030300,저축은행,2026-08-31T05:51:56+00:00,202608,0010492,한성저축은행,31-0005,e-정기적금,인터넷,"- 만기후 1개월이내 : 가입시점 약정이율과 만기시점 현행이율 중 낮은이율 적용
- 만기후 1개월초과 : 만기후 1개월 초과시점의 보통예금 이율 적용",없음,1,제한없음,"* 중도해지이율
- 1개월미만 : 계약일의 보통예금 이율
- 1개월이상 6개월미만 : 약정이율의 50%
- 6개월이상 12개월미만 : 약정이율의 55%
- 12개월이상 : 약정이율의 60%
* 단, 최저금리는 보통예금이율 이상 적용",,20260820,,202608201500,M,복리,S,정액적립식,6,2.6,2.6
030300,저축은행,2026-08-31T05:51:56+00:00,202608,0010492,한성저축은행,31-0005,e-정기적금,인터넷,"- 만기후 1개월이내 : 가입시점 약정이율과 만기시점 현행이율 중 낮은이율 적용
- 만기후 1개월초과 : 만기후 1개월 초과시점의 보통예금 이율 적용",없음,1,제한없음,"* 중도해지이율
- 1개월미만 : 계약일의 보통예금 이율
- 1개월이상 6개월미만 : 약정이율의 50%
- 6개월이상 12개월미만 : 약정이율의 55%
- 12개월이상 : 약정이율의 60%
* 단, 최저금리는 보통예금이율 이상 적용",,20260820,,202608201500,S,단리,S,정액적립식,12,3.2,3.2
030300,저축은행,2026-08-31T05:51:56+00:00,202608,0010492,한성저축은행,31-0005,e-정기적금,인터넷,"- 만기후 1개월이내 : 가입시점 약정이율과 만기시점 현행이율 중 낮은이율 적용
- 만기후 1개월초과 : 만기후 1개월 초과시점의 보통예금 이율 적용",없음,1,제한없음,"* 중도해지이율
- 1개월미만 : 계약일의 보통예금 이율
- 1개월이상 6개월미만 : 약정이율의 50%
- 6개월이상 12개월미만 : 약정이율의 55%
- 12개월이상 : 약정이율의 60%
* 단, 최저금리는 보통예금이율 이상 적용",,20260820,,202608201500,M,복리,S,정액적립식,12,3.2,3.2
030300,저축은행,2026-08-31T05:51:56+00:00,202608,0010492,한성저축은행,31-0005,e-정기적금,인터넷,"- 만기후 1개월이내 : 가입시점 약정이율과 만기시점 현행이율 중 낮은이율 적용
- 만기후 1개월초과 : 만기후 1개월 초과시점의 보통예금 이율 적용",없음,1,제한없음,"* 중도해지이율
- 1개월미만 : 계약일의 보통예금 이율
- 1개월이상 6개월미만 : 약정이율의 50%
- 6개월이상 12개월미만 : 약정이율의 55%
- 12개월이상 : 약정이율의 60%
* 단, 최저금리는 보통예금이율 이상 적용",,20260820,,202608201500,S,단리,S,정액적립식,24,3.2,3.2
030300,저축은행,2026-08-31T05:51:56+00:00,202608,0010492,한성저축은행,31-0005,e-정기적금,인터넷,"- 만기후 1개월이내 : 가입시점 약정이율과 만기시점 현행이율 중 낮은이율 적용
- 만기후 1개월초과 : 만기후 1개월 초과시점의 보통예금 이율 적용",없음,1,제한없음,"* 중도해지이율
- 1개월미만 : 계약일의 보통예금 이율
- 1개월이상 6개월미만 : 약정이율의 50%
- 6개월이상 12개월미만 : 약정이율의 55%
- 12개월이상 : 약정이율의 60%
* 단, 최저금리는 보통예금이율 이상 적용",,20260820,,202608201500,M,복리,S,정액적립식,24,3.2,3.2
030300,저축은행,2026-08-31T05:51:56+00:00,202608,0010492,한성저축은행,31-0005,e-정기적금,인터넷,"- 만기후 1개월이내 : 가입시점 약정이율과 만기시점 현행이율 중 낮은이율 적용
- 만기후 1개월초과 : 만기후 1개월 초과시점의 보통예금 이율 적용",없음,1,제한없음,"* 중도해지이율
- 1개월미만 : 계약일의 보통예금 이율
- 1개월이상 6개월미만 : 약정이율의 50%
- 6개월이상 12개월미만 : 약정이율의 55%
- 12개월이상 : 약정이율의 60%
* 단, 최저금리는 보통예금이율 이상 적용",,20260820,,202608201500,S,단리,S,정액적립식,36,3.2,3.2
030300,저축은행,2026-08-31T05:51:56+00:00,202608,0010492,한성저축은행,31-0005,e-정기적금,인터넷,"- 만기후 1개월이내 : 가입시점 약정이율과 만기시점 현행이율 중 낮은이율 적용
- 만기후 1개월초과 : 만기후 1개월 초과시점의 보통예금 이율 적용",없음,1,제한없음,"* 중도해지이율
- 1개월미만 : 계약일의 보통예금 이율
- 1개월이상 6개월미만 : 약정이율의 50%
- 6개월이상 12개월미만 : 약정이율의 55%
- 12개월이상 : 약정이율의 60%
* 단, 최저금리는 보통예금이율 이상 적용",,20260820,,202608201500,M,복리,S,정액적립식,36,3.2,3.2
030300,저축은행,2026-08-31T05:51:56+00:00,202608,0010492,한성저축은행,31-0006,m-정기적금,스마트폰,"- 만기후 1개월이내 : 가입시점 약정이율과 만기시점 현행이율 중 낮은이율 적용
- 만기후 1개월초과 : 만기후 1개월 초과시점의 보통예금 이율 적용",없음,1,제한없음,"* 중도해지이율
- 1개월미만 : 계약일의 보통예금 이율
- 1개월이상 6개월미만 : 약정이율의 50%
- 6개월이상 12개월미만 : 약정이율의 55%
- 12개월이상 : 약정이율의 60%
* 단, 최저금리는 보통예금이율 이상 적용",,20260820,,202608201500,S,단리,S,정액적립식,6,2.6,2.6
030300,저축은행,2026-08-31T05:51:56+00:00,202608,0010492,한성저축은행,31-0006,m-정기적금,스마트폰,"- 만기후 1개월이내 : 가입시점 약정이율과 만기시점 현행이율 중 낮은이율 적용
- 만기후 1개월초과 : 만기후 1개월 초과시점의 보통예금 이율 적용",없음,1,제한없음,"* 중도해지이율
- 1개월미만 : 계약일의 보통예금 이율
- 1개월이상 6개월미만 : 약정이율의 50%
- 6개월이상 12개월미만 : 약정이율의 55%
- 12개월이상 : 약정이율의 60%
* 단, 최저금리는 보통예금이율 이상 적용",,20260820,,202608201500,M,복리,S,정액적립식,6,2.6,2.6
030300,저축은행,2026-08-31T05:51:56+00:00,202608,0010492,한성저축은행,31-0006,m-정기적금,스마트폰,"- 만기후 1개월이내 : 가입시점 약정이율과 만기시점 현행이율 중 낮은이율 적용
- 만기후 1개월초과 : 만기후 1개월 초과시점의 보통예금 이율 적용",없음,1,제한없음,"* 중도해지이율
- 1개월미만 : 계약일의 보통예금 이율
- 1개월이상 6개월미만 : 약정이율의 50%
- 6개월이상 12개월미만 : 약정이율의 55%
- 12개월이상 : 약정이율의 60%
* 단, 최저금리는 보통예금이율 이상 적용",,20260820,,202608201500,S,단리,S,정액적립식,12,3.2,3.2
030300,저축은행,2026-08-31T05:51:56+00:00,202608,0010492,한성저축은행,31-0006,m-정기적금,스마트폰,"- 만기후 1개월이내 : 가입시점 약정이율과 만기시점 현행이율 중 낮은이율 적용
- 만기후 1개월초과 : 만기후 1개월 초과시점의 보통예금 이율 적용",없음,1,제한없음,"* 중도해지이율
- 1개월미만 : 계약일의 보통예금 이율
- 1개월이상 6개월미만 : 약정이율의 50%
- 6개월이상 12개월미만 : 약정이율의 55%
- 12개월이상 : 약정이율의 60%
* 단, 최저금리는 보통예금이율 이상 적용",,20260820,,202608201500,M,복리,S,정액적립식,12,3.2,3.2
030300,저축은행,2026-08-31T05:51:56+00:00,202608,0010492,한성저축은행,31-0006,m-정기적금,스마트폰,"- 만기후 1개월이내 : 가입시점 약정이율과 만기시점 현행이율 중 낮은이율 적용
- 만기후 1개월초과 : 만기후 1개월 초과시점의 보통예금 이율 적용",없음,1,제한없음,"* 중도해지이율
- 1개월미만 : 계약일의 보통예금 이율
- 1개월이상 6개월미만 : 약정이율의 50%
- 6개월이상 12개월미만 : 약정이율의 55%
- 12개월이상 : 약정이율의 60%
* 단, 최저금리는 보통예금이율 이상 적용",,20260820,,202608201500,S,단리,S,정액적립식,24,3.2,3.2
030300,저축은행,2026-08-31T05:51:56+00:00,202608,0010492,한성저축은행,31-0006,m-정기적금,스마트폰,"- 만기후 1개월이내 : 가입시점 약정이율과 만기시점 현행이율 중 낮은이율 적용
- 만기후 1개월초과 : 만기후 1개월 초과시점의 보통예금 이율 적용",없음,1,제한없음,"* 중도해지이율
- 1개월미만 : 계약일의 보통예금 이율
- 1개월이상 6개월미만 : 약정이율의 50%
- 6개월이상 12개월미만 : 약정이율의 55%
- 12개월이상 : 약정이율의 60%
* 단, 최저금리는 보통예금이율 이상 적용",,20260820,,202608201500,M,복리,S,정액적립식,24,3.2,3.2
030300,저축은행,2026-08-31T05:51:56+00:00,202608,0010492,한성저축은행,31-0006,m-정기적금,스마트폰,"- 만기후 1개월이내 : 가입시점 약정이율과 만기시점 현행이율 중 낮은이율 적용
- 만기후 1개월초과 : 만기후 1개월 초과시점의 보통예금 이율 적용",없음,1,제한없음,"* 중도해지이율
- 1개월미만 : 계약일의 보통예금 이율
- 1개월이상 6개월미만 : 약정이율의 50%
- 6개월이상 12개월미만 : 약정이율의 55%
- 12개월이상 : 약정이율의 60%
* 단, 최저금리는 보통예금이율 이상 적용",,20260820,,202608201500,S,단리,S,정액적립식,36,3.2,3.2
030300,저축은행,2026-08-31T05:51:56+00:00,202608,0010492,한성저축은행,31-0006,m-정기적금,스마트폰,"- 만기후 1개월이내 : 가입시점 약정이율과 만기시점 현행이율 중 낮은이율 적용
- 만기후 1개월초과 : 만기후 1개월 초과시점의 보통예금 이율 적용",없음,1,제한없음,"* 중도해지이율
- 1개월미만 : 계약일의 보통예금 이율
- 1개월이상 6개월미만 : 약정이율의 50%
- 6개월이상 12개월미만 : 약정이율의 55%
- 12개월이상 : 약정이율의 60%
* 단, 최저금리는 보통예금이율 이상 적용",,20260820,,202608201500,M,복리,S,정액적립식,36,3.2,3.2
030300,저축은행,2026-08-31T05:51:56+00:00,202608,0010492,한성저축은행,31-0004,정기적금,영업점,"- 만기후 1개월이내 : 가입시점 약정이율과 만기시점 현행이율 중 낮은이율 적용
- 만기후 1개월초과 : 만기후 1개월 초과시점의 보통예금 이율 적용",없음,1,제한없음,"*방문가입
* 중도해지이율
- 1개월미만 : 계약일의 보통예금 이율
- 1개월이상 6개월미만 : 약정이율의 50%
- 6개월이상 12개월미만 : 약정이율의 55%
- 12개월이상 : 약정이율의 60%
* 단, 최저금리는 보통예금이율 이상 적용",,20260820,,202608201500,M,복리,S,정액적립식,6,2.6,2.6
030300,저축은행,2026-08-31T05:51:56+00:00,202608,0010492,한성저축은행,31-0004,정기적금,영업점,"- 만기후 1개월이내 : 가입시점 약정이율과 만기시점 현행이율 중 낮은이율 적용
- 만기후 1개월초과 : 만기후 1개월 초과시점의 보통예금 이율 적용",없음,1,제한없음,"*방문가입
* 중도해지이율
- 1개월미만 : 계약일의 보통예금 이율
- 1개월이상 6개월미만 : 약정이율의 50%
- 6개월이상 12개월미만 : 약정이율의 55%
- 12개월이상 : 약정이율의 60%
* 단, 최저금리는 보통예금이율 이상 적용",,20260820,,202608201500,S,단리,S,정액적립식,6,2.6,2.6
030300,저축은행,2026-08-31T05:51:56+00:00,202608,0010492,한성저축은행,31-0004,정기적금,영업점,"- 만기후 1개월이내 : 가입시점 약정이율과 만기시점 현행이율 중 낮은이율 적용
- 만기후 1개월초과 : 만기후 1개월 초과시점의 보통예금 이율 적용",없음,1,제한없음,"*방문가입
* 중도해지이율
- 1개월미만 : 계약일의 보통예금 이율
- 1개월이상 6개월미만 : 약정이율의 50%
- 6개월이상 12개월미만 : 약정이율의 55%
- 12개월이상 : 약정이율의 60%
* 단, 최저금리는 보통예금이율 이상 적용",,20260820,,202608201500,M,복리,S,정액적립식,12,3.2,3.2
030300,저축은행,2026-08-31T05:51:56+00:00,202608,0010492,한성저축은행,31-0004,정기적금,영업점,"- 만기후 1개월이내 : 가입시점 약정이율과 만기시점 현행이율 중 낮은이율 적용
- 만기후 1개월초과 : 만기후 1개월 초과시점의 보통예금 이율 적용",없음,1,제한없음,"*방문가입
* 중도해지이율
- 1개월미만 : 계약일의 보통예금 이율
- 1개월이상 6개월미만 : 약정이율의 50%
- 6개월이상 12개월미만 : 약정이율의 55%
- 12개월이상 : 약정이율의 60%
* 단, 최저금리는 보통예금이율 이상 적용",,20260820,,202608201500,S,단리,S,정액적립식,12,3.2,3.2
030300,저축은행,2026-08-31T05:51:56+00:00,202608,0010492,한성저축은행,31-0004,정기적금,영업점,"- 만기후 1개월이내 : 가입시점 약정이율과 만기시점 현행이율 중 낮은이율 적용
- 만기후 1개월초과 : 만기후 1개월 초과시점의 보통예금 이율 적용",없음,1,제한없음,"*방문가입
* 중도해지이율
- 1개월미만 : 계약일의 보통예금 이율
- 1개월이상 6개월미만 : 약정이율의 50%
- 6개월이상 12개월미만 : 약정이율의 55%
- 12개월이상 : 약정이율의 60%
* 단, 최저금리는 보통예금이율 이상 적용",,20260820,,202608201500,M,복리,S,정액적립식,24,3.2,3.2
030300,저축은행,2026-08-31T05:51:56+00:00,202608,0010492,한성저축은행,31-0004,정기적금,영업점,"- 만기후 1개월이내 : 가입시점 약정이율과 만기시점 현행이율 중 낮은이율 적용
- 만기후 1개월초과 : 만기후 1개월 초과시점의 보통예금 이율 적용",없음,1,제한없음,"*방문가입
* 중도해지이율
- 1개월미만 : 계약일의 보통예금 이율
- 1개월이상 6개월미만 : 약정이율의 50%
- 6개월이상 12개월미만 : 약정이율의 55%
- 12개월이상 : 약정이율의 60%
* 단, 최저금리는 보통예금이율 이상 적용",,20260820,,202608201500,S,단리,S,정액적립식,24,3.2,3.2
030300,저축은행,2026-08-31T05:51:56+00:00,202608,0010492,한성저축은행,31-0004,정기적금,영업점,"- 만기후 1개월이내 : 가입시점 약정이율과 만기시점 현행이율 중 낮은이율 적용
- 만기후 1개월초과 : 만기후 1개월 초과시점의 보통예금 이율 적용",없음,1,제한없음,"*방문가입
* 중도해지이율
- 1개월미만 : 계약일의 보통예금 이율
- 1개월이상 6개월미만 : 약정이율의 50%
- 6개월이상 12개월미만 : 약정이율의 55%
- 12개월이상 : 약정이율의 60%
* 단, 최저금리는 보통예금이율 이상 적용",,20260820,,202608201500,M,복리,S,정액적립식,36,3.2,3.2
030300,저축은행,2026-08-31T05:51:56+00:00,202608,0010492,한성저축은행,31-0004,정기적금,영업점,"- 만기후 1개월이내 : 가입시점 약정이율과 만기시점 현행이율 중 낮은이율 적용
- 만기후 1개월초과 : 만기후 1개월 초과시점의 보통예금 이율 적용",없음,1,제한없음,"*방문가입
* 중도해지이율
- 1개월미만 : 계약일의 보통예금 이율
- 1개월이상 6개월미만 : 약정이율의 50%
- 6개월이상 12개월미만 : 약정이율의 55%
- 12개월이상 : 약정이율의 60%
* 단, 최저금리는 보통예금이율 이상 적용",,20260820,,202608201500,S,단리,S,정액적립식,36,3.2,3.2
030300,저축은행,2026-08-31T05:51:56+00:00,202608,0010477,한화저축은행,310051,Mymo 정기적금,스마트폰,"- 만기 후 1개월 이하: 만기일 현재 금리 적용
- 만기 후 1개월 초과: 보통예금 이율",없음,1,자체앱(Mymo) 전용,자체앱(Mymo) 전용,,20260820,,202608201500,S,단리,S,정액적립식,6,2.75,2.75
030300,저축은행,2026-08-31T05:51:56+00:00,202608,0010477,한화저축은행,310051,Mymo 정기적금,스마트폰,"- 만기 후 1개월 이하: 만기일 현재 금리 적용
- 만기 후 1개월 초과: 보통예금 이율",없음,1,자체앱(Mymo) 전용,자체앱(Mymo) 전용,,20260820,,202608201500,S,단리,S,정액적립식,12,3.55,3.55
030300,저축은행,2026-08-31T05:51:56+00:00,202608,0010477,한화저축은행,310051,Mymo 정기적금,스마트폰,"- 만기 후 1개월 이하: 만기일 현재 금리 적용
- 만기 후 1개월 초과: 보통예금 이율",없음,1,자체앱(Mymo) 전용,자체앱(Mymo) 전용,,20260820,,202608201500,S,단리,S,정액적립식,24,3.55,3.55
030300,저축은행,2026-08-31T05:51:56+00:00,202608,0010477,한화저축은행,310051,Mymo 정기적금,스마트폰,"- 만기 후 1개월 이하: 만기일 현재 금리 적용
- 만기 후 1개월 초과: 보통예금 이율",없음,1,자체앱(Mymo) 전용,자체앱(Mymo) 전용,,20260820,,202608201500,S,단리,S,정액적립식,36,3.55,3.55
030300,저축은행,2026-08-31T05:51:56+00:00,202608,0010477,한화저축은행,310039,e뱅킹정기적금,"인터넷,스마트폰","- 만기 후 1개월 이하: 만기일 현재 금리 적용
- 만기 후 1개월 초과: 보통예금 이율",없음,1,"인터넷뱅킹, 스마트폰뱅킹 전용",없음,,20260820,,202608201500,S,단리,F,자유적립식,6,2.05,2.05
030300,저축은행,2026-08-31T05:51:56+00:00,202608,0010477,한화저축은행,310039,e뱅킹정기적금,"인터넷,스마트폰","- 만기 후 1개월 이하: 만기일 현재 금리 적용
- 만기 후 1개월 초과: 보통예금 이율",없음,1,"인터넷뱅킹, 스마트폰뱅킹 전용",없음,,20260820,,202608201500,S,단리,S,정액적립식,6,2.75,2.75
030300,저축은행,2026-08-31T05:51:56+00:00,202608,0010477,한화저축은행,310039,e뱅킹정기적금,"인터넷,스마트폰","- 만기 후 1개월 이하: 만기일 현재 금리 적용
- 만기 후 1개월 초과: 보통예금 이율",없음,1,"인터넷뱅킹, 스마트폰뱅킹 전용",없음,,20260820,,202608201500,S,단리,F,자유적립식,12,2.85,2.85
030300,저축은행,2026-08-31T05:51:56+00:00,202608,0010477,한화저축은행,310039,e뱅킹정기적금,"인터넷,스마트폰","- 만기 후 1개월 이하: 만기일 현재 금리 적용
- 만기 후 1개월 초과: 보통예금 이율",없음,1,"인터넷뱅킹, 스마트폰뱅킹 전용",없음,,20260820,,202608201500,S,단리,S,정액적립식,12,3.55,3.55
030300,저축은행,2026-08-31T05:51:56+00:00,202608,0010477,한화저축은행,310039,e뱅킹정기적금,"인터넷,스마트폰","- 만기 후 1개월 이하: 만기일 현재 금리 적용
- 만기 후 1개월 초과: 보통예금 이율",없음,1,"인터넷뱅킹, 스마트폰뱅킹 전용",없음,,20260820,,202608201500,S,단리,F,자유적립식,24,2.85,2.85
030300,저축은행,2026-08-31T05:51:56+00:00,202608,0010477,한화저축은행,310039,e뱅킹정기적금,"인터넷,스마트폰","- 만기 후 1개월 이하: 만기일 현재 금리 적용
- 만기 후 1개월 초과: 보통예금 이율",없음,1,"인터넷뱅킹, 스마트폰뱅킹 전용",없음,,20260820,,202608201500,S,단리,S,정액적립식,24,3.55,3.55
030300,저축은행,2026-08-31T05:51:56+00:00,202608,0010477,한화저축은행,310039,e뱅킹정기적금,"인터넷,스마트폰","- 만기 후 1개월 이하: 만기일 현재 금리 적용
- 만기 후 1개월 초과: 보통예금 이율",없음,1,"인터넷뱅킹, 스마트폰뱅킹 전용",없음,,20260820,,202608201500,S,단리,F,자유적립식,36,2.85,2.85
030300,저축은행,2026-08-31T05:51:56+00:00,202608,0010477,한화저축은행,310039,e뱅킹정기적금,"인터넷,스마트폰","- 만기 후 1개월 이하: 만기일 현재 금리 적용
- 만기 후 1개월 초과: 보통예금 이율",없음,1,"인터넷뱅킹, 스마트폰뱅킹 전용",없음,,20260820,,202608201500,S,단리,S,정액적립식,36,3.55,3.55
030300,저축은행,2026-08-31T05:51:56+00:00,202608,0010477,한화저축은행,310037,한화가족사랑정기적금,영업점,"- 만기 후 1개월 이하: 만기일 현재 금리 적용
- 만기 후 1개월 초과: 보통예금 이율",없음,1,없음,없음,,20260820,,202608201500,S,단리,F,자유적립식,6,2,2
030300,저축은행,2026-08-31T05:51:56+00:00,202608,0010477,한화저축은행,310037,한화가족사랑정기적금,영업점,"- 만기 후 1개월 이하: 만기일 현재 금리 적용
- 만기 후 1개월 초과: 보통예금 이율",없음,1,없음,없음,,20260820,,202608201500,S,단리,S,정액적립식,6,2.7,2.7
030300,저축은행,2026-08-31T05:51:56+00:00,202608,0010477,한화저축은행,310037,한화가족사랑정기적금,영업점,"- 만기 후 1개월 이하: 만기일 현재 금리 적용
- 만기 후 1개월 초과: 보통예금 이율",없음,1,없음,없음,,20260820,,202608201500,S,단리,F,자유적립식,12,2.8,2.8
030300,저축은행,2026-08-31T05:51:56+00:00,202608,0010477,한화저축은행,310037,한화가족사랑정기적금,영업점,"- 만기 후 1개월 이하: 만기일 현재 금리 적용
- 만기 후 1개월 초과: 보통예금 이율",없음,1,없음,없음,,20260820,,202608201500,S,단리,S,정액적립식,12,3.5,3.5
030300,저축은행,2026-08-31T05:51:56+00:00,202608,0010477,한화저축은행,310037,한화가족사랑정기적금,영업점,"- 만기 후 1개월 이하: 만기일 현재 금리 적용
- 만기 후 1개월 초과: 보통예금 이율",없음,1,없음,없음,,20260820,,202608201500,S,단리,F,자유적립식,24,2.8,2.8
030300,저축은행,2026-08-31T05:51:56+00:00,202608,0010477,한화저축은행,310037,한화가족사랑정기적금,영업점,"- 만기 후 1개월 이하: 만기일 현재 금리 적용
- 만기 후 1개월 초과: 보통예금 이율",없음,1,없음,없음,,20260820,,202608201500,S,단리,S,정액적립식,24,3.5,3.5
030300,저축은행,2026-08-31T05:51:56+00:00,202608,0010477,한화저축은행,310037,한화가족사랑정기적금,영업점,"- 만기 후 1개월 이하: 만기일 현재 금리 적용
- 만기 후 1개월 초과: 보통예금 이율",없음,1,없음,없음,,20260820,,202608201500,S,단리,F,자유적립식,36,2.8,2.8
030300,저축은행,2026-08-31T05:51:56+00:00,202608,0010477,한화저축은행,310037,한화가족사랑정기적금,영업점,"- 만기 후 1개월 이하: 만기일 현재 금리 적용
- 만기 후 1개월 초과: 보통예금 이율",없음,1,없음,없음,,20260820,,202608201500,S,단리,S,정액적립식,36,3.5,3.5
030300,저축은행,2026-08-31T05:51:56+00:00,202608,0010416,흥국저축은행,310005,E-정기적금,인터넷,"- 1개월 이내: 신규시점 약정이율과 만기시점 약정이율 중 낮은이율
- 1개월 초과: 현행 보통예금 이율",없음,1,제한없음,없음,,20260820,,202608201500,M,복리,S,정액적립식,6,3,3
030300,저축은행,2026-08-31T05:51:56+00:00,202608,0010416,흥국저축은행,310005,E-정기적금,인터넷,"- 1개월 이내: 신규시점 약정이율과 만기시점 약정이율 중 낮은이율
- 1개월 초과: 현행 보통예금 이율",없음,1,제한없음,없음,,20260820,,202608201500,S,단리,S,정액적립식,6,3,3
030300,저축은행,2026-08-31T05:51:56+00:00,202608,0010416,흥국저축은행,310005,E-정기적금,인터넷,"- 1개월 이내: 신규시점 약정이율과 만기시점 약정이율 중 낮은이율
- 1개월 초과: 현행 보통예금 이율",없음,1,제한없음,없음,,20260820,,202608201500,M,복리,S,정액적립식,12,3.5,3.5
030300,저축은행,2026-08-31T05:51:56+00:00,202608,0010416,흥국저축은행,310005,E-정기적금,인터넷,"- 1개월 이내: 신규시점 약정이율과 만기시점 약정이율 중 낮은이율
- 1개월 초과: 현행 보통예금 이율",없음,1,제한없음,없음,,20260820,,202608201500,S,단리,S,정액적립식,12,3.5,3.5
030300,저축은행,2026-08-31T05:51:56+00:00,202608,0010416,흥국저축은행,310005,E-정기적금,인터넷,"- 1개월 이내: 신규시점 약정이율과 만기시점 약정이율 중 낮은이율
- 1개월 초과: 현행 보통예금 이율",없음,1,제한없음,없음,,20260820,,202608201500,M,복리,S,정액적립식,24,3.5,3.5
030300,저축은행,2026-08-31T05:51:56+00:00,202608,0010416,흥국저축은행,310005,E-정기적금,인터넷,"- 1개월 이내: 신규시점 약정이율과 만기시점 약정이율 중 낮은이율
- 1개월 초과: 현행 보통예금 이율",없음,1,제한없음,없음,,20260820,,202608201500,S,단리,S,정액적립식,24,3.5,3.5
030300,저축은행,2026-08-31T05:51:56+00:00,202608,0010416,흥국저축은행,310005,E-정기적금,인터넷,"- 1개월 이내: 신규시점 약정이율과 만기시점 약정이율 중 낮은이율
- 1개월 초과: 현행 보통예금 이율",없음,1,제한없음,없음,,20260820,,202608201500,M,복리,S,정액적립식,36,3.5,3.5
030300,저축은행,2026-08-31T05:51:56+00:00,202608,0010416,흥국저축은행,310005,E-정기적금,인터넷,"- 1개월 이내: 신규시점 약정이율과 만기시점 약정이율 중 낮은이율
- 1개월 초과: 현행 보통예금 이율",없음,1,제한없음,없음,,20260820,,202608201500,S,단리,S,정액적립식,36,3.5,3.5
030300,저축은행,2026-08-31T05:51:56+00:00,202608,0010416,흥국저축은행,310006,S-정기적금,스마트폰,"- 1개월 이내: 신규시점 약정이율과 만기시점 약정이율 중 낮은이율
- 1개월 초과: 현행 보통예금 이율",없음,1,제한없음,없음,,20260820,,202608201500,S,단리,S,정액적립식,6,3,3
030300,저축은행,2026-08-31T05:51:56+00:00,202608,0010416,흥국저축은행,310006,S-정기적금,스마트폰,"- 1개월 이내: 신규시점 약정이율과 만기시점 약정이율 중 낮은이율
- 1개월 초과: 현행 보통예금 이율",없음,1,제한없음,없음,,20260820,,202608201500,M,복리,S,정액적립식,6,3,3
030300,저축은행,2026-08-31T05:51:56+00:00,202608,0010416,흥국저축은행,310006,S-정기적금,스마트폰,"- 1개월 이내: 신규시점 약정이율과 만기시점 약정이율 중 낮은이율
- 1개월 초과: 현행 보통예금 이율",없음,1,제한없음,없음,,20260820,,202608201500,S,단리,S,정액적립식,12,3.5,3.5
030300,저축은행,2026-08-31T05:51:56+00:00,202608,0010416,흥국저축은행,310006,S-정기적금,스마트폰,"- 1개월 이내: 신규시점 약정이율과 만기시점 약정이율 중 낮은이율
- 1개월 초과: 현행 보통예금 이율",없음,1,제한없음,없음,,20260820,,202608201500,M,복리,S,정액적립식,12,3.5,3.5
030300,저축은행,2026-08-31T05:51:56+00:00,202608,0010416,흥국저축은행,310006,S-정기적금,스마트폰,"- 1개월 이내: 신규시점 약정이율과 만기시점 약정이율 중 낮은이율
- 1개월 초과: 현행 보통예금 이율",없음,1,제한없음,없음,,20260820,,202608201500,S,단리,S,정액적립식,24,3.5,3.5
030300,저축은행,2026-08-31T05:51:56+00:00,202608,0010416,흥국저축은행,310006,S-정기적금,스마트폰,"- 1개월 이내: 신규시점 약정이율과 만기시점 약정이율 중 낮은이율
- 1개월 초과: 현행 보통예금 이율",없음,1,제한없음,없음,,20260820,,202608201500,M,복리,S,정액적립식,24,3.5,3.5
030300,저축은행,2026-08-31T05:51:56+00:00,202608,0010416,흥국저축은행,310006,S-정기적금,스마트폰,"- 1개월 이내: 신규시점 약정이율과 만기시점 약정이율 중 낮은이율
- 1개월 초과: 현행 보통예금 이율",없음,1,제한없음,없음,,20260820,,202608201500,S,단리,S,정액적립식,36,3.5,3.5
030300,저축은행,2026-08-31T05:51:56+00:00,202608,0010416,흥국저축은행,310006,S-정기적금,스마트폰,"- 1개월 이내: 신규시점 약정이율과 만기시점 약정이율 중 낮은이율
- 1개월 초과: 현행 보통예금 이율",없음,1,제한없음,없음,,20260820,,202608201500,M,복리,S,정액적립식,36,3.5,3.5
030300,저축은행,2026-08-31T05:51:56+00:00,202608,0010416,흥국저축은행,310012,비대면 정기적금,스마트폰,"- 1개월 이내: 신규시점 약정이율과 만기시점 약정이율 중 낮은이율
- 1개월 초과: 현행 보통예금 이율",없음,1,제한없음,없음,,20260820,,202608201500,S,단리,S,정액적립식,6,3,3
030300,저축은행,2026-08-31T05:51:56+00:00,202608,0010416,흥국저축은행,310012,비대면 정기적금,스마트폰,"- 1개월 이내: 신규시점 약정이율과 만기시점 약정이율 중 낮은이율
- 1개월 초과: 현행 보통예금 이율",없음,1,제한없음,없음,,20260820,,202608201500,M,복리,S,정액적립식,6,3,3
030300,저축은행,2026-08-31T05:51:56+00:00,202608,0010416,흥국저축은행,310012,비대면 정기적금,스마트폰,"- 1개월 이내: 신규시점 약정이율과 만기시점 약정이율 중 낮은이율
- 1개월 초과: 현행 보통예금 이율",없음,1,제한없음,없음,,20260820,,202608201500,S,단리,S,정액적립식,12,3.5,3.5
030300,저축은행,2026-08-31T05:51:56+00:00,202608,0010416,흥국저축은행,310012,비대면 정기적금,스마트폰,"- 1개월 이내: 신규시점 약정이율과 만기시점 약정이율 중 낮은이율
- 1개월 초과: 현행 보통예금 이율",없음,1,제한없음,없음,,20260820,,202608201500,M,복리,S,정액적립식,12,3.5,3.5
030300,저축은행,2026-08-31T05:51:56+00:00,202608,0010416,흥국저축은행,310012,비대면 정기적금,스마트폰,"- 1개월 이내: 신규시점 약정이율과 만기시점 약정이율 중 낮은이율
- 1개월 초과: 현행 보통예금 이율",없음,1,제한없음,없음,,20260820,,202608201500,S,단리,S,정액적립식,24,3.5,3.5
030300,저축은행,2026-08-31T05:51:56+00:00,202608,0010416,흥국저축은행,310012,비대면 정기적금,스마트폰,"- 1개월 이내: 신규시점 약정이율과 만기시점 약정이율 중 낮은이율
- 1개월 초과: 현행 보통예금 이율",없음,1,제한없음,없음,,20260820,,202608201500,M,복리,S,정액적립식,24,3.5,3.5
030300,저축은행,2026-08-31T05:51:56+00:00,202608,0010416,흥국저축은행,310012,비대면 정기적금,스마트폰,"- 1개월 이내: 신규시점 약정이율과 만기시점 약정이율 중 낮은이율
- 1개월 초과: 현행 보통예금 이율",없음,1,제한없음,없음,,20260820,,202608201500,S,단리,S,정액적립식,36,3.5,3.5
030300,저축은행,2026-08-31T05:51:56+00:00,202608,0010416,흥국저축은행,310012,비대면 정기적금,스마트폰,"- 1개월 이내: 신규시점 약정이율과 만기시점 약정이율 중 낮은이율
- 1개월 초과: 현행 보통예금 이율",없음,1,제한없음,없음,,20260820,,202608201500,M,복리,S,정액적립식,36,3.5,3.5
030300,저축은행,2026-08-31T05:51:56+00:00,202608,0010416,흥국저축은행,310001,정기적금,영업점,"- 1개월 이내: 신규시점 약정이율과 만기시점 약정이율 중 낮은이율
- 1개월 초과: 현행 보통예금 이율",없음,1,제한없음,없음,,20260820,,202608201500,S,단리,S,정액적립식,6,3,3
030300,저축은행,2026-08-31T05:51:56+00:00,202608,0010416,흥국저축은행,310001,정기적금,영업점,"- 1개월 이내: 신규시점 약정이율과 만기시점 약정이율 중 낮은이율
- 1개월 초과: 현행 보통예금 이율",없음,1,제한없음,없음,,20260820,,202608201500,M,복리,S,정액적립식,6,3,3
030300,저축은행,2026-08-31T05:51:56+00:00,202608,0010416,흥국저축은행,310001,정기적금,영업점,"- 1개월 이내: 신규시점 약정이율과 만기시점 약정이율 중 낮은이율
- 1개월 초과: 현행 보통예금 이율",없음,1,제한없음,없음,,20260820,,202608201500,S,단리,S,정액적립식,12,3.5,3.5
030300,저축은행,2026-08-31T05:51:56+00:00,202608,0010416,흥국저축은행,310001,정기적금,영업점,"- 1개월 이내: 신규시점 약정이율과 만기시점 약정이율 중 낮은이율
- 1개월 초과: 현행 보통예금 이율",없음,1,제한없음,없음,,20260820,,202608201500,M,복리,S,정액적립식,12,3.5,3.5
030300,저축은행,2026-08-31T05:51:56+00:00,202608,0010416,흥국저축은행,310001,정기적금,영업점,"- 1개월 이내: 신규시점 약정이율과 만기시점 약정이율 중 낮은이율
- 1개월 초과: 현행 보통예금 이율",없음,1,제한없음,없음,,20260820,,202608201500,S,단리,S,정액적립식,24,3.5,3.5
030300,저축은행,2026-08-31T05:51:56+00:00,202608,0010416,흥국저축은행,310001,정기적금,영업점,"- 1개월 이내: 신규시점 약정이율과 만기시점 약정이율 중 낮은이율
- 1개월 초과: 현행 보통예금 이율",없음,1,제한없음,없음,,20260820,,202608201500,M,복리,S,정액적립식,24,3.5,3.5
030300,저축은행,2026-08-31T05:51:56+00:00,202608,0010416,흥국저축은행,310001,정기적금,영업점,"- 1개월 이내: 신규시점 약정이율과 만기시점 약정이율 중 낮은이율
- 1개월 초과: 현행 보통예금 이율",없음,1,제한없음,없음,,20260820,,202608201500,S,단리,S,정액적립식,36,3.5,3.5
030300,저축은행,2026-08-31T05:51:56+00:00,202608,0010416,흥국저축은행,310001,정기적금,영업점,"- 1개월 이내: 신규시점 약정이율과 만기시점 약정이율 중 낮은이율
- 1개월 초과: 현행 보통예금 이율",없음,1,제한없음,없음,,20260820,,202608201500,M,복리,S,정액적립식,36,3.5,3.5
030300,저축은행,2026-08-31T05:51:56+00:00,202608,0010416,흥국저축은행,310009,정기적금(자유적립식),영업점,"- 1개월 이내: 신규시점 약정이율과 만기시점 약정이율 중 낮은이율
- 1개월 초과: 현행 보통예금 이율",없음,1,제한없음,없음,30000000,20260820,,202608201500,M,복리,F,자유적립식,6,3,3
030300,저축은행,2026-08-31T05:51:56+00:00,202608,0010416,흥국저축은행,310009,정기적금(자유적립식),영업점,"- 1개월 이내: 신규시점 약정이율과 만기시점 약정이율 중 낮은이율
- 1개월 초과: 현행 보통예금 이율",없음,1,제한없음,없음,30000000,20260820,,202608201500,S,단리,F,자유적립식,6,3,3
030300,저축은행,2026-08-31T05:51:56+00:00,202608,0010416,흥국저축은행,310009,정기적금(자유적립식),영업점,"- 1개월 이내: 신규시점 약정이율과 만기시점 약정이율 중 낮은이율
- 1개월 초과: 현행 보통예금 이율",없음,1,제한없음,없음,30000000,20260820,,202608201500,M,복리,F,자유적립식,12,3.5,3.5
030300,저축은행,2026-08-31T05:51:56+00:00,202608,0010416,흥국저축은행,310009,정기적금(자유적립식),영업점,"- 1개월 이내: 신규시점 약정이율과 만기시점 약정이율 중 낮은이율
- 1개월 초과: 현행 보통예금 이율",없음,1,제한없음,없음,30000000,20260820,,202608201500,S,단리,F,자유적립식,12,3.5,3.5
030300,저축은행,2026-08-31T05:51:56+00:00,202608,0010416,흥국저축은행,310009,정기적금(자유적립식),영업점,"- 1개월 이내: 신규시점 약정이율과 만기시점 약정이율 중 낮은이율
- 1개월 초과: 현행 보통예금 이율",없음,1,제한없음,없음,30000000,20260820,,202608201500,M,복리,F,자유적립식,24,3.5,3.5
030300,저축은행,2026-08-31T05:51:56+00:00,202608,0010416,흥국저축은행,310009,정기적금(자유적립식),영업점,"- 1개월 이내: 신규시점 약정이율과 만기시점 약정이율 중 낮은이율
- 1개월 초과: 현행 보통예금 이율",없음,1,제한없음,없음,30000000,20260820,,202608201500,S,단리,F,자유적립식,24,3.5,3.5
030300,저축은행,2026-08-31T05:51:56+00:00,202608,0010416,흥국저축은행,310009,정기적금(자유적립식),영업점,"- 1개월 이내: 신규시점 약정이율과 만기시점 약정이율 중 낮은이율
- 1개월 초과: 현행 보통예금 이율",없음,1,제한없음,없음,30000000,20260820,,202608201500,M,복리,F,자유적립식,36,3.5,3.5
030300,저축은행,2026-08-31T05:51:56+00:00,202608,0010416,흥국저축은행,310009,정기적금(자유적립식),영업점,"- 1개월 이내: 신규시점 약정이율과 만기시점 약정이율 중 낮은이율
- 1개월 초과: 현행 보통예금 이율",없음,1,제한없음,없음,30000000,20260820,,202608201500,S,단리,F,자유적립식,36,3.5,3.5
